SET character_set_client = utf8mb4;
SET character_set_connection = utf8mb4;
SET character_set_results = utf8mb4;


-- CREATE DATABASE IF NOT EXISTS justudy_test;

-- USE justudy_test;
CREATE DATABASE IF NOT EXISTS justudy;

USE justudy;

DROP TABLE IF EXISTS report;
DROP TABLE IF EXISTS ranking;
DROP TABLE IF EXISTS room_activity;
DROP TABLE IF EXISTS study_room;
DROP TABLE IF EXISTS study_resume;
DROP TABLE IF EXISTS study_member;
DROP TABLE IF EXISTS study_frequency;
DROP TABLE IF EXISTS study_community_comment;
DROP TABLE IF EXISTS study_community_love;
DROP TABLE IF EXISTS study_community_bookmark;
DROP TABLE IF EXISTS study_community;
DROP TABLE IF EXISTS study;
DROP TABLE IF EXISTS community_comment;
DROP TABLE IF EXISTS community_love;
DROP TABLE IF EXISTS community_bookmark;
DROP TABLE IF EXISTS community;
DROP TABLE IF EXISTS follow;
DROP TABLE IF EXISTS member_activity;
DROP TABLE IF EXISTS member_category;
DROP TABLE IF EXISTS `member`;
DROP TABLE IF EXISTS category;
DROP TABLE IF EXISTS upload_file;



create table if not exists upload_file (
	upload_file_seq bigint not null auto_increment,
    store_filename varchar(255),
    upload_filename varchar(255),
    primary key (upload_file_seq)
) ENGINE=InnoDB DEFAULT CHARSET=utf8mb4 COLLATE=utf8mb4_unicode_ci;

create table if not exists category (
	category_seq bigint not null auto_increment,
    category_level bigint,
    category_key varchar(255),
    category_value varchar(255),
    image_seq bigint,
    parent_seq bigint,
    primary key (category_seq),
    foreign key (image_seq) references upload_file (upload_file_seq),
    foreign key (parent_seq) references category (category_seq)
) ENGINE=InnoDB DEFAULT CHARSET=utf8mb4 COLLATE=utf8mb4_unicode_ci;

create table if not exists `member` (
	member_seq bigint not null auto_increment,
	upload_file_seq bigint not null,
    member_user_id varchar(255) not null,
    member_password varchar(255) not null,
    member_username varchar(255) not null,
    member_nickname varchar(255) not null,
    member_ssafy_id varchar(255) not null,
    member_mm_id varchar(255) not null,
    member_phone varchar(255) not null,
    member_email varchar(255) not null,
    member_region varchar(255) not null,
    member_dream varchar(255),
    member_introduction varchar(2000),
    member_role varchar(255),
    member_status varchar(255),
    member_level varchar(255),
    member_badge_count integer,
    member_is_deleted bit,
    member_is_banned bit,
    member_created_time datetime(6),
    member_modified_time datetime(6),
    primary key (member_seq),
    foreign key (upload_file_seq) references upload_file (upload_file_seq)
) ENGINE=InnoDB DEFAULT CHARSET=utf8mb4 COLLATE=utf8mb4_unicode_ci;

create table if not exists member_category (
	member_category_seq bigint not null auto_increment,
    member_seq bigint not null,
    category_seq bigint not null,
    primary key (member_category_seq),
    foreign key (member_seq) references `member` (member_seq),
    foreign key (category_seq) references category (category_seq)
) ENGINE=InnoDB DEFAULT CHARSET=utf8mb4 COLLATE=utf8mb4_unicode_ci;

create table if not exists member_activity (
	member_activity_seq bigint not null auto_increment,
    member_seq bigint not null,
    member_activity_date date,
    member_activity_time bigint,
    member_activity_category varchar(255),
    primary key (member_activity_seq),
    foreign key (member_seq) references `member` (member_seq)
) ENGINE=InnoDB DEFAULT CHARSET=utf8mb4 COLLATE=utf8mb4_unicode_ci;

create table if not exists follow (
	follow_seq bigint not null auto_increment,
    from_member_seq bigint not null,
    to_member_seq bigint not null,
    follow_created_time datetime(6),
    primary key (follow_seq),
    foreign key (from_member_seq) references `member` (member_seq),
    foreign key (to_member_seq) references `member` (member_seq)
) ENGINE=InnoDB DEFAULT CHARSET=utf8mb4 COLLATE=utf8mb4_unicode_ci;

create table if not exists community (
	community_seq bigint not null auto_increment,
    member_seq bigint not null,
    category_seq bigint not null,
    community_title varchar(255),
    community_content longtext,
    community_view_count integer,
    community_love_count integer,
    community_week_love_count integer,
    community_created_time datetime(6),
    community_modified_time datetime(6),
    community_is_deleted tinyint(1),
    community_is_highlighted tinyint(1),
    primary key (community_seq),
    foreign key (member_seq) references `member` (member_seq),
    foreign key (category_seq) references category (category_seq)
) ENGINE=InnoDB DEFAULT CHARSET=utf8mb4 COLLATE=utf8mb4_unicode_ci;

create table if not exists community_bookmark (
	bookmark_seq bigint not null auto_increment,
    member_seq bigint not null,
    community_seq bigint not null,
    bookmark_created_time datetime(6),
    primary key (bookmark_seq)
) ENGINE=InnoDB DEFAULT CHARSET=utf8mb4 COLLATE=utf8mb4_unicode_ci;

create table if not exists community_love (
	love_seq bigint not null auto_increment,
    member_seq bigint not null,
    community_seq bigint not null,
    love_created_time datetime(6),
    primary key (love_seq)
) ENGINE=InnoDB DEFAULT CHARSET=utf8mb4 COLLATE=utf8mb4_unicode_ci;

create table if not exists community_comment (
	comment_seq bigint not null auto_increment,
    member_seq bigint not null,
    community_seq bigint not null,
    comment_content varchar(2000),
    comment_created_time datetime(6),
    comment_modified_time datetime(6),
    comment_is_deleted tinyint(1),
    comment_group integer,
    comment_order integer,
    comment_parent_seq bigint,
    comment_step integer,
    comment_child_number integer,
    primary key (comment_seq),
    foreign key (member_seq) references `member` (member_seq),
    foreign key (community_seq) references community (community_seq)
) ENGINE=InnoDB DEFAULT CHARSET=utf8mb4 COLLATE=utf8mb4_unicode_ci;

create table if not exists study (
	study_seq bigint not null auto_increment,
    study_category_seq bigint not null,
    upload_file_seq bigint,
    study_name varchar(255) not null,
    study_leader_seq bigint not null,
    study_introduction varchar(2000),
    study_population integer,
    study_level varchar(255),
    study_meeting varchar(255),
    study_is_open TINYINT(1),
    study_github varchar(255),
    study_notion varchar(255),
    study_created_time datetime(6),
    study_modified_time datetime(6),
    study_start_time varchar(255),
    study_on_air TINYINT(1),
    primary key (study_seq),
    foreign key (study_category_seq) references category (category_seq),
    foreign key (upload_file_seq) references upload_file (upload_file_seq)
) ENGINE=InnoDB DEFAULT CHARSET=utf8mb4 COLLATE=utf8mb4_unicode_ci;

create table if not exists study_community (
	study_community_seq bigint not null auto_increment,
    member_seq bigint not null,
    study_seq bigint not null,
    study_community_title varchar(255),
    study_community_content longtext,
    study_community_view_count integer,
    study_community_love_count integer,
    study_community_week_love_count integer,
    study_community_created_time datetime(6),
    study_community_modified_time datetime(6),
    study_community_is_deleted tinyint(1),
    study_community_is_highlighted tinyint(1),
    primary key (study_community_seq),
    foreign key (member_seq) references `member` (member_seq),
    foreign key (study_seq) references study (study_seq)
) ENGINE=InnoDB DEFAULT CHARSET=utf8mb4 COLLATE=utf8mb4_unicode_ci;

create table if not exists study_community_bookmark (
		study_bookmark_seq bigint not null auto_increment,
		member_sequence bigint not null,
        community_sequence bigint not null,
        created_time datetime(6),
        primary key (study_bookmark_seq)
) ENGINE=InnoDB DEFAULT CHARSET=utf8mb4 COLLATE=utf8mb4_unicode_ci;

create table if not exists study_community_love (
		study_love_seq bigint not null auto_increment,
		member_sequence bigint not null,
        study_community_sequence bigint not null,
        created_time datetime(6),
        primary key (study_love_seq)
) ENGINE=InnoDB DEFAULT CHARSET=utf8mb4 COLLATE=utf8mb4_unicode_ci;

create table if not exists study_community_comment (
		study_comment_seq bigint not null auto_increment,
		member_seq bigint not null,
		community_seq bigint not null,
		study_comment_content varchar(2000),
        study_comment_created_time datetime(6),
		study_comment_modified_time datetime(6),
		study_comment_is_deleted TINYINT(1),
        study_comment_group integer,
        study_comment_order integer,
        study_comment_parent_seq bigint,
		study_comment_step integer,
		study_comment_child_number integer,
        primary key (study_comment_seq),
        foreign key (member_seq) references `member` (member_seq),
        foreign key (community_seq) references study_community (study_community_seq)
) ENGINE=InnoDB DEFAULT CHARSET=utf8mb4 COLLATE=utf8mb4_unicode_ci;

create table if not exists study_frequency (
	study_frequency_seq bigint not null auto_increment,
    study_seq bigint not null,
    study_frequency_week varchar(255),
    study_frequency_start_time time,
    study_frequency_end_time time,
    study_frequency_created_time datetime(6),
    study_frequency_modified_time datetime(6),
    primary key (study_frequency_seq),
    foreign key (study_seq) references study (study_seq)
) ENGINE=InnoDB DEFAULT CHARSET=utf8mb4 COLLATE=utf8mb4_unicode_ci;

create table if not exists study_member (
	study_member_seq bigint not null auto_increment,
    member_seq bigint not null,
    study_seq bigint not null,
    study_member_alarm tinyint(1),
    study_member_badge integer,
    study_member_created_time datetime(6),
    study_member_modified_time datetime(6),
    primary key (study_member_seq),
    foreign key (member_seq) references `member` (member_seq),
    foreign key (study_seq) references study (study_seq)
) ENGINE=InnoDB DEFAULT CHARSET=utf8mb4 COLLATE=utf8mb4_unicode_ci;

create table if not exists study_resume(
	study_resume_seq bigint not null auto_increment,
	member_seq bigint not null, 
    study_seq bigint not null,
    content varchar(2000),
    respond varchar(2000),
    created_time datetime(6),
    modified_time datetime(6),
    responded_time datetime(6),
    primary key (study_resume_seq),
	foreign key (member_seq) references `member` (member_seq),
	foreign key (study_seq) references study (study_seq)
) ENGINE=InnoDB DEFAULT CHARSET=utf8mb4 COLLATE=utf8mb4_unicode_ci;


create table if not exists study_room (
	room_seq bigint not null auto_increment,
    study_seq bigint not null,
    study_room_uuid varchar(255),
    primary key (room_seq),
    foreign key (study_seq) references study (study_seq)
) ENGINE=InnoDB DEFAULT CHARSET=utf8mb4 COLLATE=utf8mb4_unicode_ci;

create table if not exists room_activity (
	room_activity_seq bigint not null auto_increment,
    study_room_seq bigint not null,
    room_activity_date date,
    room_activity_time bigint,
    room_activity_category varchar(255),
    primary key (room_activity_seq),
    foreign key (study_room_seq) references study_room (room_seq)
) ENGINE=InnoDB DEFAULT CHARSET=utf8mb4 COLLATE=utf8mb4_unicode_ci;

create table if not exists ranking (
	rank_seq bigint not null auto_increment,
    rank_group varchar(255),
    rank_type varchar(255),
    rank_order integer,
    rank_name varchar(255),
    rank_time bigint,
    rank_image bigint,
    rank_target_seq bigint,
    primary key (rank_seq)
) ENGINE=InnoDB DEFAULT CHARSET=utf8mb4 COLLATE=utf8mb4_unicode_ci;

create table if not exists report (
	dtype varchar(31) not null,
    report_seq bigint not null auto_increment,
    reporter_seq bigint not null,
    target_seq bigint not null,
    report_content varchar(255),
    report_created_time datetime(6),
    report_is_finished bit,
    report_finished_time datetime(6),
    member_seq bigint,
	community_seq bigint,
    comment_seq bigint,
    study_seq bigint,
    primary key (report_seq),
    foreign key (reporter_seq) references `member` (member_seq),
    foreign key (member_seq) references `member` (member_seq),
    foreign key (community_seq) references community (community_seq),
    foreign key (comment_seq) references community_comment (comment_seq),
    foreign key (study_seq) references study (study_seq)
) ENGINE=InnoDB DEFAULT CHARSET=utf8mb4 COLLATE=utf8mb4_unicode_ci;

INSERT INTO upload_file VALUES 
	(0, "basic_member.png", "basic_member.png"),
    (0, "basic_frontend.jpg", "basic_frontend.jpg"),
    (0, "basic_backend.png", "basic_backend.png"),
    (0, "basic_infra.png", "basic_infra.png"),
    (0, "basic_mobile.jpg", "basic_mobile.jpg"),
    (0, "basic_algorithm.png", "basic_algorithm.png"),
    (0, "basic_computer_science.png", "basic_computer_science.png"),
    (0, "basic_project.jpg", "basic_project.jpg"),
    (0, "basic_etc.jpg", "basic_etc.jpg"),
    (0, "javascript.png", "javascript.png"),
    (0, "typescript.png", "typescript.png"),
    (0, "react.PNG", "react.PNG"),
    (0, "vue.png", "vue.png"),
    (0, "nuxtjs.PNG", "nuxtjs.PNG"),
    (0, "svelte.png", "svelte.png"),
    (0, "java.PNG", "java.PNG"),
    (0, "spring.PNG", "spring.PNG"),
    (0, "nodejs.PNG", "nodejs.PNG"),
    (0, "nestjs.PNG", "nestjs.PNG"),
    (0, "go.PNG", "go.PNG"),
    (0, "kotlin_back.PNG", "kotlin_back.PNG"),
    (0, "express.PNG", "express.PNG"),
    (0, "python.PNG", "python.PNG"),
    (0, "django.PNG", "django.PNG"),
    (0, "php.PNG", "php.PNG"),
    (0, "mysql.PNG", "mysql.PNG"),
    (0, "mongodb.PNG", "mongodb.PNG"),
    (0, "docker.PNG", "docker.PNG"),
    (0, "kubernetes.PNG", "kubernetes.PNG"),
    (0, "aws.png", "aws.png"),
    (0, "jenkins.PNG", "jenkins.PNG"),
    (0, "flutter.PNG", "flutter.PNG"),
    (0, "swift.PNG", "swift.PNG"),
    (0, "kotlin_mobile.PNG", "kotlin_mobile.PNG"),
    (0, "react_native.PNG", "react_native.PNG"),
    (0, "bronze.PNG", "bronze.PNG"),
    (0, "silver.PNG", "silver.PNG"),
    (0, "gold.PNG", "gold.PNG"),
    (0, "platinum.PNG", "platinum.PNG"),
    (0, "computer.png", "computer.png"),
	(0, "computer.png", "computer.png"),
	(0, "computer.png", "computer.png"),
	(0, "computer.png", "computer.png"),
	(0, "computer.png", "computer.png"),
    (0, "git.PNG", "git.PNG"),
    (0, "figma.PNG", "figma.PNG");


-- main category
INSERT INTO category VALUES 
	(0, 0, "frontend", "FRONT-END", null, null),
    (0, 0, "backend", "BACK-END", null, null),
    (0, 0, "infra", "INFRA", null, null),
    (0, 0, "mobile", "MOBILE", null, null),
    (0, 0, "algorithm", "ALGORITHM", null, null),
    (0, 0, "computer-science", "CS", null, null),
    (0, 0, "project", "PROJECT", null, null),
    (0, 0, "etc", "ETC", null, null);
    
-- front category
INSERT INTO category VALUES 
	(0, 1, "javascript", "JavaScript", 10, 1),
    (0, 1, "typescript", "TypeScript", 11, 1),
    (0, 1, "react", "React", 12, 1),
    (0, 1, "vue", "Vue", 13, 1),
    (0, 1, "nuxtjs", "NuxtJs", 14, 1),
    (0, 1, "svelte", "Svelte", 15, 1);

-- backend category
INSERT INTO category VALUES 
	(0, 1,"java", "Java", 16, 2),
    (0, 1, "spring", "Spring", 17, 2),
    (0, 1,"nodejs", "NodeJs", 18, 2),
    (0, 1, "nestjs", "NestJs", 19, 2),
    (0, 1, "go", "Go", 20, 2),
    (0, 1, "kotlinBackend", "Kotlin", 21, 2),
    (0, 1, "express", "Express", 22, 2),
    (0, 1, "python", "Python", 23, 2),
    (0, 1, "django", "Django", 24, 2),
    (0, 1, "php", "php", 25, 2),
    (0, 1, "mysql", "MySql", 26, 2),
    (0, 1, "mongodb", "MongoDB", 27, 2);
    
-- infra category
INSERT INTO category VALUES 
	(0, 1, "docker", "Docker", 28, 3),
    (0, 1, "kubernetes", "Kubernetes", 29, 3),
    (0, 1, "aws", "AWS", 30, 3),
    (0, 1, "jenkins", "Jenkins", 31, 3);

-- mobile category
INSERT INTO category VALUES 
	(0, 1, "flutter", "Flutter", 32, 4),
    (0, 1, "swift", "Swift", 33, 4),
    (0, 1, "kotlinMobile", "Kotlin", 34, 4),
    (0, 1, "react-native", "ReactNative", 35, 4);

-- algorithm category
INSERT INTO category VALUES 
	(0, 1, "bronze", "Bronze", 36, 5),
    (0, 1, "silver", "Silver", 37, 5),
    (0, 1, "gold", "Gold", 38, 5),
    (0, 1, "platinum", "Platinum", 39, 5);

-- CS category
INSERT INTO category VALUES 
	(0, 1, "dataStructure", "자료구조", 40, 6),
    (0, 1, "operatingSystem", "운영체제", 41, 6),
    (0, 1, "network", "네트워크", 42, 6),
    (0, 1, "computer-architecture", "컴퓨터구조", 43, 6);
    
-- Project category
INSERT INTO category VALUES
	(0, 1, "project", "Project", 44, 7);

-- ETC category
INSERT INTO category VALUES 
	(0, 1,"git", "Git", 45, 8),
    (0, 1, "figma", "Figma", 46, 8);
    
INSERT INTO `member` (
  `member_seq`,
  `member_badge_count` ,
  `member_created_time` ,
  `member_dream` ,
  `member_email` ,
  `member_introduction` ,
  `member_is_banned` ,
  `member_is_deleted`,
  `member_level` ,
  `member_mm_id` ,
  `member_modified_time` ,
  `member_nickname` ,
  `member_password` ,
  `member_phone`,
  `member_region` ,
  `member_role` ,
  `member_ssafy_id` ,
  `member_status` ,
  `member_user_id` ,
  `member_username`,
  `upload_file_seq`
)VALUES 
    (1,10,'2023-02-14 01:46:33',"백엔드 개발자가 되고 싶어요!",'testEmail1@ssafy.com',"백엔드 개발자가 되고 싶어요!",_binary '\0',_binary '\0','BEGINNER','mmTest1','2023-02-14 01:46:33','잠든건','$2a$10$lYp8lAUrcGyt9qA5nCJs.u7pQRaUYIU40/5Yxf7I0AZ7ctoMzMZYa','01037601229','SEOUL','USER','0812455','ONLINE','test1','홍길동',1),
    (2,15,'2023-02-14 01:46:34',"네카라쿠베당토가고싶다",'testEmail2@ssafy.com',"네카라쿠베당토가고싶다",_binary '\0',_binary '\0','MIDDLE','mmTest2','2023-02-14 01:46:34','추적60인분','$2a$10$VxRO.lmbZE4KQVElmJDt2e5Wqf/YKKMCuuxl/bJSzsrVS7/.aP6US','01037601229','SEOUL','USER','0821234','BUSY','test2','홍길동',1),
    (3,55,'2023-02-14 01:46:34',"디비 마스터가 꿈입니다",'testEmail3@ssafy.com',"디비 마스터가 꿈입니다",_binary '\0',_binary '\0','MIDDLE','mmTest3','2023-02-14 01:46:34','오드리될뻔','$2a$10$Ch9RJ/wZh.foO.IR5cp6R.cXtDYrL45HQAnTwRlnDPIuGH6cSH6C.','01037601229','GUMI','USER','0831235','ONLINE','test3','홍길동',1),
    (4,23,'2023-02-14 01:46:34',"리액트의 신",'testEmail4@ssafy.com',"리액트의 신",_binary '\0',_binary '\0','BEGINNER','mmTest4','2023-02-14 01:46:34','올리비아핫바','$2a$10$V4jL21YfshxEJ7kKF8P8muIevdwQaPzUFNd6ii1EXpuOr36/bWqjK','01037601229','GUMI','USER','0841236','ONLINE','test4','홍길동',1),
    (5,100,'2023-02-14 01:46:34',"모든 오류는 내가 잡는다 내가 바로 오의석",'testEmail5@ssafy.com',"모든 오류는 내가 잡는다 내가 바로 오의석",_binary '\0',_binary '\0','BEGINNER','mmTest5','2023-02-14 01:46:34','친정간금자씨','$2a$10$UVj.RntxxH.cTDtNRGSwuevL5YAGnHqxFO1ImrpZ6H1SYlusgkvrO','01037601229','SEOUL','USER','0851238','EMPTY','test5','홍길동',1),
    (6,12,'2023-02-14 01:46:34',"kurento 마스터 오의석",'testEmail6@ssafy.com',"kurento 마스터 오의석",_binary '\0',_binary '\0','ADVANCED','mmTest6','2023-02-14 01:46:34','옥수수콧수염차','$2a$10$ycvJWAlc.Z4oRUXeJ6myYOyyphw0maRSlyCGDE/oV2SiR9EkTTOp6','01037601229','GUMI','USER','0861290','ONLINE','test6','홍길동',1),
    (7,1,'2023-02-14 01:46:34',"백엔드 개발자가 되고 싶어요!",'testEmail7@ssafy.com',"백엔드 개발자가 되고 싶어요!",_binary '\0',_binary '\0','BEGINNER','mmTest7','2023-02-14 01:46:34','은하철도구부려','$2a$10$nHGdjuhuL6HQ3cn/yl/sZ.r4MYeEEzofBoCyN.0QzLoPpKcuRMujm','01037601229','BUWOOLKYUNG','USER','0871251','BUSY','test7','홍길동',1),
    (8,0,'2023-02-14 01:46:34',"네카라쿠베당토가고싶다",'testEmail8@ssafy.com',"네카라쿠베당토가고싶다",_binary '\0',_binary '\0','MIDDLE','mmTest8','2023-02-14 01:46:34','카드값줘체리','$2a$10$A1d1Hn6oD0GpCSG9FHdxfOZsEB3VVzwGC11PHo8ViD1FOPHslYpcW','01037601229','BUWOOLKYUNG','USER','0881421','OFFLINE','test8','홍길동',1),
    (9,3,'2023-02-14 01:46:34',"디비 마스터가 꿈입니다",'testEmail9@ssafy.com',"디비 마스터가 꿈입니다",_binary '\0',_binary '\0','MIDDLE','mmTest9','2023-02-14 01:46:34','순대렐라','$2a$10$tLpCkNRQbTAPlhpO1n/uf.kGDA/TaRpMXF2OTVlcTvJp2Olz4emXu','01037602299','SEOUL','USER','0891753','BUSY','test9','홍길동',1),
    (10,0,'2023-02-14 01:46:34',"리액트의 신",'testEmail10@ssafy.com',"리액트의 신",_binary '\0',_binary '\0','BEGINNER','mmTest10','2023-02-14 01:46:34','모르는게산책','$2a$10$SaSgSksJ1aXEtJSrbmsh3ecrVVFwEXJevUT4aeECxAY/aLLYKzwd6','01037601229','SEOUL','USER','0811987','ONLINE','test10','홍길동',1),
    (11,5,'2023-02-14 01:46:34',"모든 오류는 내가 잡는다 내가 바로 오의석",'testEmail11@ssafy.com',"모든 오류는 내가 잡는다 내가 바로 오의석",_binary '\0',_binary '\0','BEGINNER','mmTest11','2023-02-14 01:46:34','배트맨교향곡','$2a$10$WqWj3MQMYghqH4nARGk1XOn6LDfPmti7xTAGybj6ka1886.DzLwPu','01037601229','SEOUL','USER','0811','ONLINE','test11','홍길동',1),
    (12,0,'2023-02-14 01:46:34',"kurento 마스터 오의석",'testEmail12@ssafy.com',"kurento 마스터 오의석",_binary '\0',_binary '\0','BEGINNER','mmTest12','2023-02-14 01:46:34','봉구스박보검','$2a$10$cDAmmqQBUhpRAfGSXGCsaejdy.G1PzbaXjItVvVSX8HPFk5tSNEfi','01037601229','DAEJEON','USER','0812765','OFFLINE','test12','홍길동',1),
    (13,0,'2023-02-14 01:46:35',"백엔드 개발자가 되고 싶어요!",'testEmail13@ssafy.com',"백엔드 개발자가 되고 싶어요!",_binary '\0',_binary '\0','ADVANCED','mmTest13','2023-02-14 01:46:35','맥모닝불여일견','$2a$10$vj1GYZiWJTPs5GZwiyD6UO7Aeoxivd43589zPmD6GQVsQJpj0qxQe','01037601229','SEOUL','USER','0813645','ONLINE','test13','홍길동',1),
    (14,1,'2023-02-14 01:46:35',"네카라쿠베당토가고싶다",'testEmail14@ssafy.com',"네카라쿠베당토가고싶다",_binary '\0',_binary '\0','MIDDLE','mmTest14','2023-02-14 01:46:35','베네딕트자대배치','$2a$10$VqG/GIy7YNANMCZXh1LUfec7Zcb9/BYSBShOzR00EuvapwZoFCqC2','01037601229','SEOUL','USER','0814123','ONLINE','test14','홍길동',1),
    (15,0,'2023-02-14 01:46:35',"디비 마스터가 꿈입니다",'testEmail15@ssafy.com',"디비 마스터가 꿈입니다",_binary '\0',_binary '\0','ADVANCED','mmTest15','2023-02-14 01:46:35','빛과송금','$2a$10$Xj/vcFZRe2Z.KAD6hEzae.m6DVvIVtf7o1tvURgoYW02UyFBadM1O','01037601229','DAEJEON','USER','0815554','BUSY','test15','홍길동',1),
    (16,0,'2023-02-14 01:46:35',"리액트의 신",'testEmail16@ssafy.com',"리액트의 신",_binary '\0',_binary '\0','BEGINNER','mmTest16','2023-02-14 01:46:35','봇16','$2a$10$XTghcFFL3snkW3UWFv0VxOZSZA2RezTAewd3CwOhg4FQ6PxeaLsge','01037601229','SEOUL','USER','0816983','ONLINE','test16','홍길동',1),
    (17,0,'2023-02-14 01:46:35',"모든 오류는 내가 잡는다 내가 바로 오의석",'testEmail17@ssafy.com',"모든 오류는 내가 잡는다 내가 바로 오의석",_binary '\0',_binary '\0','BEGINNER','mmTest17','2023-02-14 01:46:35','피자헛둘셋넷','$2a$10$rS7J1NSnTzQjHdxir1Z39OiB1I/TGBi/8uKpPT2zrPPXll.YH.Gy.','01037601229','SEOUL','USER','0817989','OFFLINE','test17','홍길동',1),
    (18,2,'2023-02-14 01:46:35',"kurento 마스터 오의석",'testEmail18@ssafy.com',"kurento 마스터 오의석",_binary '\0',_binary '\0','MIDDLE','mmTest18','2023-02-14 01:46:35','캡틴아메리카노','$2a$10$noI1xFLvz18CicTSpRZXFOpaofdZttlPpXGS6ft6.Vp0GiEZCWWQS','01037601229','SEOUL','USER','0818878','BUSY','test18','홍길동',1),
    (19,0,'2023-02-14 01:46:35',"devops가 꿈인 초보 개발자입니다",'testEmail19@ssafy.com',"devops가 꿈인 초보 개발자입니다",_binary '\0',_binary '\0','BEGINNER','mmTest19','2023-02-14 01:46:35','오즈의 맙소사','$2a$10$3KH4FdqBu6EhCFLOAbcexuNJ.FUREHctb1MI2I3TqU6n0Jd7uZ3by','01037601229','DAEJEON','USER','0819565','OFFLINE','test19','홍길동',1),
    (20,8,'2023-02-14 01:46:35',"함께 JPA 공부하실분 구하고 있어요",'testEmail20@ssafy.com',"함께 JPA 공부하실분 구하고 있어요",_binary '\0',_binary '\0','ADVANCED','mmTest20','2023-02-14 01:46:35','경찰청철찰살','$2a$10$BwuyoCoEEaPA2ESlaOtXm.oxe7E.f28W3Pb/0owJMFK/ljE4mu/1y','01037601229','BUWOOLKYUNG','USER','0820323','ONLINE','test20','홍길동',1),
    (21,8,'2023-02-14 01:46:35',"관리자 계정",'testEmail20@ssafy.com',"관리자 계정",_binary '\0',_binary '\0','ADVANCED','mmTest20','2023-02-14 01:46:35','관리자','$2a$10$bfR4PhFooAEcJ8tEoTq4kO/zzROT8u314x1wU6SYwfBg8wBlpbSPK','01037601229','SEOUL','ADMIN','0000000','ONLINE','root','주인',1),
    (22,8,'2023-02-14 01:46:35',"관리자 계정",'testEmail20@ssafy.com',"관리자 계정",_binary '\0',_binary '\0','ADVANCED','mmTest20','2023-02-14 01:46:35','관리자2','$2a$10$bfR4PhFooAEcJ8tEoTq4kO/zzROT8u314x1wU6SYwfBg8wBlpbSPK','01037601229','SEOUL','ADMIN','0000001','ONLINE','admin','관리자',1);
    
INSERT INTO follow VALUES 
		(0, 1, 2, now()),
        (0, 1, 3, now()),
        (0, 1, 4, now()),
        (0, 1, 5, now()),
        (0, 1, 6, now()),
        (0, 1, 7, now()),
        (0, 10, 1, now()),
        (0, 11, 1, now()),
        (0, 12, 1, now()),
        (0, 13, 1, now()),
        (0, 14, 1, now()),
        (0, 15, 1, now()),
        (0, 16, 1, now()),
        (0, 17, 1, now()),
        (0, 2, 1, now()),
        (0, 2, 20, now()),
        (0, 3, 4, now()),
        (0, 4, 5, now()),
        (0, 5, 7, now()),
        (0, 8, 10, now()),
        (0, 10, 3, now()),
        (0, 11, 15, now()),
        (0, 12, 11, now());

INSERT INTO member_category VALUES
	(0, 1, 15), (0, 1, 16), (0, 1, 30),
    (0, 2, 17), (0, 2, 18),
    (0, 3, 9), (0, 3, 10),
    (0, 4, 13), (0, 4, 15),
    (0, 5, 27), (0, 5, 28),
    (0, 6, 39), (0, 6, 40),
    (0, 7, 29), (0, 7, 30),
    (0, 8, 40), (0, 8, 41),
    (0, 9, 44), (0, 9, 45),
    (0, 10, 17), (0, 10, 12), (0, 10, 13),
	(0, 11, 15), (0, 11, 16),
    (0, 12, 20), (0, 12, 23),
    (0, 13, 22), (0, 13, 23),
    (0, 14, 25), (0, 14, 26),
    (0, 15, 10), (0, 15, 13),
    (0, 16, 14), (0, 16, 11),
    (0, 17, 9), (0, 17, 10),
    (0, 18, 11), (0, 18, 12),
    (0, 19, 15), (0, 19, 16),
    (0, 20, 20), (0, 20, 15);


INSERT INTO `member_activity` (
  `member_activity_seq` ,
  `member_activity_category` ,
  `member_activity_date` ,
  `member_activity_time` ,
  `member_seq` )
  VALUES (1,'FRONT-END','2023-02-13',21,1),(2,'FRONT-END','2023-02-12',12,1),(3,'FRONT-END','2023-02-11',29,1),(4,'FRONT-END','2023-02-10',2,1),(5,'FRONT-END','2023-02-09',22,1),(6,'FRONT-END','2023-02-08',6,1),(7,'FRONT-END','2023-02-07',44,1),(8,'FRONT-END','2023-02-06',44,1),(9,'FRONT-END','2023-02-05',34,1),(10,'FRONT-END','2023-02-04',25,1),(11,'BACK-END','2023-02-03',14,1),(12,'BACK-END','2023-02-02',45,1),(13,'BACK-END','2023-02-01',31,1),(14,'BACK-END','2023-01-31',11,1),(15,'BACK-END','2023-01-30',18,1),(16,'BACK-END','2023-01-29',33,1),(17,'BACK-END','2023-01-28',42,1),(18,'BACK-END','2023-01-27',44,1),(19,'BACK-END','2023-01-26',45,1),(20,'BACK-END','2023-01-25',33,1),(21,'INFRA','2023-01-24',25,1),(22,'INFRA','2023-01-23',22,1),(23,'INFRA','2023-01-22',5,1),(24,'INFRA','2023-01-21',41,1),(25,'INFRA','2023-01-20',3,1),(26,'INFRA','2023-01-19',38,1),(27,'INFRA','2023-01-18',26,1),(28,'INFRA','2023-01-17',20,1),(29,'INFRA','2023-01-16',45,1),(30,'INFRA','2023-01-15',40,1),(31,'MOBILE','2023-02-13',29,1),(32,'MOBILE','2023-02-12',48,1),(33,'MOBILE','2023-02-11',16,1),(34,'MOBILE','2023-02-10',2,1),(35,'MOBILE','2023-02-09',7,1),(36,'MOBILE','2023-02-08',27,1),(37,'MOBILE','2023-02-07',12,1),(38,'MOBILE','2023-02-06',35,1),(39,'MOBILE','2023-02-05',14,1),(40,'MOBILE','2023-02-04',13,1),(41,'ALGORITHM','2023-02-03',6,1),(42,'ALGORITHM','2023-02-02',8,1),(43,'ALGORITHM','2023-02-01',3,1),(44,'ALGORITHM','2023-01-31',8,1),(45,'ALGORITHM','2023-01-30',43,1),(46,'ALGORITHM','2023-01-29',37,1),(47,'ALGORITHM','2023-01-28',8,1),(48,'ALGORITHM','2023-01-27',37,1),(49,'ALGORITHM','2023-01-26',23,1),(50,'ALGORITHM','2023-01-25',27,1),(51,'CS','2023-01-24',4,1),(52,'CS','2023-01-23',15,1),(53,'CS','2023-01-22',2,1),(54,'CS','2023-01-21',25,1),(55,'CS','2023-01-20',29,1),(56,'CS','2023-01-19',2,1),(57,'CS','2023-01-18',2,1),(58,'CS','2023-01-17',46,1),(59,'CS','2023-01-16',34,1),(60,'CS','2023-01-15',36,1),(61,'FRONT-END','2023-02-13',4,2),(62,'FRONT-END','2023-02-12',26,2),(63,'FRONT-END','2023-02-11',17,2),(64,'FRONT-END','2023-02-10',49,2),(65,'FRONT-END','2023-02-09',5,2),(66,'FRONT-END','2023-02-08',0,2),(67,'FRONT-END','2023-02-07',41,2),(68,'FRONT-END','2023-02-06',22,2),(69,'FRONT-END','2023-02-05',31,2),(70,'FRONT-END','2023-02-04',11,2),(71,'BACK-END','2023-02-03',45,2),(72,'BACK-END','2023-02-02',28,2),(73,'BACK-END','2023-02-01',33,2),(74,'BACK-END','2023-01-31',3,2),(75,'BACK-END','2023-01-30',21,2),(76,'BACK-END','2023-01-29',2,2),(77,'BACK-END','2023-01-28',17,2),(78,'BACK-END','2023-01-27',33,2),(79,'BACK-END','2023-01-26',14,2),(80,'BACK-END','2023-01-25',32,2),(81,'INFRA','2023-01-24',43,2),(82,'INFRA','2023-01-23',41,2),(83,'INFRA','2023-01-22',18,2),(84,'INFRA','2023-01-21',45,2),(85,'INFRA','2023-01-20',36,2),(86,'INFRA','2023-01-19',4,2),(87,'INFRA','2023-01-18',38,2),(88,'INFRA','2023-01-17',7,2),(89,'INFRA','2023-01-16',16,2),(90,'INFRA','2023-01-15',23,2),(91,'MOBILE','2023-02-13',8,2),(92,'MOBILE','2023-02-12',19,2),(93,'MOBILE','2023-02-11',4,2),(94,'MOBILE','2023-02-10',44,2),(95,'MOBILE','2023-02-09',33,2),(96,'MOBILE','2023-02-08',22,2),(97,'MOBILE','2023-02-07',18,2),(98,'MOBILE','2023-02-06',27,2),(99,'MOBILE','2023-02-05',27,2),(100,'MOBILE','2023-02-04',33,2),(101,'ALGORITHM','2023-02-03',30,2),(102,'ALGORITHM','2023-02-02',24,2),(103,'ALGORITHM','2023-02-01',38,2),(104,'ALGORITHM','2023-01-31',28,2),(105,'ALGORITHM','2023-01-30',9,2),(106,'ALGORITHM','2023-01-29',25,2),(107,'ALGORITHM','2023-01-28',49,2),(108,'ALGORITHM','2023-01-27',16,2),(109,'ALGORITHM','2023-01-26',38,2),(110,'ALGORITHM','2023-01-25',45,2),(111,'CS','2023-01-24',4,2),(112,'CS','2023-01-23',2,2),(113,'CS','2023-01-22',2,2),(114,'CS','2023-01-21',39,2),(115,'CS','2023-01-20',35,2),(116,'CS','2023-01-19',11,2),(117,'CS','2023-01-18',15,2),(118,'CS','2023-01-17',19,2),(119,'CS','2023-01-16',7,2),(120,'CS','2023-01-15',43,2),(121,'FRONT-END','2023-02-13',37,3),(122,'FRONT-END','2023-02-12',32,3),(123,'FRONT-END','2023-02-11',27,3),(124,'FRONT-END','2023-02-10',17,3),(125,'FRONT-END','2023-02-09',8,3),(126,'FRONT-END','2023-02-08',13,3),(127,'FRONT-END','2023-02-07',39,3),(128,'FRONT-END','2023-02-06',32,3),(129,'FRONT-END','2023-02-05',15,3),(130,'FRONT-END','2023-02-04',25,3),(131,'BACK-END','2023-02-03',49,3),(132,'BACK-END','2023-02-02',9,3),(133,'BACK-END','2023-02-01',14,3),(134,'BACK-END','2023-01-31',40,3),(135,'BACK-END','2023-01-30',30,3),(136,'BACK-END','2023-01-29',3,3),(137,'BACK-END','2023-01-28',45,3),(138,'BACK-END','2023-01-27',16,3),(139,'BACK-END','2023-01-26',8,3),(140,'BACK-END','2023-01-25',13,3),(141,'INFRA','2023-01-24',33,3),(142,'INFRA','2023-01-23',42,3),(143,'INFRA','2023-01-22',47,3),(144,'INFRA','2023-01-21',2,3),(145,'INFRA','2023-01-20',29,3),(146,'INFRA','2023-01-19',48,3),(147,'INFRA','2023-01-18',18,3),(148,'INFRA','2023-01-17',2,3),(149,'INFRA','2023-01-16',7,3),(150,'INFRA','2023-01-15',17,3),(151,'MOBILE','2023-02-13',21,3),(152,'MOBILE','2023-02-12',19,3),(153,'MOBILE','2023-02-11',2,3),(154,'MOBILE','2023-02-10',5,3),(155,'MOBILE','2023-02-09',47,3),(156,'MOBILE','2023-02-08',22,3),(157,'MOBILE','2023-02-07',22,3),(158,'MOBILE','2023-02-06',20,3),(159,'MOBILE','2023-02-05',21,3),(160,'MOBILE','2023-02-04',0,3),(161,'ALGORITHM','2023-02-03',33,3),(162,'ALGORITHM','2023-02-02',43,3),(163,'ALGORITHM','2023-02-01',0,3),(164,'ALGORITHM','2023-01-31',33,3),(165,'ALGORITHM','2023-01-30',38,3),(166,'ALGORITHM','2023-01-29',0,3),(167,'ALGORITHM','2023-01-28',42,3),(168,'ALGORITHM','2023-01-27',16,3),(169,'ALGORITHM','2023-01-26',32,3),(170,'ALGORITHM','2023-01-25',3,3),(171,'CS','2023-01-24',32,3),(172,'CS','2023-01-23',42,3),(173,'CS','2023-01-22',31,3),(174,'CS','2023-01-21',41,3),(175,'CS','2023-01-20',9,3),(176,'CS','2023-01-19',9,3),(177,'CS','2023-01-18',39,3),(178,'CS','2023-01-17',12,3),(179,'CS','2023-01-16',32,3),(180,'CS','2023-01-15',6,3),(181,'FRONT-END','2023-02-13',14,4),(182,'FRONT-END','2023-02-12',39,4),(183,'FRONT-END','2023-02-11',31,4),(184,'FRONT-END','2023-02-10',3,4),(185,'FRONT-END','2023-02-09',7,4),(186,'FRONT-END','2023-02-08',14,4),(187,'FRONT-END','2023-02-07',30,4),(188,'FRONT-END','2023-02-06',36,4),(189,'FRONT-END','2023-02-05',16,4),(190,'FRONT-END','2023-02-04',11,4),(191,'BACK-END','2023-02-03',44,4),(192,'BACK-END','2023-02-02',16,4),(193,'BACK-END','2023-02-01',5,4),(194,'BACK-END','2023-01-31',32,4),(195,'BACK-END','2023-01-30',12,4),(196,'BACK-END','2023-01-29',19,4),(197,'BACK-END','2023-01-28',31,4),(198,'BACK-END','2023-01-27',36,4),(199,'BACK-END','2023-01-26',45,4),(200,'BACK-END','2023-01-25',46,4),(201,'INFRA','2023-01-24',5,4),(202,'INFRA','2023-01-23',33,4),(203,'INFRA','2023-01-22',11,4),(204,'INFRA','2023-01-21',15,4),(205,'INFRA','2023-01-20',34,4),(206,'INFRA','2023-01-19',0,4),(207,'INFRA','2023-01-18',21,4),(208,'INFRA','2023-01-17',43,4),(209,'INFRA','2023-01-16',2,4),(210,'INFRA','2023-01-15',44,4),(211,'MOBILE','2023-02-13',28,4),(212,'MOBILE','2023-02-12',7,4),(213,'MOBILE','2023-02-11',46,4),(214,'MOBILE','2023-02-10',36,4),(215,'MOBILE','2023-02-09',17,4),(216,'MOBILE','2023-02-08',8,4),(217,'MOBILE','2023-02-07',32,4),(218,'MOBILE','2023-02-06',47,4),(219,'MOBILE','2023-02-05',38,4),(220,'MOBILE','2023-02-04',2,4),(221,'ALGORITHM','2023-02-03',42,4),(222,'ALGORITHM','2023-02-02',33,4),(223,'ALGORITHM','2023-02-01',24,4),(224,'ALGORITHM','2023-01-31',8,4),(225,'ALGORITHM','2023-01-30',37,4),(226,'ALGORITHM','2023-01-29',9,4),(227,'ALGORITHM','2023-01-28',5,4),(228,'ALGORITHM','2023-01-27',27,4),(229,'ALGORITHM','2023-01-26',21,4),(230,'ALGORITHM','2023-01-25',40,4),(231,'CS','2023-01-24',26,4),(232,'CS','2023-01-23',33,4),(233,'CS','2023-01-22',20,4),(234,'CS','2023-01-21',0,4),(235,'CS','2023-01-20',30,4),(236,'CS','2023-01-19',45,4),(237,'CS','2023-01-18',42,4),(238,'CS','2023-01-17',20,4),(239,'CS','2023-01-16',3,4),(240,'CS','2023-01-15',40,4),(241,'FRONT-END','2023-02-13',29,5),(242,'FRONT-END','2023-02-12',45,5),(243,'FRONT-END','2023-02-11',46,5),(244,'FRONT-END','2023-02-10',8,5),(245,'FRONT-END','2023-02-09',9,5),(246,'FRONT-END','2023-02-08',2,5),(247,'FRONT-END','2023-02-07',23,5),(248,'FRONT-END','2023-02-06',4,5),(249,'FRONT-END','2023-02-05',23,5),(250,'FRONT-END','2023-02-04',10,5),(251,'BACK-END','2023-02-03',38,5),(252,'BACK-END','2023-02-02',6,5),(253,'BACK-END','2023-02-01',24,5),(254,'BACK-END','2023-01-31',43,5),(255,'BACK-END','2023-01-30',7,5),(256,'BACK-END','2023-01-29',32,5),(257,'BACK-END','2023-01-28',42,5),(258,'BACK-END','2023-01-27',27,5),(259,'BACK-END','2023-01-26',45,5),(260,'BACK-END','2023-01-25',37,5),(261,'INFRA','2023-01-24',25,5),(262,'INFRA','2023-01-23',4,5),(263,'INFRA','2023-01-22',30,5),(264,'INFRA','2023-01-21',43,5),(265,'INFRA','2023-01-20',2,5),(266,'INFRA','2023-01-19',8,5),(267,'INFRA','2023-01-18',44,5),(268,'INFRA','2023-01-17',1,5),(269,'INFRA','2023-01-16',4,5),(270,'INFRA','2023-01-15',10,5),(271,'MOBILE','2023-02-13',4,5),(272,'MOBILE','2023-02-12',46,5),(273,'MOBILE','2023-02-11',16,5),(274,'MOBILE','2023-02-10',28,5),(275,'MOBILE','2023-02-09',36,5),(276,'MOBILE','2023-02-08',10,5),(277,'MOBILE','2023-02-07',47,5),(278,'MOBILE','2023-02-06',14,5),(279,'MOBILE','2023-02-05',43,5),(280,'MOBILE','2023-02-04',35,5),(281,'ALGORITHM','2023-02-03',47,5),(282,'ALGORITHM','2023-02-02',29,5),(283,'ALGORITHM','2023-02-01',24,5),(284,'ALGORITHM','2023-01-31',26,5),(285,'ALGORITHM','2023-01-30',11,5),(286,'ALGORITHM','2023-01-29',31,5),(287,'ALGORITHM','2023-01-28',19,5),(288,'ALGORITHM','2023-01-27',12,5),(289,'ALGORITHM','2023-01-26',2,5),(290,'ALGORITHM','2023-01-25',12,5),(291,'CS','2023-01-24',19,5),(292,'CS','2023-01-23',28,5),(293,'CS','2023-01-22',5,5),(294,'CS','2023-01-21',19,5),(295,'CS','2023-01-20',3,5),(296,'CS','2023-01-19',43,5),(297,'CS','2023-01-18',47,5),(298,'CS','2023-01-17',24,5),(299,'CS','2023-01-16',41,5),(300,'CS','2023-01-15',19,5),(301,'FRONT-END','2023-02-13',21,6),(302,'FRONT-END','2023-02-12',10,6),(303,'FRONT-END','2023-02-11',3,6),(304,'FRONT-END','2023-02-10',19,6),(305,'FRONT-END','2023-02-09',3,6),(306,'FRONT-END','2023-02-08',18,6),(307,'FRONT-END','2023-02-07',28,6),(308,'FRONT-END','2023-02-06',0,6),(309,'FRONT-END','2023-02-05',5,6),(310,'FRONT-END','2023-02-04',42,6),(311,'BACK-END','2023-02-03',28,6),(312,'BACK-END','2023-02-02',49,6),(313,'BACK-END','2023-02-01',48,6),(314,'BACK-END','2023-01-31',21,6),(315,'BACK-END','2023-01-30',42,6),(316,'BACK-END','2023-01-29',12,6),(317,'BACK-END','2023-01-28',37,6),(318,'BACK-END','2023-01-27',2,6),(319,'BACK-END','2023-01-26',21,6),(320,'BACK-END','2023-01-25',4,6),(321,'INFRA','2023-01-24',21,6),(322,'INFRA','2023-01-23',9,6),(323,'INFRA','2023-01-22',15,6),(324,'INFRA','2023-01-21',36,6),(325,'INFRA','2023-01-20',33,6),(326,'INFRA','2023-01-19',36,6),(327,'INFRA','2023-01-18',6,6),(328,'INFRA','2023-01-17',38,6),(329,'INFRA','2023-01-16',43,6),(330,'INFRA','2023-01-15',9,6),(331,'MOBILE','2023-02-13',38,6),(332,'MOBILE','2023-02-12',29,6),(333,'MOBILE','2023-02-11',17,6),(334,'MOBILE','2023-02-10',39,6),(335,'MOBILE','2023-02-09',22,6),(336,'MOBILE','2023-02-08',43,6),(337,'MOBILE','2023-02-07',45,6),(338,'MOBILE','2023-02-06',48,6),(339,'MOBILE','2023-02-05',29,6),(340,'MOBILE','2023-02-04',10,6),(341,'ALGORITHM','2023-02-03',2,6),(342,'ALGORITHM','2023-02-02',12,6),(343,'ALGORITHM','2023-02-01',4,6),(344,'ALGORITHM','2023-01-31',47,6),(345,'ALGORITHM','2023-01-30',22,6),(346,'ALGORITHM','2023-01-29',25,6),(347,'ALGORITHM','2023-01-28',39,6),(348,'ALGORITHM','2023-01-27',11,6),(349,'ALGORITHM','2023-01-26',48,6),(350,'ALGORITHM','2023-01-25',23,6),(351,'CS','2023-01-24',27,6),(352,'CS','2023-01-23',18,6),(353,'CS','2023-01-22',11,6),(354,'CS','2023-01-21',43,6),(355,'CS','2023-01-20',18,6),(356,'CS','2023-01-19',8,6),(357,'CS','2023-01-18',20,6),(358,'CS','2023-01-17',40,6),(359,'CS','2023-01-16',36,6),(360,'CS','2023-01-15',21,6),(361,'FRONT-END','2023-02-13',43,7),(362,'FRONT-END','2023-02-12',7,7),(363,'FRONT-END','2023-02-11',25,7),(364,'FRONT-END','2023-02-10',44,7),(365,'FRONT-END','2023-02-09',19,7),(366,'FRONT-END','2023-02-08',40,7),(367,'FRONT-END','2023-02-07',1,7),(368,'FRONT-END','2023-02-06',9,7),(369,'FRONT-END','2023-02-05',44,7),(370,'FRONT-END','2023-02-04',26,7),(371,'BACK-END','2023-02-03',20,7),(372,'BACK-END','2023-02-02',35,7),(373,'BACK-END','2023-02-01',12,7),(374,'BACK-END','2023-01-31',39,7),(375,'BACK-END','2023-01-30',49,7),(376,'BACK-END','2023-01-29',30,7),(377,'BACK-END','2023-01-28',7,7),(378,'BACK-END','2023-01-27',2,7),(379,'BACK-END','2023-01-26',15,7),(380,'BACK-END','2023-01-25',16,7),(381,'INFRA','2023-01-24',40,7),(382,'INFRA','2023-01-23',32,7),(383,'INFRA','2023-01-22',39,7),(384,'INFRA','2023-01-21',49,7),(385,'INFRA','2023-01-20',27,7),(386,'INFRA','2023-01-19',42,7),(387,'INFRA','2023-01-18',24,7),(388,'INFRA','2023-01-17',27,7),(389,'INFRA','2023-01-16',5,7),(390,'INFRA','2023-01-15',38,7),(391,'MOBILE','2023-02-13',14,7),(392,'MOBILE','2023-02-12',36,7),(393,'MOBILE','2023-02-11',15,7),(394,'MOBILE','2023-02-10',43,7),(395,'MOBILE','2023-02-09',29,7),(396,'MOBILE','2023-02-08',15,7),(397,'MOBILE','2023-02-07',3,7),(398,'MOBILE','2023-02-06',49,7),(399,'MOBILE','2023-02-05',41,7),(400,'MOBILE','2023-02-04',5,7),(401,'ALGORITHM','2023-02-03',47,7),(402,'ALGORITHM','2023-02-02',22,7),(403,'ALGORITHM','2023-02-01',27,7),(404,'ALGORITHM','2023-01-31',8,7),(405,'ALGORITHM','2023-01-30',16,7),(406,'ALGORITHM','2023-01-29',23,7),(407,'ALGORITHM','2023-01-28',36,7),(408,'ALGORITHM','2023-01-27',27,7),(409,'ALGORITHM','2023-01-26',27,7),(410,'ALGORITHM','2023-01-25',32,7),(411,'CS','2023-01-24',44,7),(412,'CS','2023-01-23',23,7),(413,'CS','2023-01-22',6,7),(414,'CS','2023-01-21',7,7),(415,'CS','2023-01-20',44,7),(416,'CS','2023-01-19',27,7),(417,'CS','2023-01-18',21,7),(418,'CS','2023-01-17',23,7),(419,'CS','2023-01-16',8,7),(420,'CS','2023-01-15',1,7),(421,'FRONT-END','2023-02-13',11,8),(422,'FRONT-END','2023-02-12',8,8),(423,'FRONT-END','2023-02-11',29,8),(424,'FRONT-END','2023-02-10',3,8),(425,'FRONT-END','2023-02-09',45,8),(426,'FRONT-END','2023-02-08',37,8),(427,'FRONT-END','2023-02-07',41,8),(428,'FRONT-END','2023-02-06',40,8),(429,'FRONT-END','2023-02-05',0,8),(430,'FRONT-END','2023-02-04',21,8),(431,'BACK-END','2023-02-03',1,8),(432,'BACK-END','2023-02-02',18,8),(433,'BACK-END','2023-02-01',1,8),(434,'BACK-END','2023-01-31',49,8),(435,'BACK-END','2023-01-30',45,8),(436,'BACK-END','2023-01-29',46,8),(437,'BACK-END','2023-01-28',9,8),(438,'BACK-END','2023-01-27',47,8),(439,'BACK-END','2023-01-26',39,8),(440,'BACK-END','2023-01-25',22,8),(441,'INFRA','2023-01-24',7,8),(442,'INFRA','2023-01-23',44,8),(443,'INFRA','2023-01-22',3,8),(444,'INFRA','2023-01-21',3,8),(445,'INFRA','2023-01-20',6,8),(446,'INFRA','2023-01-19',1,8),(447,'INFRA','2023-01-18',14,8),(448,'INFRA','2023-01-17',25,8),(449,'INFRA','2023-01-16',4,8),(450,'INFRA','2023-01-15',36,8),(451,'MOBILE','2023-02-13',5,8),(452,'MOBILE','2023-02-12',8,8),(453,'MOBILE','2023-02-11',11,8),(454,'MOBILE','2023-02-10',9,8),(455,'MOBILE','2023-02-09',3,8),(456,'MOBILE','2023-02-08',5,8),(457,'MOBILE','2023-02-07',2,8),(458,'MOBILE','2023-02-06',32,8),(459,'MOBILE','2023-02-05',48,8),(460,'MOBILE','2023-02-04',44,8),(461,'ALGORITHM','2023-02-03',13,8),(462,'ALGORITHM','2023-02-02',19,8),(463,'ALGORITHM','2023-02-01',13,8),(464,'ALGORITHM','2023-01-31',0,8),(465,'ALGORITHM','2023-01-30',26,8),(466,'ALGORITHM','2023-01-29',23,8),(467,'ALGORITHM','2023-01-28',27,8),(468,'ALGORITHM','2023-01-27',4,8),(469,'ALGORITHM','2023-01-26',24,8),(470,'ALGORITHM','2023-01-25',2,8),(471,'CS','2023-01-24',46,8),(472,'CS','2023-01-23',48,8),(473,'CS','2023-01-22',45,8),(474,'CS','2023-01-21',42,8),(475,'CS','2023-01-20',16,8),(476,'CS','2023-01-19',32,8),(477,'CS','2023-01-18',36,8),(478,'CS','2023-01-17',39,8),(479,'CS','2023-01-16',36,8),(480,'CS','2023-01-15',32,8),(481,'FRONT-END','2023-02-13',26,9),(482,'FRONT-END','2023-02-12',30,9),(483,'FRONT-END','2023-02-11',16,9),(484,'FRONT-END','2023-02-10',9,9),(485,'FRONT-END','2023-02-09',6,9),(486,'FRONT-END','2023-02-08',8,9),(487,'FRONT-END','2023-02-07',12,9),(488,'FRONT-END','2023-02-06',39,9),(489,'FRONT-END','2023-02-05',22,9),(490,'FRONT-END','2023-02-04',29,9),(491,'BACK-END','2023-02-03',38,9),(492,'BACK-END','2023-02-02',16,9),(493,'BACK-END','2023-02-01',4,9),(494,'BACK-END','2023-01-31',20,9),(495,'BACK-END','2023-01-30',10,9),(496,'BACK-END','2023-01-29',48,9),(497,'BACK-END','2023-01-28',48,9),(498,'BACK-END','2023-01-27',29,9),(499,'BACK-END','2023-01-26',43,9),(500,'BACK-END','2023-01-25',41,9),(501,'INFRA','2023-01-24',13,9),(502,'INFRA','2023-01-23',15,9),(503,'INFRA','2023-01-22',41,9),(504,'INFRA','2023-01-21',42,9),(505,'INFRA','2023-01-20',48,9),(506,'INFRA','2023-01-19',1,9),(507,'INFRA','2023-01-18',12,9),(508,'INFRA','2023-01-17',39,9),(509,'INFRA','2023-01-16',17,9),(510,'INFRA','2023-01-15',28,9),(511,'MOBILE','2023-02-13',35,9),(512,'MOBILE','2023-02-12',37,9),(513,'MOBILE','2023-02-11',13,9),(514,'MOBILE','2023-02-10',20,9),(515,'MOBILE','2023-02-09',5,9),(516,'MOBILE','2023-02-08',20,9),(517,'MOBILE','2023-02-07',14,9),(518,'MOBILE','2023-02-06',14,9),(519,'MOBILE','2023-02-05',22,9),(520,'MOBILE','2023-02-04',27,9),(521,'ALGORITHM','2023-02-03',46,9),(522,'ALGORITHM','2023-02-02',41,9),(523,'ALGORITHM','2023-02-01',9,9),(524,'ALGORITHM','2023-01-31',12,9),(525,'ALGORITHM','2023-01-30',30,9),(526,'ALGORITHM','2023-01-29',25,9),(527,'ALGORITHM','2023-01-28',11,9),(528,'ALGORITHM','2023-01-27',41,9),(529,'ALGORITHM','2023-01-26',46,9),(530,'ALGORITHM','2023-01-25',48,9),(531,'CS','2023-01-24',37,9),(532,'CS','2023-01-23',2,9),(533,'CS','2023-01-22',1,9),(534,'CS','2023-01-21',40,9),(535,'CS','2023-01-20',47,9),(536,'CS','2023-01-19',18,9),(537,'CS','2023-01-18',33,9),(538,'CS','2023-01-17',24,9),(539,'CS','2023-01-16',39,9),(540,'CS','2023-01-15',11,9),(541,'FRONT-END','2023-02-13',49,10),(542,'FRONT-END','2023-02-12',21,10),(543,'FRONT-END','2023-02-11',25,10),(544,'FRONT-END','2023-02-10',23,10),(545,'FRONT-END','2023-02-09',23,10),(546,'FRONT-END','2023-02-08',26,10),(547,'FRONT-END','2023-02-07',32,10),(548,'FRONT-END','2023-02-06',48,10),(549,'FRONT-END','2023-02-05',27,10),(550,'FRONT-END','2023-02-04',29,10),(551,'BACK-END','2023-02-03',37,10),(552,'BACK-END','2023-02-02',42,10),(553,'BACK-END','2023-02-01',32,10),(554,'BACK-END','2023-01-31',4,10),(555,'BACK-END','2023-01-30',43,10),(556,'BACK-END','2023-01-29',21,10),(557,'BACK-END','2023-01-28',10,10),(558,'BACK-END','2023-01-27',41,10),(559,'BACK-END','2023-01-26',26,10),(560,'BACK-END','2023-01-25',47,10),(561,'INFRA','2023-01-24',7,10),(562,'INFRA','2023-01-23',1,10),(563,'INFRA','2023-01-22',13,10),(564,'INFRA','2023-01-21',8,10),(565,'INFRA','2023-01-20',38,10),(566,'INFRA','2023-01-19',18,10),(567,'INFRA','2023-01-18',25,10),(568,'INFRA','2023-01-17',44,10),(569,'INFRA','2023-01-16',37,10),(570,'INFRA','2023-01-15',11,10),(571,'MOBILE','2023-02-13',49,10),(572,'MOBILE','2023-02-12',16,10),(573,'MOBILE','2023-02-11',21,10),(574,'MOBILE','2023-02-10',10,10),(575,'MOBILE','2023-02-09',15,10),(576,'MOBILE','2023-02-08',34,10),(577,'MOBILE','2023-02-07',3,10),(578,'MOBILE','2023-02-06',20,10),(579,'MOBILE','2023-02-05',27,10),(580,'MOBILE','2023-02-04',43,10),(581,'ALGORITHM','2023-02-03',26,10),(582,'ALGORITHM','2023-02-02',11,10),(583,'ALGORITHM','2023-02-01',8,10),(584,'ALGORITHM','2023-01-31',48,10),(585,'ALGORITHM','2023-01-30',13,10),(586,'ALGORITHM','2023-01-29',5,10),(587,'ALGORITHM','2023-01-28',48,10),(588,'ALGORITHM','2023-01-27',36,10),(589,'ALGORITHM','2023-01-26',35,10),(590,'ALGORITHM','2023-01-25',15,10),(591,'CS','2023-01-24',19,10),(592,'CS','2023-01-23',36,10),(593,'CS','2023-01-22',49,10),(594,'CS','2023-01-21',49,10),(595,'CS','2023-01-20',20,10),(596,'CS','2023-01-19',12,10),(597,'CS','2023-01-18',28,10),(598,'CS','2023-01-17',40,10),(599,'CS','2023-01-16',49,10),(600,'CS','2023-01-15',40,10);



INSERT INTO `community` (
  `community_seq` ,
  `member_seq`,
  `category_seq` ,
  `community_title` ,
  `community_content` ,
  `community_view_count`,
  `community_love_count` ,
  `community_week_love_count` ,
  `community_created_time` ,
  `community_modified_time`,
  `community_is_deleted` ,
  `community_is_highlighted`)
  VALUES (1,1,2,'백 서버 구축 실패 ( 패키지 설치 에러) ','npm i로 패키지를 설치하려하니 이런 에러가 뜹니다. 어떤 방식으로 해결할 수 있을까요?',0,3,0,'2023-02-14 01:46:35.000000','2023-02-14 01:46:35.000000',0,0),(2,1,2,'FP, 실무에서의 모습은 대략적으로 어떤 모습일까요? ','제목이 내용이에요',0,3,0,'2023-02-14 01:46:35.000000','2023-02-14 01:46:35.000000',0,0),(3,1,2,'MVC 패턴 관련','현재 JPA 실습을 하고 있는데 MVC패턴에 대하여 궁금하여 문의드립니다.\n\n현재 프로젝트에서 View단인 resource 디렉토리를 제외한 나머지 부분이 모두 백엔드에 속하는건가요?',0,3,0,'2023-02-14 01:46:35.000000','2023-02-14 01:46:35.000000',0,0),(4,1,2,'Docker+Nginx+Redis+RDBMS 공부방향 및 강의 추천을 받고싶습니다.','안녕하세요! 평소 인프런 강의 통해서 프로그래밍을 공부하는 학생입니다.\n\n팀원들과 스터디를 하고있습니다.\n\n저희 스터디원 끼리 계속 공부해보면서 Infra, 비동기, 서버 관련(Docker+Nginx+Redis+RDBMS)해서 저희가 많이 부족함을 깨닫고 있는 과정을 겪고 있어서 이렇게 인프런 커뮤니티에 자문을 구해보고자 작성했습니다.\n\n\n혹시, 저희와 비슷한 생각을 갖고 계신 분들 중, 좀 더 효율적인 혹은 효과적인 공부방법을 알고계신분이 있다면\n\n알려주시면 정말정말 감사하겠습니다. \n\n \n\n1. 토이프로젝트 추천 \n\n2. Redis, Nginx 강의 추천\n\n3. Redis, Nginx, Network 책 추천\n\n4. 공부 방법 및 방향성 추천',0,0,0,'2023-02-14 01:46:35.000000','2023-02-14 01:46:35.000000',0,0),(5,1,2,'자바 웹 백엔드 공부방법 충고 부탁드립니다','안녕하세요 자바백엔드 개발자로 올해안에 취업하기위해 공부하고 있는 코린이입니다.\n\n전공자이긴 하지만 편입을하여 비전공자라고 봐도 무관하고, 현재 개발과는 다른 QA관련 직종에서 근무하고 있고 내일채움공제가 5월달에 끝나서 끝나는대로 바로 국비나 부트캠프에 들어가려고 생각하고있습니다. 국비나 부트캠프는 제가 하고있는방식이 올바른 방식인지 정확하지않고 팀프로젝트를 해보고싶어서 생각하고있습니다.\n\n작년부터 독학으로 시작해서 토이프로젝트는 아직 만든게 없고, 자바는 기본서로 2회독 정도 돌렸었고 SQL도 기본서로 학습했고, 스프링은 영한님 강의를 로드맵대로 듣고있고 현재는 이제 막 mvc1강의를 듣고있습니다. 추가로 백준문제를 풀기시작한건 올해부터 시작했습니다.\n\n그래서 일단 계획은 5월전에 mvc1강의를 다 듣고, 토이프로젝트 및 코테 준비에 몰두하려고 생각하고있습니다. 변명이지만 회사를 다니면서 공부하다보니 평일에는 2시간 정도밖에 하지못하고, 주말에는 시간되는대로 풀로 학습하고있습니다.\n\n여기서 질문드리자면,\n\n제가 계획한대로 진행하는게 올바른 방식일까요? 잘못되거나 추가로 해야할 사항 있을까요?',0,0,0,'2023-02-14 01:46:35.000000','2023-02-14 01:46:35.000000',0,0),(6,2,2,'백엔드 코테 어떤 게 좋을까요?','안녕하세요 백엔드 직무를 희망하는 학생입니다.\n\n알고리즘 공부 처음 시작했을 땐 C++로 공부했었습니다\n\n(약 6개월 -> 하지만 알고리즘은 거의 까먹어서 다시 처음부터 공부할 예정입니다)\n\n하지만 코테용 언어를 파이썬으로 쓰는 것을 좋을 것 같다란 생각이 들어서\n\n여러가지 찾아보니 사람마다 의견이 갈리더군요..\n\n자바와 파이썬 중 어떤 게 경험적으로 더 좋았는지 의견 나누어주시면 감사하겠습니다.!',0,0,0,'2023-02-14 01:46:35.000000','2023-02-14 01:46:35.000000',0,0),(7,2,2,'자바 웹 백엔드 코린이 이렇게 공부해도될까요?','안녕하세요 자바백엔드 개발자로 올해안에 취업하기위해 공부하고 있는 코린이입니다.\n\n전공자이긴 하지만 편입을하여 비전공자라고 봐도 무관하고, 현재 개발과는 다른 QA관련 직종에서 근무하고 있고 내일채움공제가 5월달에 끝나서 끝나는대로 바로 국비나 부트캠프에 들어가려고 생각하고있습니다. 국비나 부트캠프는 제가 하고있는방식이 올바른 방식인지 정확하지않고 팀프로젝트를 해보고싶어서 생각하고있습니다.\n\n작년부터 독학으로 시작해서 토이프로젝트는 아직 만든게 없고, 자바는 기본서로 2회독 정도 돌렸었고 SQL도 기본서로 학습했고, 스프링은 영한님 강의를 로드맵대로 듣고있고 현재는 이제 막 mvc1강의를 듣고있습니다. 추가로 백준문제를 풀기시작한건 올해부터 시작했습니다.\n\n그래서 일단 계획은 5월전에 mvc1강의를 다 듣고, 토이프로젝트 및 코테 준비에 몰두하려고 생각하고있습니다. 변명이지만 회사를 다니면서 공부하다보니 평일에는 2시간 정도밖에 하지못하고, 주말에는 시간되는대로 풀로 학습하고있습니다.\n\n여기서 질문드리자면,\n\n제가 계획한대로 진행하는게 올바른 방식일까요? 잘못되거나 추가로 해야할 사항 있을까요?',0,0,0,'2023-02-14 01:46:35.000000','2023-02-14 01:46:35.000000',0,0),(8,2,2,'웹백엔드 개발자가 타임리프 공부하는거 어떻게 생각하시나요?','어차피 토이플젝이든 현업에서든 제가 타임리프를 쓸일이 없을것같은데..(업무분담해서)\n\n그래도 확실히 배워놔야할까요? 그냥 이런게 있구나 정도만 봐둬도되는걸까요?\n\n제가 듣는강의에선 타임리프까지 설명을 해주셔가지구요',0,0,0,'2023-02-14 01:46:35.000000','2023-02-14 01:46:35.000000',0,0),(9,2,2,'프론트엔드쪽으로 공부하다가 백엔드 프로젝트를 하려고 하는데요','리엑트 이용해서 프로젝트해 본 적 있고 이번에 백엔드까지 풀스택으로 해보려고 해요\n\n처음에 노드js를 생각했는데 자바스프링도 해보고 싶더라구요\n\n그런데 시간이 없어서 ㅜㅠ 스프링을 완벽히 공부하긴 어렵더라구요 ,,\n\n컴공이라 자바 기초 지식과 자바로 안드로이드 앱개발은 해봤습니다\n\n\n\n궁금한 점은 리엑트 프로젝트할 때 rest api 로 데이터 통신을 했는데\n\n스프링으로 api를 만들어 프론트에 연결하면 되는 걸까요?\n\n맞다면 기간은 1,2달 생각중이고 , 구현할 내용은\n\n( 회원가입, 로그인 ,글쓰기 관련 기능 , 조회, 좋아요, 채팅기능 정도)\n\n인데 가능할까요?\n\n비추천\n',0,0,0,'2023-02-14 01:46:35.000000','2023-02-14 01:46:35.000000',0,0),(10,2,2,'백엔드 웹개발 질문있어요 ! 도와주세요 !ㅜ','안녕하세요. Java와 Spring을 학습중이고 백엔드 개발자를 목표로 공부중인 학생입니다.\n\nJava와 Spring에 이제 입문은 했고, 계속 학습은 해 나가야 하겠지만 일단 간단한 웹사이트 하나 먼저 만들어보려고 하는데요\n\n화면(페이지)은 HTML/CSS/Javascript만 이용하고, 뷰템플릿은 thymeleaf를 이용하여 만들어보려고 하는데,\n\n이 경우에는 요즘 일반적으로 말하는 Rest API .. 자세히는 모르지만 JSON형식의 데이터를 주고받는다는 그 API방식을\n\n저는 지금 전혀 모르는 상태로 개발을 하려고 하는건데. 일단 그거 모르는 채로 프로젝트 하나 만들고, 그 과정에서는 당연히 API에\n\n대한 추가적인 학습 없이 그냥 Spring부트와 타임리프, 그 외 DB모델링이나 관계설정같은 부분들만 학습하면서 프로젝트 진행하고\n\n나중에 조금 더 숙달되었을때 API를 이용한 프로젝트를 한번 더 해본다거나 이런식으로 접근해보려고 하는데\n\n제가 개념을 잘 이해한게 맞나 궁금합니다.\n\n그러니까 예를들어 API없이 하는게 조금 기본, 초보자 코스라면\n\nAPI활용하는거는 요즘 추세이고 좀 중급자 이상 코스 !? 이렇게 생각하고 준비해보면 될지요\n\n항상 친절하게 답변해주시는 오키 회원여러분 감사합니다.',0,0,0,'2023-02-14 01:46:35.000000','2023-02-14 01:46:35.000000',0,0),(11,3,2,'비전공 백엔드 커리큘럼 좀 봐주시면 감사하겠습니다..','현재 비전공자이지만 백엔드로 방향을 정하였고 java부터 해야할거같지만 처음에는 C로 시작을 하라고 들어서 일단 12월 말까지 C문법을 때고 1월부터 알고리즘잡스를 추천받아서 자료구조알고리즘을 배우려고합니다..강의에서 주 언어는 C입니다.\n\n여기서 주변 개발자들에게 듣기로는 어짜피 코테준비는 수학 공식과 같은거고 각 언어는 여기에 응용하면 되는거라 결국 한정적이라서 언어 전환은 얼마안걸리니까 C++로 코테를 준비하라하셨습니다. 그래서 강의는 C로 이루워지지만 따로 C++로 코테를 준비하고 이후 백엔드는 java/spring을 배우면 된다하셔서 이 과정이 맞는지 고민됩니다.. 답변 부탁드리겠습니다!',0,0,0,'2023-02-14 01:46:35.000000','2023-02-14 01:46:35.000000',0,0),(12,3,2,'백엔드 신입 개발자 요구 스택','개인적으로 궁금한 건데\n\n백엔드 신입 개발자가 면접 보러 왔을 때\n\n어느 정도 수준의 개발 능력을 보나요 ? 합격 기준 점 ?\n\n예시로 게시판 혼자서 구현 할 수 있는 정도 , MVC 흐름 이해 하는 수준 ?',0,0,0,'2023-02-14 01:46:35.000000','2023-02-14 01:46:35.000000',0,0),(13,3,2,'파이썬(풀스택)vs 자바(백엔드) 고민입니다.','어떤 언어 과정을 선택해야 저에게 더 도움이 될까요?',0,0,0,'2023-02-14 01:46:35.000000','2023-02-14 01:46:35.000000',0,0),(14,3,2,'백엔드 진로 고민입니다','다들 답변해주셔서 감사합니다 덕분에 문제해결됐습니다',0,0,0,'2023-02-14 01:46:35.000000','2023-02-14 01:46:35.000000',0,0),(15,3,2,'백엔드 개인 프로젝트','포트폴리오용으로 어느정도 수준의 플젝이 적당할까요? 단순한 게시판 정도는 너무 간단할까요? 그리고 배포까지 다 해보는게 좋을까요??\n\n의견 말씀해주시면 감사하겠습니다!',0,0,0,'2023-02-14 01:46:35.000000','2023-02-14 01:46:35.000000',0,0),(16,4,3,'인프라 데브옵스가 따로 있는 회사에 대한 질문','데브옵스팀(인프라)이  따로 있는 경우\n\n백엔드는 aws랑 CI/CD 환경은 안건들면서 일하나여?\n\n\n\n\n예를들어 배포를 하다가 뻑이났다 하면 직접 안건들고\n\n인프라팀에 넘기나여?',0,0,0,'2023-02-14 01:46:35.000000','2023-02-14 01:46:35.000000',0,0),(17,4,3,'사내 인프라 엔지니어','안녕하세요 이번에 사내 인프라 엔지니어로 입사하게 되는데 \n\n아는분이 it헬프데스크 아니냐고 하더라구요... 지원 업무에는 그런내용은 없었는데.. \n\n괜히 걱정되네요',0,0,0,'2023-02-14 01:46:35.000000','2023-02-14 01:46:35.000000',0,0),(18,4,3,'안랩 인프라 엔지니어 직무 질문!','안랩 인프라엔지니어 직무가 3교대로 근무하는지 아시는 분 계실까요??\n',0,0,0,'2023-02-14 01:46:35.000000','2023-02-14 01:46:35.000000',0,0),(19,4,3,'인프라 시스템 운영 면접 질문이요ㅜ','안녕하세요!\n\n이번에 공기업 인프라 운영 면접을 보게되었는데\n\n도저히 감이 오질 않아서요ㅠㅜ\n\n주로 어떤질문이 오가는지 알수있을까요??\n\n\n\n\n직무기술서에\n\n인프라 시스템의 hw(네트워크, 서버, 보안등) 및 sw운영 관리\n\n라고 쓰여있습니다\n\n\n\n\n저는 개발플젝이랑 정처기 디비관련 자격증밖에 없습니다ㅠㅜ',0,0,0,'2023-02-14 01:46:35.000000','2023-02-14 01:46:35.000000',0,0),(20,4,3,'인프라 직무의 추후 미래/직무 고민...','__ 말씀 감사합니다!',0,0,0,'2023-02-14 01:46:35.000000','2023-02-14 01:46:35.000000',0,0),(21,5,3,'인프라나 DevOps 엔지니어 분들 이 JD 읽으면 어떤 느낌 드시나요','SW개발 툴체인 - Git, SVN, Redmine, Mantis, Atlassian Jira, PTC Integrity, Sparx EA 등 사용\n\n시스템 아키텍처 도구(Enterprise Architect) 기반 MBSE 환경 지원\n\nSW 요구사항/형상/버전 관리 시스템 운영 및 효율화\n\nSW개발환경 표준화 및 기능 정의/구성\n\nAtlassian 솔루션(Jira 등) / PTC Integrity 운영\n\n\n\n\n\n\n\n너무 낡은 스택들인가요?',0,0,0,'2023-02-14 01:46:35.000000','2023-02-14 01:46:35.000000',0,0),(22,5,3,'It 인프라 지식은 어떻게 쌓는건가요?','최근에 It 인프라&기획쪽 입사할 신입사원입니다\n\n다름이 아니라 회사 업무 하면서 모르는것이 많아 인프라 공부를 따로 하고싶은데\n\nIt 인프라 전문 유튜버가 많지 않은것 같아서 고민입니다\n\n도서는 실무에 적용하기에 한계가 좀 있어보이구요..\n\n인프라쪽 어떻게 공부하는것이 좋을까요?..',0,0,0,'2023-02-14 01:46:35.000000','2023-02-14 01:46:35.000000',0,0),(23,5,3,'IT 인프라, 엔지니어가 정확히 뭔가요?','크래프톤 채용 공고에 올라왔더라고요.\n\n\n\n\n아래는 내용.\n\n\n\n\n[담당 업무]\n\n-KRAFTON 연합에서 발생하는 데스크탑, 노트북을 포함한 H/W, S/W 의 Trouble Shooting 및 지원\n\n-자산 관리 시스템을 이용한 IT 자산(HW/SW)의 운영 및 유지보수\n\n-각종 사내 IT Infra System 운영 및 관리\n\n\n\n\n[지원 자격]\n\n-전산학과/컴퓨터공학과/정보통신학과 등 유사학과 졸업자\n\n-IT업무에 대한 기본 지식이 있고, 배우고자 하는 열망이 많으신 분\n\n  (MS Windows, Apple Mac, Linux 등)\n\n-Hardware에 대한 기본적인 지식을 보유하신 분\n\n-데스크탑, 노트북, 태블릿, 모바일폰 등을 이해하고 쉽게 사용할 수 있도록 지원할 수 있으신 분\n\n  (배경지식이 없더라도 쉽게 따라할 수 있도록 설명할 수 있는 능력을 가지신 분)\n\n-MS Windows를 기반으로 각종 OS 및 Mobile 환경에서 발생하는 문제를 해결하는데 관심이 많으신 분\n\n-설득, 이해, 조정을 위한 커뮤니케이션 능력이 뛰어나신 분\n\n\n\n\n[우대 사항]\n\n-PC나 Laptop을 사용하면서 겪는 장래를 해결해본 경험이 많으신 분\n\n-MS Windows 관련 자격증을 소지하신 분\n\n-Powershell이나 Python등을 이용하여 업무자동화를 할 수 있으신 분\n\n-영어 문서 (email, website)를 읽고 이해할 수 있으신 분\n\n------------------------------------------------------------',0,0,0,'2023-02-14 01:46:35.000000','2023-02-14 01:46:35.000000',0,0),(24,5,4,'모바일 개발자로 성장하고 싶습니다.','여기가 개발자 커뮤니티 중에는 활성화가 가장 잘된 곳 같아 질문 남깁니다.\n\n제목대로 저는 모바일 개발자로 성장하고 싶습니다.\n\n근데 현재 보험 회사에서 대고객 시스템 SM 업무를 주로 하고 있습니다.\n\n작년에 이직을 한 번 하고 대기업에 들어왔지만 개발과는 점점 더 멀어지고 오히려 프로젝트 관리를 하게 되네요\n\n저는 최종적으로 네카라쿠배당토 같은 IT서비스회사로 들어가 제가 하고 싶은 개발을 하고 싶습니다.\n\n그래서 퇴근 후에 그에 필요한 지식들을 학습하고 배워나갈 방안을 찾고 있는데 말처럼 쉽진 않네요.\n\n우선 개발을 잘하지 못하고 SM 업무만 하다보니 가져다 쓰는 소스에 익숙합니다.\n\n제가 직접 소스를 짜볼 기회가 상대적으로 적었죠.\n\n지금 원하는 방향은 일회성으로 끝나는 앱 개발이 아니라, 앞으로 실무에서도 적용할 수 있는 소스코드 관리, 아키텍처를\n\n꼭 알아야 한다고 생각합니다. 규모가 커질수록 유지보수도 그만큼 어려워지는건 당연한 사실이니까요\n\n근데 이러한 지식, 경험을 하나씩 습득하고 싶은데 뭐부터 해야할지 잘 모르겠습니다.\n\n책을 사서 봤는데 이해가 가지않는 부분이 많아 어려움이 많더라구요..\n\n조언 부탁드립니다.\n\n',0,0,0,'2023-02-14 01:46:35.000000','2023-02-14 01:46:35.000000',0,0),(25,5,4,'반응형 웹으로 안만들고, 적응형 웹(모바일 웹페이지)를 따로 만드는 이유는 뭘까요????','쇼핑몰로 예를 들면,\n\n맞춤형으로 웹사이트 제작하고, 모바일 웹페이지가 따로 제작이 되어있습니다.\n\n거의 대형 쇼핑몰은 적응형웹을 사용하더라구요\n\n반응형으로 만들면 유지보수에도 쉽고 편할텐데, 왜 제작을 안했을까요? ??\n\n1)단순히 비용문제일까요?\n\n2)적응형웹이 기기별로 템플릿이 있기 때문에 데이터낭비와 속도적인 측면에서 안좋을까요?\n\n3)(해당 페이지가)모바일로 더 많이 이용되기때문에, 굳이 웹페이지보다는 모바일에 힘쓴걸까요?\n\n4) 반응형웹은 쇼핑몰과 같이 많은 양의 정보를 한 화면에서 보여주는 경우 접근성이 떨어지거나 , 비효율적일 수 있다.',0,0,0,'2023-02-14 01:46:35.000000','2023-02-14 01:46:35.000000',0,0),(26,6,4,'로컬 PC 환경에서 모바일 기기 환경으로 세팅','모바일 기기에서 서버 쪽 api 테스트를 해야 하는데\n\n로컬 PC 환경에서 세팅을 바꿔서 테스트를 진행할 수 있을까요?\n\n테스트할 기능이 로그인 기능인데 앱에서 들어왔을 때 정상적으로 진행되는지 확인하기 위함입니다.',0,0,0,'2023-02-14 01:46:35.000000','2023-02-14 01:46:35.000000',0,0),(27,6,4,'모바일 유튜브 앱에서 새 탭으로 다른 영상 보기','아이패드에 유튜브 앱 띄워두고 공부 중인데,\n\n중간에 다른 영상이 보고 싶어서 다른 영상을 보려니까 기존에 보던 유튜브 영상을 잠시 보관해둘 방법이 없네요\n\n컴퓨터에서는 그냥 새 탭에다가 검색하면 되는데\n\n앱에서는 새 탭을 지원하는 게 아닌 이상 힘드네요.\n\n\n지금 보던 영상을 재생목록에 넣어두고 나중에 다시 가지고 오는 것고 비직관적이고 귀찮구요\n\n역시 생산성은 PC가 최고인 듯 합니다...',0,0,0,'2023-02-14 01:46:35.000000','2023-02-14 01:46:35.000000',0,0),(28,6,4,'모바일 앱 개발자의 전망에 대하여...','웹 프레임워크는 갈수록 성능이 좋아지고 있습니다.\n일부이긴 하지만 토스앱은 웹인지 앱인지 구분이 힘든 페이지도 꽤나 있구요.\n일자리(채용공고)의 수만해도 웹개발자에 비해 압도적으로 적습니다.\n스토어 심사에 따른 시간소요, 사용자가 직접 다운로드를 눌러야만 하는 불편함, android ios두벌을 개발해야하는 나쁜 생산성 등..\n단점이 너무 많습니다.\n\n네이티브 모바일 앱 개발자의 전망은 어떨까요?\n많은 선배님들의 다양한 견해를 듣고 싶습니다',0,0,0,'2023-02-14 01:46:35.000000','2023-02-14 01:46:35.000000',0,0),(29,6,4,'모바일 언어','모바일 안드로이드로 공고를 찾아보고 있는데 주로 Kotlin 사용하는 기업이 많아 고민입니다.\n\n\n\n\n이전에 커리어를 RN으로 쌓아두었는데, 요즘은 Kotlin이 더 많이 사용되는 추세인가요?',0,0,0,'2023-02-14 01:46:35.000000','2023-02-14 01:46:35.000000',0,0),(30,6,4,'인터넷뱅킹과 스마트 뱅킹 모바일뱅킹의 차이점이 뭔가요','제가 생각하기로는 아래처럼 생각한는데 맞는건지\n\n1.인터넷뱅킹 -> pc에 웹브라우저에서 은행업무를 한다\n\n2.스마트 뱅킹-> 모발일에서 웹(웹/앱) 브라우저에서 은행업무를 한다\n\n3.모바일 뱅킹-> 모바일(핸드폰)에서 앱 브라우저에서 은행업무를 한다',0,0,0,'2023-02-14 01:46:35.000000','2023-02-14 01:46:35.000000',0,0),(31,7,4,'모바일 회사에서 웹을 왜 뽑을까요??','제목 그대루 모바일 결제 플랫폼으로 먹고 사는 회사고 부서명도 모바일개발 부서인데\n\n웹 개발 직군을 뽑던데 모바일 웹을 뜻하는 걸까요?\n',0,0,0,'2023-02-14 01:46:35.000000','2023-02-14 01:46:35.000000',0,0),(32,7,4,'모바일(특히 IOS)보다 프론트엔드 혹은 백엔드를 추천하는 이유가 무엇인가요?','블로그 글 등을 돌아다니면서 보다가 모바일. 특히, IOS 개발을 생각하는 사람들 중에서 꼭 IOS 개발을 하고 싶지 않는 이상 프론트엔드나 백엔드를 선택하는 것을 추천한다는 글을 자주 봤습니다.\n\n\n\n\n그 이유가 무엇인가요?\n\n\n\n\n대기업, 작은 중소기업은 IOS 개발자를 구하는 경우가 거의 없고 IT 서비스 기업이 주로 모집하는데 대부분 경력직만 모집한다고 들었습니다.\n\n오늘의집이나 지그재그 등과 같은 IT 서비스 기업에 모바일(IOS) 신입으로 들어가는 건 어렵나요?\n\n코드스테이츠와 같은 아카데미에서 배워도 어려워서 백엔드나 프론트엔드를 추천하는 건가요?',0,0,0,'2023-02-14 01:46:35.000000','2023-02-14 01:46:35.000000',0,0),(33,7,5,'코테에서 어떤 알고리즘을 사용해야 할 지','코테에서 어떤 알고리즘을 사용해야 하는지는 어떻게 아나요?\n\n백준에서야 분류 별로 하면 되는데 코테에선 어떤 문제에 어떤 걸 써야 하는지 어떻게 알 수 있나요?\n\ndfs로 풀어도 되고 백트래킹으로 풀어도 되는 그러한 것들은 어떻게 알 수 있는지 궁금합니다',0,0,0,'2023-02-14 01:46:35.000000','2023-02-14 01:46:35.000000',0,0),(34,7,5,'갑자기 궁금해졌는데 갤럭시 키보드 자동완성|문구추천은 어떤 알고리즘을 쓸까요?','어제 연상모델에 관심이 생겨서 그에대한 생각을 핸드폰 메모장으로 막 적다가 갤럭시 키보드에서 단어를 추천해주는 걸 보고 갑자기 궁금해졌네요.',0,0,0,'2023-02-14 01:46:35.000000','2023-02-14 01:46:35.000000',0,0),(35,7,5,'코테 알고리즘 공부','일단 코드 암기하면 되나요?',0,0,0,'2023-02-14 01:46:35.000000','2023-02-14 01:46:35.000000',0,0),(36,8,5,'기술블로그 운영하시는 분들 알고리즘 문제푼 것도 포스팅하시나요?','안녕하세요. 저는 개발한지 햇수로 3년차 되는 주니어 개발자입니다. (백엔드 포지션이고 타입스크립트 사용중입니다.)\n\n작년 중순? 부터 개발 실력이 여러모로 부족하다고 생각되어 어떤 것부터 공부할지 회사에서 개발 잘하시는분들께 조언을 받고 우선 알고리즘부터 공부중입니다. 처음 udemy 강의로 학부생때 열심히 안했던 자료구조 부분을 공부하고 문제도 풀어야겠다 생각이 들어 사람들이 추천하는 문제 위주로 풀고 있습니다. 최근까지는 dp 문제를 풀었고 이제 브루트포스 유형을 풀 예정입니다.\n\n그런데 dp 문제중에 이해못하고 푼 문제들이 있습니다. 이런것들이 좀 많이 쌓여서 다시 복기하고 브루트포스 유형을 풀려고 하는데 기술블로그에 포스팅을 하면서 복기할지, 아니면 포스팅없이 코드랑 문제보면서 복기할지 고민입니다.\n\n기술블로그에 포스팅하면서 설명글을 추가하면 한 문제당 포스팅하는데 걸리는 시간은 아주 오래 걸린다는 단점이 있는 대신에 조금 더 이해를 잘 할수 있을 것이라는 장점이 있어서 고민입니다.\n\n현재 회사에 상당히 만족하고 있어서 이직 준비 때문에 알고리즘 공부를 하는 것은 아닌데, 빨리 알고리즘을 어느정도 파고나서 DB 나 네트워크 쪽이나 인프라쪽 공부를 하고 싶어서 뭔가 마음이 급한 것 같아요. 여러 의견 감사합니다!',0,0,0,'2023-02-14 01:46:35.000000','2023-02-14 01:46:35.000000',0,0),(37,8,5,'자바 자료구조 알고리즘 공부할때','안녕하세요 자바로 코테풀면서 자료구조나 알고리즘에 대해서 부족한거같아서 추가로 학습을 하려고 몇몇 강의나 책을 알아봤는데요.\n\n1. 엔지니어대한민국(자료구조강의)\n\n2.코드트리(강의+ 풀이 - 코드트리)\n\n3.프로그래머스 강의(자료구조강의)\n\n4.유데미 강의(자료구조강의)\n\n5.백준강의(자료구조강의)\n\n6.Do it 자료구조와 함께 배우는 알고리즘 입문(책)\n\n어떤 방식이 나을까요? 이중에서 공부해보신 분 계실까요?? 아니면 기타 다른 강의나 책 있으시면 알려주시면 감사합니다ㅠㅠ',0,0,0,'2023-02-14 01:46:35.000000','2023-02-14 01:46:35.000000',0,0),(38,8,5,'알고리즘..문제 독해 허허','저.. 알고리즘 공부하는데...\n\n코드는 둘째치고 문제이해가 잘 안되요 ㅋㅋㅋㅋㅋㅋ\n\n알고리즘 공부하시는 분들 이해가 잘 되시나요...??',0,0,0,'2023-02-14 01:46:35.000000','2023-02-14 01:46:35.000000',0,0),(39,8,5,'자바스크립트로 알고리즘 공부하면 바보일까요?','자바스크립트가 워낙 내장 메서드 및 최적화된 메서드가 많다보니 알고리즘(코딩테스트대비)공부를 하기엔 부적합하다는 의견이 많은데요... 보니깐 c언어로 하라니 js는 깊은 고민을 할 수 없느니 하는데 맞는 말 같기도한데..\n\n자바스크립트로 알고리즘 공부하면 바보에요?\n\n아참 저는 프론트엔드(리액트, node) 풀스택 개발자 입니다.',0,0,0,'2023-02-14 01:46:35.000000','2023-02-14 01:46:35.000000',0,0),(40,8,5,'알고리즘 원래 이렇게 어려운 걸까요 ㅠㅠ','알고리즘 처음 공부하실 때 어떠셨나요..?\n\n\n저는 정말 다 틀려요.. 싹다요..\n\n그래프나 bfs dfs같은 알고리즘을 써서 푸는 문제는 어떻게든 외우면 로직을 써볼 순 있는데\n\n카테고리에 수학이 포함된 문제는 진짜.. 답도 없고\n\n단순 구현 문제만 봐도 백준 실버 쯤 되면 이걸 답지 안보고 어떻게 생각해내는 건지 감도 안잡힙니다\n\n강의 해설보고 해설을 이해하는데도 심하면 하루종일 걸리기도하구요\n\n어제도 퇴근하고 새벽까지 풀었는데 겨우 한 두문제 해설보고 풀었어요\n\n오늘 어제 풀었던거 다시보는데 또 모르겠어서 자존감이 바닥을찍네요..',0,0,0,'2023-02-14 01:46:35.000000','2023-02-14 01:46:35.000000',0,0),(41,9,5,'유튜브 알고리즘으로 AI 발전에 대해서 보는데','일론머스크나 구글 대표이사 레이 커즈와일이나 옛날 그 시대의 폰 노이만씨도 인공지능의 시대가 온다고 말했잖아요?\n\n저도 진짜 공감하는 편이에요 현실적으로 진짜 머지않은거같아요..\n\n\n\n\n물론 프로그래밍대로 사고하고 그런건 변함 없겠죠 근데 아래 유명한 짤 아시죠? \n기본적으로 0 1밖에 모르는 컴퓨터들은 인간의 어찌보면 추상적이라고 할수 있는 부분을 전혀 다른의미로 해석할 수 있는데.. 일부 사람들은 이 점이 안전한 방아쇠 역할을 한다고는 하지만요 저는 이부분이 진짜 무서운 부분이라고 봐요 ㅠㅠ 만약 진짜 영화처럼 인간의 행동이 잘못됐다고 스스로 생각하고 적으로 규정할 수 있을 정도가 된다면..?\n\n\n\n\n(px... DALL-E라고 슈도코드처럼 사람이 입력하면 그걸 토대로 그림그려주는 AI가 있거든요? 유튜브 보시면 와..진짜 놀랍니다 이제 추상화 라는것도 인간의 전유물이 아니게 될지도 모르겠다는 생각도 들어요\n\n',0,0,0,'2023-02-14 01:46:35.000000','2023-02-14 01:46:35.000000',0,0),(42,9,5,'자료구조와 알고리즘 공부 순서','자료구조와 알고리즘에 대해 슬슬 공부가 필요하다고 느껴지는 시기가 왔습니다...\n\n자료구조를 전부 공부한 이후 알고리즘으로 넘어가는게 좋을까요?\n\n아니면 자료구조 조금 하다가 알고리즘으로 넘어가는게 좋을까요?',0,0,0,'2023-02-14 01:46:35.000000','2023-02-14 01:46:35.000000',0,0),(43,9,5,'알고리즘 고수분들 나와주세요','요새 ps가 재밌어서 그냥 혼자 조금씩 풀고 있는데, 그리디 알고리즘 문제 유형만 유독 어렵습니다. 이 문제를 보고 이게 그리디 알고리즘으로 풀어야 한다는 생각을 어떻게 할 수 있을까요. 다른 알고리즘들은 논리적으로 설명이 되는데, 특히나 그리디 알고리즘은 논리적으로 맞는 풀이인지 생각을 못하겠네요.',0,0,0,'2023-02-14 01:46:35.000000','2023-02-14 01:46:35.000000',0,0),(44,9,5,'웹과 앱에 추천 알고리즘 적용하기','제가 알고리즘 적용쪽은 아예 몰라서요...! 듣기로는 클라우드 서버에 적용하면 된다고 들었던 거 같은데, 웹이랑 앱에 알고리즘을 적용하려면 어떤 방식으로 해야하는지, 또 두 방법이 많은 차이가 있는지 알고싶습니다!',0,0,0,'2023-02-14 01:46:35.000000','2023-02-14 01:46:35.000000',0,0),(45,9,5,'질문있어요! 알고리즘 공부할때','스택, 큐 시간복잡도 공간복잡도(?) 같은 개념들을 알고 문제를 푸는게 좋나요?\n\n\n아니면 맨땅에 헤딩하는식에 공부방법이 나은가요???\n\n문제해결능력을 기를라면 맨땅에 헤딩하는 식으로 삽질 해가면서 배우는게 낫나요??',0,0,0,'2023-02-14 01:46:35.000000','2023-02-14 01:46:35.000000',0,0),(46,10,6,'CS 스터디 참여의 장단점은 무엇일까요?','CS 스터디를 들까 하는데 어떤 장점이 있고 어떤 단점이 있을까요?\n\n여기서 CS 과목이라 함은 알고리즘, 자료구조, 네트워크, 소프트웨어공학, 데이터베이스, 운영체제 이렇게 6개 전공 과목 정도를 말하구요.\n\n지금 바쁜편이라 스터디 들지 말지 고민 중인데, 이럴 거면 차라리 전공 책 사서 혼자 공부하는 것도 괜찮지 않을까 싶어서 그럽니다.',0,0,0,'2023-02-14 01:46:35.000000','2023-02-14 01:46:35.000000',0,0),(47,10,6,'이론 공부, CS지식','프로그래밍 공부도 중요하지만 좀 더 전문적은 개발자가 되고싶습니다\n\n그래서 CS지식, 이론 공부를 깊게 파보고 싶고, 프로그래밍도 깊게 파보고 싶습니다.\n\n근데 어디부터 시작을 해야될지 모르겠습니다ㅜㅜ\n\n로드맵이 딱히 있는것도 아니고.. 어디서부터 CS지식, 이론공부와 한 언어를 깊게 파야하는지 팁이나 조언 부탁드려도 될까요ㅠㅠ',0,0,0,'2023-02-14 01:46:35.000000','2023-02-14 01:46:35.000000',0,0),(48,10,6,'면접을 위한 cs 전공지식 노트 책 봐보신분 계실까요?','기본적인 cs 개념 공부 및 면접 대비 목적으로 면접을 위한 cs 전공지식 노트 로 공부하려고 하는데 어떻게 생각하시나요?',0,0,0,'2023-02-14 01:46:35.000000','2023-02-14 01:46:35.000000',0,0),(49,10,6,'비전공자가 프론트엔드 개발자 되기 위한 cs 공부 조언 부탁드립니다','면접을 보려면 cs 지식이 필요하다고 들어서 cs공부도 하려는데,\n\ncs공부가 c언어, 자바, 파이썬으로 배우더라구요.\n\n근데 프론트엔드 개발자들은 자바스크립트로 테스트 본다는 얘기도 있고...\n\n프론트엔드 개발자들은 cs 공부를 저 세 언어중 하나로 공부를 따로 해야하나요???\n\n프론트엔드 개발자 cs 공부 방법 같은거 알려주시면 감사하겠습니다..',0,0,0,'2023-02-14 01:46:35.000000','2023-02-14 01:46:35.000000',0,0),(50,10,6,'님들 cs 공부 관련 궁금한 점 있습니다.','안녕하세요.\n\n이번에 cs 공부를 좀 해보려는데 과목이 컴퓨터 구조, 운영체제, 알고리즘, 네트워크, 데이터베이스 이렇게 있더라구요.\n\n바이블이라고 불리는 책들이 있던데 살짝 살펴보니 가격도 엄청 비싸고 쪽수도 어마어마 하더군요. 그리고 컴구 배우려면 논리회로? 알아야하고 이런 것들도 연관되는 게 있는 거 같더군요.\n\n여기서 궁금한 점이 두가지 있습니다. 첫번째는 Introduction to algorithms 3판 번역본이 2013년도에 나온 것이던데 이걸 보는 게 최선의 선택일까요? 바이블인 건 알겠지만 9년 전 도서를 사서 공부하는 게 맞나 싶습니다. 두 번째는 cs 공부가 웹개발자에게 필요한가요? 컴퓨터 구조 책 살짝 보니 뭔 말인 지 하나도 모르겠더라구요. 데이터베이스는 목차보니 어마어마 하구요.. 제가 궁금한 것은 다섯 과목 관련 얕은 지식 정도는 익힐 필요가 있을 거 같은데.. 컴퓨터나 데이터베이스나 네트워크 전문가도 아닌데 저정도 깊이의 공부가 필요할까 싶습니다.\n\n감사합니다.',0,0,0,'2023-02-14 01:46:35.000000','2023-02-14 01:46:35.000000',0,0),(51,11,1,'요즘 프론트신입은 안뽑는다던데','웹 퍼블리셔에서 프론트개발자가되고싶어서 독학중입니다, 그런데 제 주변 개발자들은\n\n요즘 프론트신입을 안뽑는다고해서 웹 퍼블리셔나 계속하라는 의견도있네요\n\n현재 프론트에 실무하고 계신분들은 어떻게보시나요?',0,0,0,'2023-02-14 01:46:35.000000','2023-02-14 01:46:35.000000',0,0),(52,11,1,'프론트 개발자라면 봐야되는 다큐','아래 개발자든 아니든 봐야되는 영화를 소개해주셔서 저는\n\nFront 개발자라면 봐야될 Documentary.\n\nReact.js: The Documentary\n\nhttps://youtu.be/8pDqJVdNa44',0,0,0,'2023-02-14 01:46:35.000000','2023-02-14 01:46:35.000000',0,0),(53,11,1,'정통 대기업들을 프론트엔드가 없는건가요?','안녕하세요.\n\n채용공고들을 찾아보니 정통대기업들(삼성, 현대 등..) 에서 뽑는 개발자, it 포지션은 거의 자바를 이용한 백엔드만 뽑는 것으로 보여지는데\n\n프론트는 따로 모집하지 않는건가요?\n\n만약 그렇다면 si와 같이 프론트단은 jsp나 jquery같은걸로 개발하는건가요?',0,0,0,'2023-02-14 01:46:35.000000','2023-02-14 01:46:35.000000',0,0),(54,11,1,'프론트개발자여도 일단 다 알아야하는거죠..?','포트폴리오 만든다 치면\n\n\n\n프리티어 하나 사고 서버 세팅하고 DB에 더미데이터 채워놓고\n\n\n\n그냥 ip로 걸면 또 뭔가 찝찝하니 도메인 사고\n\n\n\n일단 요까지 베이스로 깔고 프론트단 하기 시작할텐데\n\n\n\n뭔가 다른 방법 있나요? 보통 포트폴리오 어떻게 만드시나요?\n\n\n\n전걍 그때그때 기억해두면 유용하겠다 싶은 코드들 회사 서버에 가상호스트 따서 거기다가 때려박아두는데 나중에 이직할때 뭔가 어떻게 보여줘야할지 모르겠어요\n\n비추천\n',0,0,0,'2023-02-14 01:46:35.000000','2023-02-14 01:46:35.000000',0,0),(55,11,1,'퍼블리셔 라이브러리 사용 프론트엔드 개발자가 싫어할까요?','https://atomiks.github.io/tippyjs/v6/getting-started/\n\n이라는 툴팁을 이번에 사용해볼까 하는데,\n\n이런기타 라이브러리를 사용 안하다가 이번에 사용해보고자 합니다.\n\n개발자랑 소통해서 사용여부 결정할려고 하는데\n\n걱정되는건 제가 이런 라이브러리 사용하고 싶다고 하면\n\n개발자 입장에서 귀찮다거나 머하러 이런거 쓰냐 모르는 라이브러리니 싫어서 언짠은 대답이 돌아올까봐 말하기 가 선듯 망설여지네요.',0,0,0,'2023-02-14 01:46:35.000000','2023-02-14 01:46:35.000000',0,0),(56,12,1,'웹 퍼블리셔에서 프론트로 전향할 수 있을까요?','3년째 퍼블리싱을 하고있는와중 퍼블리셔의 대우에 염증을느껴 프론트로 이직을 생각하게되었습니다..\n\n나이가 30인데 프론트로 가려고 하는것이 늦은게 아닌가 싶기도하고\n\n프론트엔드는 퍼블리셔의 최종형이라고 막연히 생각하고 목표로 잡았었는데 아예 다른 분야더군요..\n\n기본적으로 html, css, jquery할 줄 아는데 프론트엔드에 도움이 될까요?\n\n프론트엔드로 가려면 어떤걸 먼저 배워야할까요..?',0,0,0,'2023-02-14 01:46:35.000000','2023-02-14 01:46:35.000000',0,0),(57,12,1,'프론트엔드, 라이브러리를 잘 쓰는게 잘하는걸까요?','안녕하세요, 입사한지 두달 정도 된 신입입니다.\n\n최근 개발을 후 피드백 진행하던중 선임분이 하드코딩하는 것도 좋지만 라이브러리 활용해서 만드는게 어떻겠냐 자기는 하드코딩보다는 여러 라이브러리(material UI같은 UI를 빠르게 만들 수 있는 라이브러리)를 쓸줄 알고 잘 활용하는게 더 좋다고 생각한다. 라는 말씀을 해주시는데 이게 하드 코딩은 그냥 어느정도만하고 대충 라이브러리 써서 빨리빨리 하는게 더 좋다 느낌으로 말씀을 해주시더라구요.\n\n다른 프론트 개발자 분들도 이렇게 생각하시나요?? 저는 라이브러리만 쓰다보면 뭔가.. 나중에 기획이나 디자인쪽에서 라이브러리로 안될 것 같은 부분들이 오면 쳐내지 못할 것 같아 하드코딩으로 할 줄 알아야한다고 생각하거든요.\n\n참고로 위 상황에서 제가 느리게 코딩을 해서 피드백을 받은 것은 아니고 선임분도 생각보다 빨리했다고 생각하시는 듯한 속도로 해내고 피드백 받은 부분입니다.',0,0,0,'2023-02-14 01:46:35.000000','2023-02-14 01:46:35.000000',0,0),(58,12,1,'혹시 프론트엔드 중급자용 강의는 없나요???','인프런이나 유데미 보면\n\n거의 초급자용 강의들이 대부분이더라구요\n\n혹시 프론트엔드 관련해서\n\n실무용 코드나 조금더 심화된 중급자용 강의는 없을까요??\n\n혹시 있다면 추천부탁드립니다!!',0,0,0,'2023-02-14 01:46:35.000000','2023-02-14 01:46:35.000000',0,0),(59,12,1,'퍼블리셔와 프론트엔드의 요구능력 차이','여기저기 서치하다보니 퍼블리셔 할바에 좀더 준비해서 프론트엔드 개발자로 가라. 하는글을 정말 많이 봤어요\n\n말처럼 쉬운게 아닐거같다는 생각이 드는데,\n\n아무것도 모르는 제가 보기론, 프론트 개발자는 좀더 깊게 탐구하고, 계산하고, 파고드는 집요함이 있어야할것같단 말이죠...\n\n숫자와도 훨씬 더 친밀해야할것같구요.\n\n업무를 할때 퍼블리셔와 프론트개발자의 요구 능력치?의 차이점은 뭐가 있을까요?',0,0,0,'2023-02-14 01:46:35.000000','2023-02-14 01:46:35.000000',0,0),(60,12,1,'프론트에 대해서 어떻게 설명하시나요?','프론트엔드가 화면만 꾸미는 퍼블리셔? 의 일들만 한다고\n\n알고 있는 사람들ㅇ 많은데요 제 주위도 그렇고\n\n약간 웹디자이너==프론트엔드 이렇게 알더라고요\n\n저도 잘 모르기도 하는데,\n\n“프론트엔드가 화면만 꾸미는게 아니라~~”\n\n이 뒤의 말들. 프론트엔드가 하는 일들을 조금 초급 개발자 입장에서 얘기하려면\n\n어떻게 풀어서 얘기하시나요?',0,0,0,'2023-02-14 01:46:35.000000','2023-02-14 01:46:35.000000',0,0),(61,13,1,'java공부 해보려고 하는데 프론트 공부 한게 도움이 될까요?','현재 프론트엔드 개발자로 취업 준비중인 사람입니다.\n\n지방이라 그런지 프론트엔드 자리가 잘 없네요..그래서 백엔드를 공부 해볼려고하는데 javascript를 사용할줄 안다면 java배우는데 도움이 될까요?(개념이라든지 등등..)\n\n현재 프론트단은 react와 next.js로 간단한 프로젝트(쇼핑몰이나 간단한 crud 같은..)들 만들 수 있는 수준은 됩니다.(node와 nosql은 간단하게만 사용 할 줄 압니다)\n\njava강의는 유튜브에 남궁성님의 자바의정석 무료 강의가 있어서 들을려고 하는데 괜찮을까요?\n\n아래는 프론트 취업 준비하면서 만든 포폴 사이트인데 취업 준비 하기에는 아직 이를까요?\n\nhttps://dhgh9590-portfolio.netlify.app/',0,0,0,'2023-02-14 01:46:35.000000','2023-02-14 01:46:35.000000',0,0),(62,13,1,'프론트엔드 전쟁의 승자는 Next.js 인 듯 하네요.','이놈의 (빌어먹을) 프론트엔드는 ES6 이후에 춘추 전국시대 처럼\n\n수십, 수백개의 라이브러리와, 프레임워크들이 등장했죠...\n\n이젠 Amazon, Apple 포함 왠만한 사이트들에서는\n\n<div id=\"__next\">를 아무렇지 않게 볼 수 있죠.\n\n물론 다른 에코시스템들은 그 자리에 생존을 계속하겠지만\n\n가장 많이 쓰이고 가장 거대한 React와 Next.js는\n\n과거 5년을 그랬듯이 향후 5-10년도 왕좌의 자리에 있을 확률이 크겠죠.\n\n전 이쪽 계열의 팬(혹은 지지자)는 아니였기에,\n\n씁쓸하지만 그들이 만들어 놓은 성과에 존경을 표해봅니다...\n\n날이 춥네요.\n\n(아, 물론 Next.js는 백엔드이기도 하다는 걸 제가 모르는건 아닙니다..)\n\n(여담이지만 테크 에반젤리스트 분들이 많이 할동하는 국내 플래폼이 있을까요?)',0,0,0,'2023-02-14 01:46:35.000000','2023-02-14 01:46:35.000000',0,0),(63,13,1,'신입 프론트엔드 포트폴리오 질문!!','안녕하세요.\n\n신입 프론트엔드 포트폴리오 준비할때 질문드립니다\n\nReact 프로젝트로 준비하려고 하는데 라이브러리를 많이쓰면 회사 입장에서 좋지 않게 볼까요?\n\n예를 들어 Tab이나 네비게이션을 바닐라Js로 구현할 수 있지만 효율성을 위해 MUI를 사용하는데 MUI를 사용하는게 취업에는 발목을 잡을지 걱정이어서 질문드립니다.\n\n조언 부탁드립니다!',0,0,0,'2023-02-14 01:46:35.000000','2023-02-14 01:46:35.000000',0,0),(64,13,1,'스프링부트 메인으로 취업해서 프론트단 만지는 경우가 많나요?','제곧내',0,0,0,'2023-02-14 01:46:35.000000','2023-02-14 01:46:35.000000',0,0),(65,13,1,'프론트엔드 선배님들께 질문..','이제 막 코딩 시작한 코린이 입니다..\n\n궁금한게 있는데 요즘 프론트 엔드 개발자들은 디자인업무 까지 다 하는건가요?? ',0,0,0,'2023-02-14 01:46:35.000000','2023-02-14 01:46:35.000000',0,0),(66,14,1,'css 싫어하면 프론트엔드를 직업으로서 할 수 없는걸까요?','react, next 등을 공부하면서 취업을 위해 포트폴리오 겸 개인 웹페이지를 만들고 있습니다.\n\n\n\n\n최근에는 nav bar 기능과 email.js 를 활용해서 이메일을 보내는 기능을 작업했었습니다.\n\n뭔가 막히면 계속 구글링 해가며 어떻게든 해결해나가고 있는데 이 과정은 재밌었습니다.\n\n그 후에 css 스타일링 작업을 하고있는데 재미없고 계속 숨이 턱턱 막히는 기분이 듭니다.\n\n어디서부터 해야할지 감이 안잡힙니다.\n\n\n\n\n템플릿을 사서 작업을 진행할까 싶다가도 마크업 작업만 따로 하는 규모가 있는 팀에 들어가는 경우가 아니면 결국엔 프론트엔드도 css 를 해야하는 걸로 알고 있습니다.\n\n그렇다면 지금 당장 작업하는데 템플릿을 사서 해결하는 방법도 근본적인 해결방법은 아니라는 생각이 들었습니다.\n\n차라리 백엔드를 경험해보고 성향에 맞다면 넘어가는 것도 방법이 될 지 혹은 css 를 그냥 꾸역꾸역 해나가는 것 밖에 답이 없는지 의견을 구해봅니다.',0,0,0,'2023-02-14 01:46:35.000000','2023-02-14 01:46:35.000000',0,0),(67,14,1,'패스트캠퍼스 프론트강의 어떤가요...?','요번에 패스트캠퍼스에서 프론트엔드 올인원 초격차 코스? 로 강의 올려놓은걸 판매하던데\n\n강의 후기를 검색해도 광고글이 거의 대다수고 솔직한 평을 잘 못찾겠더라구요\n\n혹시 패스트캠퍼스에서 똑같은 강의 들어보셨거나 프론트엔드 관련 강의 들어보신분들은 어땠는지\n\n여쭙고자 합니다',0,0,0,'2023-02-14 01:46:35.000000','2023-02-14 01:46:35.000000',0,0),(68,14,1,'프론트엔드 입문자 중고 노트북 추천','비전공자라 복습이 필수일 듯한데 주말에 편의점 알바하면서 쓰려고 중고 노트북 40만원 넘자 않는 선에서 하나 장만하려고 해요\n\n집에 컴터 따로 있어서.. 주말에만 하루에 6시간정도 사용할 거구요 좋은 노트북은 취업하고 사죠 뭐..ㅎㅎ',0,0,0,'2023-02-14 01:46:35.000000','2023-02-14 01:46:35.000000',0,0),(69,14,1,'프론트엔드 신입 취업 포폴에 Firebase쓰면 좀 안좋게 보나요?','팀원 구하기가 어려워서 혼자 풀스택으로 하고 있는데요.\n\n\n\n\nNodeJS로 하다가 Firebase 써보니까 간편해서 확실히 백엔드 퀵으로 구성하기엔 좋은 것 같습니다.\n\n\n\n\nFirebase가 실무에서는 거의 안쓰는것은 알고는 있지만,\n\n\n\n\n포폴에 쓰면 혹시 안 좋게 생각할까요?\n\n\n\n\n시간 좀 걸리더래도 NodeJS를 하는게 나을지 의견 여쭤봅니다.',0,0,0,'2023-02-14 01:46:35.000000','2023-02-14 01:46:35.000000',0,0),(70,14,1,'si 프론트엔드??','si는 프론트/백으로 나뉘지 않고 jQuery spring 정도를 사용하는 풀스택 개발을 한다고 하는데 맞나요?\n\n\n\n\nspa 같은 프론트엔드 프레임워크를 사용한다든가.. 혹은\n\n프론트엔드 개발자 백엔드 개발자가 따로 있다거나 하는 경우는 드문가요?',0,0,0,'2023-02-14 01:46:35.000000','2023-02-14 01:46:35.000000',0,0),(71,15,1,'프론트엔드 쉽지 않네요','백엔드보다 진입장벽이 낮은 줄 알았어요.\n\nHTML, CSS 는 충분하다고 생각했는데\n\n\n\n\n우물 안 개구리였네요 \n\n\n\n\nHTML,CSS도 깊게 들어가면 끝이 없군요...\n\n\n\n\n자스랑 제이쿼리, 리액트 NEXTJS TypeScript는 언제 배울려나 ㅠㅠ\n\n기본기에 충실해야겠다는 생각 밖에 없네요. html css js 깊게 배워야겠습니다.',0,0,0,'2023-02-14 01:46:35.000000','2023-02-14 01:46:35.000000',0,0),(72,15,1,'프론트엔드 공통으로 가게되면 컴포넌트 만들어야하나요?','vue.js 공통개발 , 프론트단 공통은 안해봐서 업무범위가 어느정도인지 모르겟네요.\n\n\n공통개발인 경우에 단가는 어떻게 되나요?',0,0,0,'2023-02-14 01:46:35.000000','2023-02-14 01:46:35.000000',0,0),(73,15,7,'django 프로젝트','안녕하세요 파이썬을 독학으로 공부하고 있는 학생입니다. \n\ninflearn에 있는 django강의를 들으면서 프로젝트를 만들어 보려고 하는데 신입이 프로젝트 만드는데 시간이 오래 걸릴까요?\n\n열심히 해도 6개월 넘게 걸리겠죠?',0,0,0,'2023-02-14 01:46:35.000000','2023-02-14 01:46:35.000000',0,0),(74,15,7,'스프링으로 사이드 프로젝트 진행중인데','간단하게 무료로 테스트 해볼수있는 임시 서버구축이 가능한 방법이 있을까요?',0,0,0,'2023-02-14 01:46:35.000000','2023-02-14 01:46:35.000000',0,0),(75,15,7,'빅데이터 기술을 적용한 프로젝트, 웹 (스프링 부트 + 리액트) 기술 적용해보기?','이번 기회 빅데이터 기술을 적용한 프로젝트를 만들어야 합니다.\n\n그래서 사람들이 주로 사용하는 웹에 적용한 빅데이터를 적용하려고 합니다. (대용량 처리 분산 처리시스템?을 구현한 웹?)\n\n빅데이터를 웹 (스프링 부트 + 리액트) 기술에 적용해야하는데 가능할까요?\n\n대용량 분산 처리 시스템을 화면에 띄워주다?',0,0,0,'2023-02-14 01:46:35.000000','2023-02-14 01:46:35.000000',0,0),(76,16,7,'프로젝트의 성공여부는 뭐라고 생각하시나요 ?','궁금합니다.',0,0,0,'2023-02-14 01:46:35.000000','2023-02-14 01:46:35.000000',0,0),(77,16,7,'윈도우10 -> 11로 넘어가면 현재 프로젝트에 영향이 있을까요','윈도우 11 업데이트가 무료로 가능해서요.\n\nos 버전 변경에 따라 현재 진행 중인 프로젝트에\n\n영향이 갈 수도 있을까요??',0,0,0,'2023-02-14 01:46:35.000000','2023-02-14 01:46:35.000000',0,0),(78,16,7,'프로젝트를 잘하기 위해선?','프로젝트를 잘하기 위해선 즉, 하나의 결과물을 잘 만들기 위해선 클론 코딩이 거의 필수적이라고 생각하시나요?\n\n저는 남들보다 머리가 좋지 못하고 그렇다고해서 습득력이 빠른것도 아닙니다. 요즘 리액트를 배워 css와 함께 페이지등을 만들고 있습니다만, 라이브러리를 가져다가 쓰기도 어렵고, json형식의 state 관리도 꽤 힘듭니다. UseRffect 같은 hook이나 fetch 같은 필수적인 함수도 애를 먹고요.\n\n이럴 경우는 클론 코딩이 반드시 필요하시다고 보시는지요?\n\n제가 말하는 클론 코딩은 간단히 책에 있는 예제 따라하기 말고 강사들이 직접 미니 프로젝트를 만드는것을 따라하며 배우는 것을 말합니다.',0,0,0,'2023-02-14 01:46:35.000000','2023-02-14 01:46:35.000000',0,0),(79,16,7,'포폴용 사이드 프로젝트 팀원은 다들 어디서 구하시나요?','이직할때가 온듯 싶어서 남는 시간에 팀프랑 갠프 하나씩 만들고 싶은데 팀원을 어디서 구하는지 팁 좀 알려주실수 있나요?!',0,0,0,'2023-02-14 01:46:35.000000','2023-02-14 01:46:35.000000',0,0),(80,16,7,'토이프로젝트에 적용할만한 값싼 DB 호스팅업체 있을까요?','그냥 간단한 토이프로젝트로 커뮤니티 홈페이지를 만들었는데, 예전에 AWS에서 RDS 프리티어로 DB 만들었더니 요금이 많이 나오더라고요...\n\n그래서 이번엔 월 얼마씩 내더라도 저렴한 DB 호스팅 업체가 있으면 좋겠는데 혹시 추천해주실만한 DB 호스팅업체 있을까요?\n\n일정 접속자수나 DB용량이 초과되면 알아서 접속이 끊겨도 괜찮습니다.',0,0,0,'2023-02-14 01:46:35.000000','2023-02-14 01:46:35.000000',0,0),(81,17,7,'면접가서 프로젝트 질문받을때, 프로젝트 코드도 자세히 보시나요??? (대기업 제외)','프로젝트 코드도 보시나요?!?\n\n회사 by 회사인거는 알지만 보편적으로요!!',0,0,0,'2023-02-14 01:46:35.000000','2023-02-14 01:46:35.000000',0,0),(82,17,7,'개인 프로젝트하는데 산넘어 산입니다','개인 프로젝트 진행하는 취준생인데\n\n정말 하나하나 다 문제가 발생하네요\n\n하루라도 막힘없이 에러없이 깔끔하게 진행하고싶은데 정말 단 하루도 빠지지 않고 문제가 발생합니다\n\n겨우겨우 배포 돌렸더니 에러나고., 하나 해결하면 또나고..이제는 도메인을 사서 도메인이랑 연결해주려하는데\n\n이 간단한것조치 이유는 모르겠는데 안되네요\n\n이렇게 몇달 하다보니 너무 지칩니다\n\n이번 문제해결해봐야 바로 또 다른 문제 생길거고, 그러면 또 해결하는데 며칠쓰고…\n\n그냥 손대기가 싫어요 원인 파악한다고 머리쓰는것도 지치고..\n\n프로젝트 수준도 낮은편인데 그마저도 자꾸 이러니 너무 힘드네요 정말\n\n왜 이렇게 되는게 없을까요',0,0,0,'2023-02-14 01:46:35.000000','2023-02-14 01:46:35.000000',0,0),(83,17,7,'기존 프로젝트를 import할때 원래 오류 많이 나나요?','기존에 서비스되던 프로젝트인데…\n\n제가 수정할 일이 있어서 제 로컬에서 돌려보려고 지금 세팅중인데요\n\n소스는 다 받았는데 톰캣쪽 환경설정은 왜 그렇게 쉽게 받을 수 없는 걸까요?\n\n톰캣쪽에서 워크스페이스 밑에 .metadata 폴더 밑에 server 이쪽 폴더에서 뭘 못 찾는지 에러가 나네요\n\n전에 sm할때는 이클립스설치 된 pc를 지급 받아서 그냥 소스만 내려 받으면 됐고 돌려보는 것도 자동으로 설정이 되어 있는지 따로 만질게 없었거든요\n\n이번에 여기 프로젝트 초반에 이런 프로젝트를 3~4개 세팅해야 했는데 그때도 오류 잡아서 세팅 완료해서 지금 잘 돌아가서 개발 하고 있는데…\n\n또 새로운 걸 세팅해야 하는데 이건 메뉴얼도 제대로 없고 물어볼 데도 마땅히 없어서 그런지 막히고나서 해결이 안 되네요\n\n원래 다른 곳도 그런가요?\n\n있으신 곳은 어떤지 궁금하네요\n\n다른 pc에서 실행되던 프로젝트를 또 다른 pc로 그대로 복사해 온다는 게 쉽지가 않네요 ㅠㅠ',0,0,0,'2023-02-14 01:46:35.000000','2023-02-14 01:46:35.000000',0,0),(84,17,7,'개인 토이프로젝트에서 정보사이트를 다뤄보신분 계실까요?','제가 지금 개인 프로젝트로 어떠한 정보를 모아서 보여주는 사이트를 만드려고하는데\n\n단순히 크롤링해서 모아보기 이런사이트가 아니라 데이터를 나름 다듬어서 양질의 정보로 변환하여 보여주려고하는데\n\n혹시 이런느낌으로 프로젝트 해보신분 계시다면 답변 해주시면 정말 감사하겠습니다.\n\n일단 필요하다고 생각되는게\n\n1) 단순 크롤링 데이터를 유의미한 데이터로 변경\n\n2) 해당 데이터를 저장할곳\n\n두가지가 일단 필요하다고 보여지는데\n\n혼자서 주먹구구식으로 할까 하다가 요새는 별별 라이브러리가 다 나오는거같아서\n\n혹시 이런쪽으로 라이브러리나 뭔가 툴 비슷하게 사용해보신분 있을까 궁금해서요\n\n예를들면 여행지 사이트라면 이 여행지의 후기라던가 가격정보를 그대로 크롤링해서 보여주는것이 아닌 가격대별로 조회할수있도록 데이터를 정리해주는 무언가가 있을까 싶어서 글을 남겨봅니다.\n\n그런게 없다면 그냥 원래 계획대로 스스로 데이터를 다뤄보려고합니다.',0,0,0,'2023-02-14 01:46:35.000000','2023-02-14 01:46:35.000000',0,0),(85,17,7,'신입 포트폴리오 프로젝트 검토할 때 커밋내역','레포지토리에 커밋마다 어떻게 진행했는지 확인하나요?\n\n아니면 그냥 횟수정도만 확인하나요?',0,0,0,'2023-02-14 01:46:35.000000','2023-02-14 01:46:35.000000',0,0),(86,18,7,'개인 프로젝트 만드는 최소 요건??','현재 자바 문법 공부를 마친 후\n\n \n\n김영한님 - 스프링 완전 정복 로드맵 중 -> 스프링 핵심 원리 - 기본편을 수강 중인데요 !!\n\n \n\n게시판이나, 개인 프로젝트를 만들 수 있는 수준에 다다르려면 로드맵 중 어느 단계까지 들어야 할까요??',0,0,0,'2023-02-14 01:46:35.000000','2023-02-14 01:46:35.000000',0,0),(87,18,7,'소켓통신으로할만한 프로젝트 뭐가있을까요','파이썬 소켓통신으로 프로젝트할만한 주제 추천부탁드립니다 (_ _)',0,0,0,'2023-02-14 01:46:35.000000','2023-02-14 01:46:35.000000',0,0),(92,19,8,'[리뷰] 거니의 파이썬','이썬에 관해 유튜브로 찾아보곤 했는데 파이썬으로 할 수 있는게 정말 많다는걸 느꼈다.!\n\n파이썬으로 웹크롤링(?), 게임만들기, 서버개발, 자동업무화 등 하고싶은게 너무 많고 실생활에 쓸 수있는 것을\n\n유용하게 만들 수 있는 언어인데 쉽고 간결하기까지한데 어떻게 해야할지 감이 안잡히는 상황이였는데\n\n거니의 파이썬 책을 보고 30일에 걸쳐서 하루에 한챕터씩 한다는 생각으로 같이 병행하고 있는데\n\n정말 재미있고 설치과정부터 자세히 나와있어서 도움이 많이 된다.\n\n최고 !!',0,0,0,'2023-02-14 01:46:35.000000','2023-02-14 01:46:35.000000',0,0),(93,19,8,'빠른 웹사이트 빌드 프레임워크 astro','capture from: https://astro.build/\n\n시작은 node.js 기반에서 쉽게 시작할 수 있습니다.\n\nnpm create astro\n\n생성된 폴더로 이동해서 npm run dev 로 프로젝트를 바로 실행할 수 있습니다.\n\nhttps://docs.astro.build/en/getting-started/\n\n\n100초짜리 astro 소개 동영상입니다.',0,0,0,'2023-02-14 01:46:35.000000','2023-02-14 01:46:35.000000',0,0),(94,19,8,'개발자에게 유용한 구글링 기록 도구(북마크) 소개',' 안녕하세요! 링크 기반의 지식 큐레이션 플랫폼을 만드는 피큐레잇입니다. \n혹시 구글링 많이 하시나요? 아마 일상에서, 업무하시면서 구글링이나 링크 저장을 정말 많이 하실 텐데요, 저희는 그런 개발자분들이 최소 노력으로 최대의 지식 관리 효율을 드리는 툴이 되려고 노력하고 있습니다👩💻 \n\n크롬 북마크나 메모장, 카톡 나와의 채팅은 편하지만 나중에 찾기가 어렵고, 노션은 잘 정리할 수 있지만 깔끔하게 하려면 시간과 노력이 많이 들잖아요💦 \n피큐레잇은 크롬 익스텐션으로 구글링하다가 바로 링크를 저장할 수 있고, 주제만 정해서 카테고리에 맞게 넣기만 하면 바로 저장이 가능합니다. 크롬 익스텐션으로 링크 수십 개도 한 번에 저장할 수 있기도 하구요. (앱도 있어요!) 분명 개발자분들께서 더 나은 구글링 기록을 남기시는 데 플러스 알파가 될 거라고 생각합니다. \n\n많은 개발자분들께 도움이 되고자 이렇게 피큐레잇을 알리는 메시지를 올리게 됐는데요, 만약 링크 저장, 관리에 어려움을 느끼고 계셨다면 한번 피큐레잇을 시도해보시면 어떨까 싶습니다🙇♀️ 관심 있는 분들은 아래 링크로 한번 구경해보세요!\n\n피큐레잇 구경해보기 👉 https://bit.ly/3GGNsrE\n맨땅에서 백엔드 개발 시작하기 👉 http://bit.ly/3H1g0xm',0,0,0,'2023-02-14 01:46:35.000000','2023-02-14 01:46:35.000000',0,0),(95,19,8,'Low-code와 No-code','골드만삭스에 따르면 이 시장은 2030년 1,870억달러(약 235조 6761억원) 규모로 커질 것이며, 가트너에서는 2024년에는 전 세계 어플리케이션 개발 중 65%이상이 노코드 플랫폼이 사용될 것이라고 하는 만큼 성장세가 가파른 것 같습니다.\n\n코딩을 줄여 Digital Transformation을 앞당기자 라는 목소리도 나오는 지금, No-code와 Low-code의 개념, 개발 경험 그리고 개발자로서 이러한 변화 속에 어떻게 대응해 나가야하는지 Dev.Inn에서 확인해보시길 바랍니다 😄\n\n✅ 1편 : No-code와 Low-code 개념 설명 -> https://lnkd.in/gGbaktyj\n\n✅ 2편 : No-code 개발 플랫폼 Unqork -> https://lnkd.in/gPEmhhcT\n\n✅ 3편 : Unqork을 활용한 개발 수행기 -> https://lnkd.in/g-VNmWbx\n\n✅ 4편 : No-code/Low-code 도입의 성공 조건 -> https://lnkd.in/gXAfGHs8',0,0,0,'2023-02-14 01:46:35.000000','2023-02-14 01:46:35.000000',0,0),(96,20,8,'웹 어샘블리 로드맵','스크립트 언어에서 제한적인 것들이 있어요.\n\n웹 브라우저에서는 더 많은 제한이 있었는데요.\n\n다 된 것은 아니지만 지금은 많이 나아졌어요.\n\nRoadmap - WebAssembly',0,0,0,'2023-02-14 01:46:35.000000','2023-02-14 01:46:35.000000',0,0),(97,20,8,'데이터로 세상을 최적화한다고?_데이터엔지니어의 모든 것','데이터 직군은 왜 생긴 걸까요?\n\n기업들이 데이터를 중요하게 생각하게 된 계기는 무엇일까요?\n\n떠오르는 의문을 바탕으로 데이터엔지니어에 대한 글을 작성해 봤습니다.\n\nhttps://f-lab.kr/blog/everything-about-data-engineer',0,0,0,'2023-02-14 01:46:35.000000','2023-02-14 01:46:35.000000',0,0),(98,20,8,'초보자를 위한 오픈 소스 시작하기','번역체로 공유합니다.\nfrom: https://dev.to/eoeboh/open-source-101-for-beginners-30af',0,0,0,'2023-02-14 01:46:35.000000','2023-02-14 01:46:35.000000',0,0),(99,20,8,'초보자를 위한 오픈 소스 시작하기','여러 셰프가 주방에서 맛있는 요리를 조리하고 수석 셰프가 이 요리를 감독한다고 상상해 보세요. 누구나 더 많은 재료나 음식을 추가하고, 나쁜 맛을 바로잡고, 이 요리에 대한 더 나은 아이디어를 제안함으로써 요리를 개선할 수 있습니다.\n\n이 상황에서 누구든지 먼저 요리의 정확한 샘플을 채취하고 수정한 다음, 감독 셰프에게 샘플을 제출하여 잠재적으로 실제 요리에 추가할 수 있도록 맛난 요리에 기여할 수 있습니다.\n그러나 이 요리에 포함될 모든 샘플은 수석 셰프와 몇 명의 추가 감독 셰프의 승인을 받아야 합니다.\n\n위 상황은 소프트웨어 개발에서 오픈 소스의 개념을 정의합니다.\n\n요리는 구축 또는 유지 관리 중인 제품 또는 소프트웨어를 나타냅니다.\n\n헤드 셰프는 프로젝트의 소유자 또는 작성자를 나타냅니다.\n\n감독 셰프는 프로젝트의 관리자 입니다.\n\n기여자는 당신과 나를 포함하여 누구나 될 수 있습니다.\n\n이제 비교 가능한 실제 상황이었지만 실제로 오픈 소스 프로젝트란 무엇입니까?\n\n오픈 소스 프로젝트란 무엇입니까?\n\n간단히 말해서 오픈 소스 프로젝트는 대중에게 공개되어 누구나 검사, 사용, 수정 및 배포가 가능한 소스 코드가 포함된 소프트웨어로 정의할 수 있습니다.\n\n이제 오픈 소스가 무엇인지 이해했을 것입니다. 다음은 오픈 소스 환경에서 사용되는 용어와 그 의미를 살펴보겠습니다.\n\n오픈 소스 용어\n\n이 시점에서 할당된 역할과 일반적인 오픈 소스 프로젝트에서 사용되는 용어를 살펴보겠습니다.\n\n오픈 소스 프로젝트에서의 역할\n\n작성자: 프로젝트 작성자입니다. 프로젝트는 저자가 설정하고 감독합니다. 그들은 프로젝트 유지를 돕기 위해 다른 기여자에게 새로운 역할을 할당하는 것과 같은 작업을 수행할 수 있는 권한이 있습니다.\n\n관리자: 프로젝트를 이끌고 프로젝트의 목표 또는 비전이 달성되도록 하는 책임이 있습니다.\n그들은 일반적으로 검토, 풀 리퀘스트 승인/거부, 문제 할당, 프로젝트 행동 강령 유지, 잠재적인 개선에 대한 토론 주도 등의 권한을 가집니다.\n\n기여자: 이들은 오픈 소스 프로젝트에서 기능을 추가하거나 버그를 수정하고 열린 문제와 토론을 하는 사람들입니다. 그들은 이러한 작업을 수행할 때 규정된 지침을 따릅니다.\n\n커뮤니티 회원: 오픈 소스 프로젝트를 사용하고 유지 관리하는 사람들입니다. 귀중한 피드백을 제공하고, 버그를 보고하고, 프로젝트에 기능을 제안합니다. 커뮤니티는 오픈 소스 프로젝트를 주도하는 것이며 기술 및 비기술 인력으로 구성됩니다.\n\n오픈 소스 용어\n\nReadMe 파일: 오픈 소스 프로젝트를 소개하고 설명하는 텍스트 파일입니다. readme 파일에는 프로젝트에 기여하는 방법에 대한 지침, 프로젝트 행동 강령, 지금까지 기여자 목록, 프로젝트 라이선스 등과 같은 항목이 포함되어 있습니다.\n오픈 소스 readme 파일의 좋은 예는 ReactPlay의 readme 입니다.\n\n기여(Contributing) 지침: 여기에는 개발 환경 설정, 필요한 종속성 설치, 끌어오기 요청 방법 등을 포함하여 해당 프로젝트에 기여하는 방법에 대한 단계별 설명이 포함됩니다. 기여를 시작하려면 프로젝트의 기여 지침을 확인하는 것이 중요합니다.\n\n행동 강령(Code of Conduct): 일반적인 오픈 소스 프로젝트에는 행동 강령이 포함되어 있으며, 이는 프로젝트 참여자 간에 규칙, 규정 및 예상되는 행동을 설정하는 문서로 가장 잘 설명됩니다. 행동 강령을 시행하면 프로젝트 내에서 포용적인 커뮤니티를 육성하는 데 도움이 됩니다.\n\n이슈: 이슈는 기능을 제안하고, 버그를 보고하고, 토론을 주최하기 위해 열리는 티켓입니다. 일반적으로 기여자가 작업을 시작하기 전에 먼저 이슈를 설명하는 항목을 열어야 합니다(또는 기존 이슈를 확인). 그런 다음 유지 관리자는 일반적으로 이슈를 기여자에게 할당합니다.\n또한 이슈에는 난이도, 진행 상태 및 사용 가능 여부를 설명하는 레이블이 함께 표시될 수 있습니다.\n\n풀 리퀘스트: 풀 리퀘스트는 검토가 필요한 변경 사항에 대해 다른 사람에게 알릴 수 있는 작업입니다. 따라서 기여자가 풀 리퀴스트를 열면 관리자와 다른 기여자가 제안된 변경 사항을 검토하고 논의하고 수정 사항이 있으면 논의하고 만족스러운 경우 풀 리퀘스트가 기본 소스 코드에 병합됩니다.\n\n라이선스: 모든 오픈 소스 프로젝트에는 라이선스가 필요합니다. 오픈 소스 라이선스가 없으면 소스 코드는 GitHub에 공개적으로 게시된 경우에도 다른 사람이 사용할 수 없습니다.\n라이선스는 소프트웨어로 수행할 수 있는 작업과 수행할 수 없는 작업을 설명합니다. 널리 사용되는 오픈 소스 라이선스의 예로는 MIT , Apache 라이선스 , Mozilla Public License 등이 있습니다.\n\n오픈 소스를 시작하는 방법\n\n첫째, 오픈 소스 기여는 코딩 기술만 있는 사람들에게만 국한되지 않는다는 점에 주목하고 싶습니다. 실제로 대부분의 오픈 소스 프로젝트에는 문서 작성, 오타 수정, UI/UX 디자인, 심지어 언어 번역이 필요합니다.\n\n기여할 새로운 오픈 소스 프로젝트를 검색할 때 주의해야 할 특정 작업이 있습니다.\n\n라이선스를 확인하십시오. 프로젝트에 MIT와 같은 허용 가능한 라이선스가 있으면 소스 코드를 자유롭게 수정하고 기여할 수 있음을 의미합니다.\n\n프로젝트에서 어떤 기술 스택이 사용되고 있는지 확인하십시오. 예를 들어 Python만 사용한다면 오픈 소스 Python 프로젝트에 기여하고 싶을 것입니다. Swift 또는 C#을 기반으로 하는 프로젝트는 적합하지 않습니다.\n\n프로젝트 커뮤니티가 얼마나 포용적이고 친근한지 관찰하십시오. 초보 기여자는 말할 것도 없고 새로운 기여자를 환영하지 않는 일부 오픈 소스 프로젝트가 있습니다. 이러한 프로젝트는 첫 번째 오픈 소스 기여를 검색할 때 피하는 것이 가장 좋습니다.\n\n프로젝트에 좋은 readme 파일과 기여 지침이 있는지 확인하십시오.\n\n리포지토리의 활동 수를 확인하십시오. 마지막 커밋이 언제였습니까? 토론은 얼마나 자주 수행됩니까?\n\n메인테이너가 열린 이슈 또는 풀 리퀘스트에 응답하는 시간을 확인합니다. 관리자가 응답하는 데 너무 오래 걸리는 프로젝트는 시작하기에 적합하지 않을 수 있습니다.\n\n대부분의 활성 오픈 소스 프로젝트에는 프로젝트 토론, 커뮤니티 호출이 자세히 이루어지는 Discord 또는 Slack 채널이 있습니다. 채널에 가입하고 새로운 기여자로 자신을 소개하는 것은 특히 비코딩 기여자를 위해 프로젝트에 참여하는 좋은 단계입니다.\n\n활성 Discord/Slack 채널은 그러한 프로젝트가 환영하고 포용적이라는 좋은 표시입니다. 디자이너, 기술 작가, 프로젝트 관리자와 같은 비코딩 기여자의 경우 채널은 참여, 공유 및 기여를 전달하는 가장 좋은 방법입니다.\n\n기여할 오픈 소스 프로젝트를 찾는 방법\n\n기여할 첫 번째 오픈 소스 프로젝트를 찾는 데 도움이 되는 사이트는 다음과 같습니다.\n\nUp For Grabs\n\nFirst Timers Only\n\n24 Pull Requests\n\nOpen Source Friday\n\nHacktoberfest\n\nGood First Issues\n\n오픈 소스의 모범 사례\n\n오픈 소스에서 삽질하는 것은 훌륭한 단계이지만 훨씬 더 나은 방법으로 작업을 수행하는 방법을 아는 것은 모든 프로젝트에 귀중한 기여자가 될 것입니다. 참고해야 할 몇 가지 모범 사례는 다음과 같습니다.\n\n좋은 사람 기술과 의사 소통\n\n새로운 이슈를 열기 전에 유사한 이슈에 대한 기존의 열린 이슈를 확인하십시오.\n\n이슈에 대한 이슈를 생성하고 작업을 시작하고 풀 리퀘스트를 제출하기 전에 할당을 기다립니다.\n\n모든 이슈에는 복잡성 또는 난이도 수준을 나타내는 레이블이 있어야 합니다.\n\n이슈가 할당되는 즉시 최대한 빨리 작업을 시작하고 풀 리퀘스트를 제출하세요.\n\n항상 프로젝트 관리자가 설정한 기여 지침을 따릅니다.\n\n이미 다른 기여자에게 할당된 이슈에 대한 작업을 피하십시오.\n\n작업할 수 있을 만큼 자신 있는 이슈를 항상 맡습니다.\n\n풀 리퀘스트를 제출하기 전에 모든 충돌을 해결하십시오.\n\n설명적인 커밋 메시지 작성\n\n한 번에 1~3개 프로젝트 사이의 몇 가지 오픈 소스 프로젝트에만 집중하십시오.\n\n인기 있는 오픈 소스 프로젝트\n\nGitHub에서 인기 있는 많은 오픈 소스 프로젝트를 이 링크 에서 찾을 수 있습니다 .\n\n결론\n\n오픈 소스는 기술적 배경이나 기술 수준에 관계없이 모든 사람을 위한 것입니다. 또한 오픈 소스는 기술 향상, 필요한 경험 제공, 팀워크 및 협업 기술 향상, 네트워크 성장 및 잠재적인 일자리 확보와 같은 많은 이점을 제공합니다.\n\nfrom: https://dev.to/eoeboh/open-source-101-for-beginners-30af',0,0,0,'2023-02-14 01:46:35.000000','2023-02-14 01:46:35.000000',0,0),(100,20,8,'JAVA에서 접근제한자를 사용하는 이유','그동안 자바에서 접근제한자를 사용하는 이유를 외부에서의 사용범위에 따른 설정 정도로만 알고 있었다. 사실 매우 기초적인 부분이지만 예상컨대, 나와 비슷한 사람들 분명 많을 것이다. 최근 자바 관련 공부를 하다가 문득 접근제한자를 쓰는 이유에 대해 의문이 들었다. 접근제한자를 쓰는 이유가 외부에서 사용해도 되거나 사용하면 안되는 것을 지정하는 건데 만약에 사용하면 안된다면 그냥 안쓰면 되는거 아닌가? 하는 의문에서 시작이 되었고 이 이유에 대해 찾아본 결과 이것은 매우 간단했고 생각보다 중요한 사실이었다. 접근제한자를 사용하는 이유는 프로젝트에서 협업을 할 때, 코드 작성자의 의도를 전달하기 위해서였다고 한다.... 나만 몰랐던건가...?ㅎ',0,0,0,'2023-02-14 01:46:35.000000','2023-02-14 01:46:35.000000',0,0),(101,20,8,'[공지] 게시물 관리 정책','게시물이 아래의 기준에 해당할 경우 관리의 대상이 됩니다.\n\n     ① 각종 법에 위배되는 내용을 올린 경우\n\n     ② 도배성으로 유사 내용을 반복해서 올리는 경우\n\n     ③ 불쾌감을 유발하는 내용이 포함된 경우\n\n     ④ 욕설 · 비속어를 사용한 경우\n\n     ⑤ 게시판의 목적과 무관한 내용이 포함된 경우\n\n     ⑥ 증오 · 모욕 등 특정 회원을 대상을 겨냥한 내용이 포함된 경우\n\n     ⑦ 회원 기만 · 비난 · 비하 등 다른 이용자 또는 제3자를 비방하거나 명예를 손상시키는 경우',0,0,0,'2023-02-14 01:46:35.000000','2023-02-14 01:46:35.000000',0,1),(102,20,8,'[공지] 개인정보 처리방침 개정 안내','안녕하세요 JUSTUDY 운영팀입니다.\nJUSTUDY을 이용해 주시는 여러분께 항상 감사드립니다.\n\n2023년 2월 14일부터 JUSTUDY 이용약관과 개인정보처리방침이 아래와 같이 개정될 예정이니 이용에 참고하여 주시기 바랍니다.\n\n\n◾개정 사유\n- 이용자 보호 및 보다 안정적인 서비스 제공을 위함\n- 개인정보 취급방침 > 개인정보 처리방침 문구 변경\n\n◾시행일\n- 2023년 2월 14일\n\n\n감사합니다.\nJUSTUDY 팀 드림',0,0,0,'2023-02-14 01:46:35.000000','2023-02-14 01:46:35.000000',0,1),(103,20,8,'[서비스 장애 발생 공지] 2023년 2월 서비스 장애 후기','안녕하세요! JUSTUDY 운영팀 입니다.\n2023년 2월 14일 오전 10시 40분 부터 오후 5시까지 서비스 접속에 문제가 있었습니다.\n불편을 겪으신 많은 유저분들께 죄송하다는 말씀을 드립니다.\n\n경과\n오전 10시 40분 서비스 속도 저하 및 장애를 인지 했으며\n오전 11시 10분 부터 원인 파악 및 DB 확장, 서비스 코드 수정 등을 진행해\n오후 5시 10분 정상화를 완료하였습니다.\n복합적인 요인으로 인해 서비스 정상화 작업 시간이 많이 소요됐습니다.\n\n원인\n커뮤니티 서비스에서 대규모 트래픽이 유입 됐습니다.\n그 과정에서 저희 서비스에서 성능적으로 취약한 부분이 있어 서비스 장애가 발생했습니다.\n\n앞으로\n이번 장애는 예전과는 다르게 여러 상황과 우연, 그리고 저희의 부족함이 겹쳐서 발생했습니다.\n덕분에 다양한 부분에서 기술적 개선점을 발견할 수 있었습니다.\n서비스 규모와 유저의 속도가 증가하면서 최근 여러번 불편을 겪게 만들어 드렸던거 같습니다.\n앞으로 6~7월 동안 이런 취약점 개선이나 안정화에 중점을 두고 프로젝트를 실행할 예정이에요.\n\n다시한번 죄송합니다. 감사합니다. 🙇🏻‍♀️ 🙇🏻\n불편을 겪으면서도 오히려 저희를 응원해주신 분들께도 감사의 말씀을 드려요.\n이번 실수와 배움을 통해서 앞으로 더 안정적인 서비스를 만들도록 하겠습니다.\n\n싱그러운 여름 맞이하세요~!\n감사합니다.\n\nJUSTUDY 드림 ',0,0,0,'2023-02-14 01:46:35.000000','2023-02-14 01:46:35.000000',0,1);



INSERT INTO community_bookmark VALUES 
	(0, 1, 10, now()),
    (0, 1, 15, now()),
    (0, 1, 30, now()),
    (0, 1, 45, now()),
    (0, 1, 60, now()),
    (0, 2, 5, now()),
    (0, 2, 7, now()),
    (0, 3, 10, now()),
    (0, 3, 66, now()),
    (0, 4, 19, now()),
    (0, 4, 26, now()),
    (0, 5, 11, now()),
    (0, 5, 69, now()),
    (0, 6, 99, now()),
    (0, 6, 55, now()),
    (0, 7, 16, now()),
    (0, 7, 17, now()),
    (0, 8, 76, now()),
    (0, 8, 74, now()),
    (0, 9, 14, now()),
    (0, 9, 15, now()),
    (0, 10, 51, now()),
    (0, 10, 49, now()),
    (0, 11, 15, now()),
    (0, 11, 78, now()),
    (0, 12, 59, now()),
    (0, 13, 72, now()),
    (0, 13, 71, now()),
    (0, 14, 98, now()),
    (0, 14, 97, now()),
    (0, 15, 75, now()),
    (0, 15, 21, now()),
    (0, 16, 90, now()),
    (0, 17, 11, now()),
    (0, 17, 45, now()),
    (0, 18, 76, now()),
    (0, 19, 44, now()),
    (0, 19, 85, now()),
    (0, 20, 100, now()),
    (0, 20, 59, now());
    
INSERT INTO community_love VALUES 
	(0, 1, 1, now()),
    (0, 1, 2, now()),
    (0, 1, 3, now()),
    (0, 2, 1, now()),
    (0, 2, 2, now()),
    (0, 2, 3, now()),
    (0, 3, 1, now()),
    (0, 4, 2, now()),
    (0, 5, 3, now());
    
INSERT INTO `study` 
( `study_seq`,
  `study_category_seq` ,
  `upload_file_seq` ,
  `study_name`,
  `study_leader_seq`,
  `study_introduction` ,
  `study_population` ,
  `study_level` ,
  `study_meeting`,
  `study_is_open`,
  `study_github` ,
  `study_notion` ,
  `study_created_time` ,
  `study_modified_time`,
  `study_start_time` ,
  `study_on_air`)
VALUES 
(1,38,8,'알고리즘 스터디',1,'알고리즘을 풀고, 설명하는 능력을 키우자. 궁극적으로 취업을 하자.',6,'중수','온라인',1,'https://github.com/ssafy-yummy/lil-yummy','https://notion.com','2023-02-14 01:46:35.000000',NULL,'2023/02/14',0),
(2,31,8,'플러터 진도스터디 세번째로 도전합니다',1,'코드팩토리 초급플러터 강의 진도스터디를 세번째로 모집합니다.\n기존 두번의 스터디는 중반까지 진행되다 쫑이 났고\n그간의 경험을 살려 이번에는 기필코 끝을 보리라 마음먹고 같이 공부할 분을 구합니다',10,'초보','온라인',1,'https://github.com/ssafy-yummy/lil-yummy','https://notion.com','2023-02-14 01:46:35.000000',NULL,'2023/02/14',0),
(3,16,8,'Java / Spring 백엔드 신입 or 저연차 취업 스터디!!',1,'취업을 위한 스터디입니다!\n\n주제는 아래와 같습니다.\n\n코딩 테스트\n알고리즘 1일 1문제 (난이도는 본인 자유!)\n\nSQL 쿼리 문제 1주일 2문제 이상\n\n기본 SQL (MySQL)\n책 한권을 정해서 책 안에서 주제에 대해 공부\n\nSpring 관련\n주제하나 정한 후 공부 및 정리\n\n \n\n⌚ 장소 / 시간\n2023년 2월 20일 - 2023년 3월 20일 (4주)\n\n장소 : 서울 신촌\n\n요일 및 시간 : 목요일 2시 - 5시\n\n🥅 목표\n궁극적인 목표는 취업입니다. 원하는 회사를 스스로 정하고, 그 회사에 취업하기\n\n좋은 모임으로 유지 되었을 때\n\n세션이 끝났을 때 다른 것도 공부해 보기\n\n주도적으로 하기\n\n남이 떠미는게 아니라 스스로하는 습관들이기',8,'초보','온라인',1,'https://github.com','https://notion.com','2023-02-14 01:46:35.000000',NULL,'2023/02/14',0),
(4,40,8,'CS 스터디[온라인] ->주 1회 (네트워크 , OS)',1,'안녕하세요. 현재 백엔드 개발자가 되기 위해서 공부하고 있는 취준생 입니다.\n\n제가 원하는 스터디가 없어서 직접 스터디를 만들게 되었습니다.\n\n \n\n스터디 주제\n\nCS에 대한 학습(네트워크 , OS)\n\n인원 모집후 세부적인 방향 설정\n\n인원 : 4명 (현재: 2명)\n\nGithub Repo에 있는 내용을 토대로 공부\n\n \n\n \n\n[토요일]\n\nGoogle Meet에서 만나 학습한 내용 발표\n\n질문 & 답변\n\n \n\n정리한 내용 정리해서 공유하기\n\n기간\n\n미정',10,'고수','온라인',1,'https://github.com','https://notion.com','2023-02-14 01:46:35.000000',NULL,'2023/02/14',0),
(5,37,8,'코딩 테스트 1일 1문제 스터디',1,'• 스터디 목표 :\n\n프로그래머스 LV2 문제 매일 한문제씩 풀기.\n\n개발 블로그 꾸준히 업로드 하는 습관 기르기.\n\n다른 사람들 코드리뷰하면서 알고리즘 실력 발전시키기.\n\n• 사용 언어 : python, C++, Java 등\n\n• 스터디 일정 :\n날짜: 평일 (월~금)\n기간: 모집마감날 익일부터 2주간',6,'고수','온라인',1,'https://github.com','https://notion.com','2023-02-14 01:46:35.000000',NULL,'2023/02/14',0),
(6,41,8,'CS스터디',2,'스터디 주제 : CS스터디\n\n스터디 목표 : CS스터디를 꾸준히 하여, 면접에서 좋은 결과를 받는다.\n\n예상 스터디 일정(횟수) : 일주일에 2회, 3개월 간\n\n예상 커리큘럼 : 매일 하나씩 주제를 정해 정리하고 외웁니다. 일주일에 2회, 한 번은 온라인 한 번은 오프라인으로 만남을 가집니다. 그 시간에 본인이 공부한 내용을 면접관에게 답변하듯이 설명하고 질의응답을 진행합니다.\n\n예상 모집인원 : 3명\n\n스터디 소개와 개설 이유: 매일 하나의 주제를 선택하여 개인적으로 CS스터디를 하고 있습니다. 서로 배운 내용을 공유하고 질의응답을 진행하면 효과가 매울 좋을 것 같아 스터디를 모집하게 되었습니다.\n\n스터디 관련 주의사항 : 스터디의 지속성을 위해서 일주일에 한 번은 오프라인 모임을 하는 것이 좋을 것 같습니다. 서울 강남 정도에서 모일 생각입니다.\n\nCS 범위로는 운영체제, DB, 네트워크, 자료구조, 컴퓨터 아키텍처, 소프트웨어 개발 방법론 등이 포함되고, 개인적으로 원하는 어떤 주제도 가능합니다.',8,'중수','온/오프라인',1,'https://github.com','https://notion.com','2023-02-14 01:46:35.000000',NULL,'2023/02/14',0),
(7,38,8,'같이 성장할 게더 모각코',2,'게더 모각코 [ 자신이 원하는 SW공부 ]\n매일 저녁 6, 7시 ~ 11,12시까지 진행예정 ( 추후 조율 후 시간 조정가능 )\n현재인원 3명입니다 !\n인원은 최소 3명 ~ 최대 5~6명 생각하고 있습니다 !\n\n* 캠 or 화면공유 필수입니다 ! * * 빠질경우 전 날에 꼭 말하기 ! *\n\n \n\n안녕하세요 저는 코딩쪽 전공을 하고있는 대학생입니다 !\n\n저도 스터디 모아보는것도 첨이고 제대로 코딩 공부도 시작한지 오래되지 않아서 미숙합니다!\n\n그러니 어려워하지마시고 같이 성장해나가실 분, 제대로 공부해보실 분들만 구합니다 !',10,'고수','온라인',1,'https://github.com','https://notion.com','2023-02-14 01:46:35.000000',NULL,'2023/02/14',0),
(8,16,8,'Spring , JPA 스터디 (취준생)',2,'안녕하세요. 현재 백엔드 개발자가 되기 위해서 공부하고 있는 취준생 입니다.\n\n제가 원하는 스터디가 없어서 직접 스터디를 만들게 되었습니다.\n\n \n\n스터디 주제\n\nSPRING , JPA에 대한 학습\n\n인원 모집후 세부적인 방향 설정\n\n인원 : 4명\n\n \n\n김영한님 강의를 기반으로 학습\n\n[월 , 목]\n\n저녁 8~9:00 특정 범위 공부한 내용 인증 및 정리 내용 공유\n\n일정 진도에 대해 학습한 내용 정리 및 공유\n\n \n\n[토 , 일]\n\n김영한님 강의가 평균 총 7시간이여서 1주일에 한 강의를 다 본다고 생각(+3)\n\n모든 팀원이 1개 이상의 모르는 부분 또는 파트 단톡에 공유\n\n모르는 부분 리스트에서 모든 인원이 설명할 부분 선택\n\n \n\n \n\n강의 수강 이후에\n\n[개인 프로젝트]\n\n각각 개인 프로젝트를 하면서 도움이 필요한 부분은 도움\n\n[면접 준비]\n\n스터디를 하면서 꾸준히 준비한다고 생각합니다.\n\n네트워크 , 운영체제 , Java , Spring 에 대해서 서로 면접\n\n1~2주마다 면접을 보면서 정보 공유 및 피드백\n\n \n\n기간\n\nJPA학습 : 시작일 부터 5~6주 (5주 생각하고 있습니다.)\n\n면접 준비 : JPA 학습이 끝나고 3주간\n\n이후에 지속적인 스터디를 하지만 나가셔도 상관이 없음',8,'초보','오프라인',1,'https://github.com','https://notion.com','2023-02-14 01:46:35.000000',NULL,'2023/02/14',0),
(9,36,8,'[빠져봐요 코딩의늪] ',2,'스터디 주제 : 개발 공부 스터디\n\n스터디 목표 : 매주 목표 이루기\n\n예상 스터디 일정(횟수) : 매일',6,'중수','온라인',1,'https://github.com','https://notion.com','2023-02-14 01:46:35.000000',NULL,'2023/02/14',0),
(10,9,8,'프론트엔드 책 한권 떼기 챌린지',2,'책은 사놨는데 넘넘 깨끗해서 죄책감이 드시는 분 계신가요??!\n(그게 바로 접니다... 😂)\n\n매일 조금씩 읽으면 끝낼 수 있다는 걸 알면서도 게을러서 그동안 못하고 있었거든요!!\n최근 노개북(노마드개발자북클럽) 챌린지를 통해 책 한권을 끝내고 감개무량하여\n또 한권을 매일 읽어 끝내보려고 하는데요, 함께하실 분들 찾습니다!\n\n평일 노개북의 템플릿을 따라, 읽은 내용 기록을 공유하는 방식으로 인증하려고 합니다~!\n다른 사람들이 공부한 내용, 요약본을 보는 게 재미있고 꽤 도움이 되더라고요~😊\n\n인증 템플릿: (1) 날짜와 읽은 범위 (2)TIL 3줄 요약 (3) 기억하고 싶은 내용 (4)느낀 점 자유롭게\n\n보증금 5천원 있고, 2월 6일(월)~ 2월 26일(일) 3주간 진행 예정입니다~!\n\n\n📚 스터디 주제\n\n: 프론트엔드 관련 서적 매일매일 읽어서 떼 버리자!\n\n \n\n💪 스터디 목표\n\n: 매일의 공부 습관화, 글로만 얻을 수 있는 쫀득한 이론 습득, 한권을 떼는 뿌듯함 얻기!\n: 매일 얼마나 읽을지는 각자 정하기 (10분~ 1시간 권장, 혹은 10~50페이지 단위)\n\n\n\n📆 예상 스터디 일정(횟수)\n\n: 주 5회 이상 인증\n\n: 2월 5일(일)에 온라인으로 킥오프 후 2월 6일(월) 시작 예정\n\n\n\n📆 인증 방법\n: 새벽 2시 전 인증합니다~!\n: 단톡방에 인증 템플릿 업로드\n\n\n예상 모집인원\n\n: 최대 12명\n\n \n\n스터디 관련 주의사항\n: 함께하는 챌린지인만큼 서로 응원하고 으쌰으쌰하는 분위기 속에 진행되었으면 합니다 😊\n\n: 보증금 5,000원 있고 챌린지 끝나면 돌려드립니다~! (3회까지 결석까지 허용)\n혹시 실패하신다면.. 가장 많은 횟수 참여하신 분께 몰아드리도록 하겠습니다 😘',10,'초보','온라인',1,'https://github.com','https://notion.com','2023-02-14 01:46:35.000000',NULL,'2023/02/14',0),
(11,11,8,'리액트JS, TypeScript 스터디',3,'프론트엔드 React JS와 타입스크립트 같이 공부하실 분 추가로 모집합니다.\n\n현재 3명이서 스터디를 진행한 상태이고 리액트 기본적인 부분만 진행한 상태입니다. 스터디원을 더 모집했으면 좋겠다는 의견이 있어 리액트, 타입스크립트 같이 공부하실 분을 더 모집하게 되었습니다.\n\n \n\n \n\n스터디 주제\n\n: React JS, 타입 스크립트\n\n \n\n스터디 목표\n\n: 리액트, 타입 스크립트 개념 공부 및 프로젝트 진행\n\n예상 스터디 일정(횟수)\n\n: 주 1회 - 매주 토요일 오후 2시에서 5시\n\n: 강남역 인근 스터디룸에서 진행\n\n예상 커리큘럼 간략히\n\n: 매주 정해진 분량을 학습 후 각자 공부한 내용을 간략히 발표하며 리뷰 및 정보 공유\n\n해당 개념을 이용한 간단한 프로젝트를 매주 제작하며 실제 코딩 연습 진행\n\n각자 작성한 코드 설명\n\n \n\n: 어느 정도 개념이 잡히면 매주 스터디원들과 다음 스터디에 어떤 프로젝트를 진행할지 상의 후 필요한 개념을 학습하는 방식으로 진행\n\n \n\n: 교재(리액트를 다루는 기술), 별도의 강의(인프런, 노마드코더 등) 참고',6,'초보','온라인',1,'https://github.com','https://notion.com','2023-02-14 01:46:35.000000',NULL,'2023/02/14',0),
(12,22,8,'파이썬 중급 또는 OOP 기술 서적 스터디',3,'스터디 주제 :\n\n파이썬 중급 (e.g., Effective Python, ...)\n\nOOP 기술 서적 (e.g., Clean Code, Refactoring, ...)\n\n확정된 것은 아니고 의견에 따라 다른 서적으로 진행할 수 있음\n\n스터디 목표 : 8주에 기술 서적 1권\n\n예상 스터디 일정(횟수) : 주 1회\n\n예상 커리큘럼 간략히 : 책 볼륨에 따라 다르나 8주에 1권 목표로 진행\n\n예상 모집인원 : 4명 (조정 가능)\n\n스터디 소개와 개설 이유 : 혼자서 진행하기에는 의지박약 때문에 힘든 점도 있고, 서로 다른 백그라운드의 사람들이 모여서 여러 가지 피드백을 통해 얻어가는 것이 많다고 생각하여 개설 해봅니다\n\n스터디 관련 주의사항 :\n\n어느 정도 난이도가 있는 기술서적이기 때문에 주에 할애 해야하는 시간이 생각보다 많을 수 있습니다, 본인 현재 상황에서 해당 시간을 충분히 사용 가능하신 분만 지원해주세요\n\n가능하면 오프라인 (송파 또는 강남)으로 진행하고 싶으나, 지원하시는 분 상황에 맞춰서 온라인도 고려중입니다',8,'중수','온라인',1,'https://github.com','https://notion.com','2023-02-14 01:46:35.000000',NULL,'2023/02/14',0),
(13,39,8,'온라인 모각코',3,'안녕하세요!\n\n같이 온라인 모각코 할 분을 모집합니다! \n\n혼자 공부하면 집중도 떨어지고 저녁에 모집할 경우 \n\n운동 ,야근, 저녁 약속 등등 다양한 일정이 있어서 잘 못하는 경우가 많은데요. \n\n무엇보다 퇴근 후 지친 몸을 이끌고 공부를 하기 쉽지 않다는걸 알기 때문에 \n\n아침 습관도 개선할 겸 모닝 모각코를 모집하려고 합니다! \n\n시간은 오전 8~9시로 하루에 한 시간 정도를 생각하고 있습니다.\n\n주 3회 (월,수,금) 고정이고 지금 총 3명이서 하고 있어요!',6,'초보','온라인',1,'https://github.com','https://notion.com','2023-02-14 01:46:35.000000',NULL,'2023/02/14',0),
(14,39,8,'[2월] 프로그래머스 고득점 KIT 스터디 : 온라인+오프라인(선택)',3,'스터디 소개\n스터디 주제 : 2월 알고리즘 스터디 - 프로그래머스 고득점 KIT\n\n스터디 일정 : 2/5~2/25 (3주간 진행)\n\n[필수] 온라인 : 일, 화, 목 (8pm-10pm)\n\n[선택] 오프라인 : 토 (13:00~18:00) → *시간 조정 가능\n\n스터디 목표 : 코딩테스트 대비\n\n예상 커리큘럼 간략히 : 프로그래머스 고득점 Kit 각자 풀이.\n\n자세히 : 모집 완료\n\n예상 모집인원 : 최대 4명\n\n스터디 관련 주의사항 :\n\n벌금 및 보증금 제도에 동의하시는 분 (위 노션 링크 필독해주세요)\n\n온라인 일정 전체 참여 /서울 오프라인 모임 가능하신 분\n\n파이썬 자료구조 알고리즘 기초 지식이 있으신 분\n\n그냥 공부하시려는 분들 보단 취업준비용 코테 준비하시는 분',8,'초보','온/오프라인',1,'https://github.com','https://notion.com','2023-02-14 01:46:35.000000',NULL,'2023/02/14',0),
(15,28,8,'쿠버네티스 CKA자격증 대비반 2기',3,'[쿠버네티스 CKA자격증 대비반 2기]\n\n스터디 주제 : 쿠버네티스 CKA자격증 대비반 2기\n\n스터디 목표 : Udemy 강의 완강 및 CKA 자격증 취득\n\n예상 스터디 일정(횟수) : 평일 매일 5주 과정\n\n예상 커리큘럼 간략히 : 노션페이지를 참고 부탁드립니다.\n\n스터디 소개와 개설 이유 : k8s 공부하고 CKA 취득하실 분 모집합니다! 해당 스터디는 1기를 성공적으로 마무리하고 있으며, 벌써 합격자 2명이 나왔답니다. 🤗\n\nCKA준비의 정석인 Udemy CKA 강의를 모두 수강한 방장의 노하우 + 1기분들의 강의 정리본 + 시험에 100% 나오는 기출문제 + 이 모든 일정을 확실하게 관리해주는 방장 = 무조건 합격🔥\n\n스터디 관련 주의사항 : 쉬운 과정은 아닙니다. 정말 5주동안 마음먹고 쿠버네티스 공부를 확실히 하고, 자격증까지 취득하고 싶으신 분들만 지원 부탁드립니다. 대신 오시면 무조건 합격하게 해드릴게요! 😉',8,'초보','온라인',1,'https://github.com','https://notion.com','2023-02-14 01:46:35.000000',NULL,'2023/02/14',0),
(16,42,8,'비전공자 스터디',4,'안녕하세요 저는 비전공자로 독학하다 보니, 네트워킹의 필요성을 느껴 모임과 비슷한 스터디를 개설하게 되었습니다.\n\n혼자 공부하면서 이렇게 하는 게 맞나? 이 길이 맞나? 라고 생각 드셨던 분들 있으면 같이 고민 나누고 공부했으면 좋겠습니다!\n\n즉 스터디 목표는 네트워킹 + 포기하지 않고 꾸준한 공부라고 보시면 될 것 같고, 코테 공부나 사이드 프로젝트도 장기적으로 진행할 예정이에요.\n\n스터디 진행 장소는 주로 오프라인이며, 위치는 스터디원이 모이면 같이 정할 생각입니다.\n\n이제 막 시작하는 분도 괜찮습니다! 중도 포기만 하지 않는다면요.',6,'고수','온라인',1,'https://github.com','https://notion.com','2023-02-14 01:46:35.000000',NULL,'2023/02/14',0),
(17,15,8,'자바 알고리즘 스터디 추가모집',4,'강남에서 매주 대면으로 진행합니다\n\n매주 정해진 문제 풀어와서 코드리뷰 후\n\n다같이 시간 정해서 문제풀고 풀이 및 아이디어 공유하는 형식입니다\n\n \n\n문제는 실버~골드정도 난이도에서 선정해서 하고 있습니다',8,'초보','오프라인',1,'https://github.com','https://notion.com','2023-02-14 01:46:35.000000',NULL,'2023/02/14',0),
(18,12,8,'Vue3 스터디 모집',4,'스터디 주제 : Vue 기초 문법 습득\n\n스터디 목표 : Vue3 완벽 마스터: 기초부터 실전까지 - \"기본편\" 및 \"실전편\" 완강\n\n예상 스터디 일정(횟수) : 일주일에 2회(시간 협의) 만나서 온라인에서 공부한 것 리뷰\n\n예상 모집인원 : 기존맴버 2명  + 2명 충원 예정\n\n \n\nVue3 완벽 마스터: 기초부터 실전까지 - \"기본편\" 및 \"실전편\" 완강을 목표로 합니다.\n\n다른 Vue 공부도 상관은 없습니다',8,'고수','온/오프라인',1,'https://github.com','https://notion.com','2023-02-14 01:46:35.000000',NULL,'2023/02/14',0),
(19,16,8,'CS 스터디',4,'기본적인 CS(자료구조, 알고리즘, 컴퓨터 네트워크, 운영체제, 데이터베이스) + JAVA + Spring 스터디를 진행하려고 합니다.\n\n모집 인원: 총 4명이서 진행할 예정입니다(현재 취준생 2명)\n\n장소: 온라인\n\n진행 횟수: 주 1일 진행(요일은 협의), 120분 이상 예상합니다.\n\n스터디 진행 방식: 스터디를 하지 않는 날에는 각자 다음 주에 진행할 스터디에 쓰일 토픽을 정리합니다. 정리한 내역은 4명이 모두 볼 수 있는 곳(노션, 블로그 등)에 관리합니다. 스터디 날에는 각자 정리한 해당 주제에 대해 발표를 합니다. 발표가 끝나면, 각자 꼬리 질문을 이어가고, 추가적인 논의를 합니다.\n\njava, spring 백엔드 개발자만 구인하려고 합니다. ',6,'중수','온라인',1,'https://github.com','https://notion.com','2023-02-14 01:46:35.000000',NULL,'2023/02/14',0),
(20,37,8,'\n모집중\n\n0\n\n공유\n온라인 모각코 같이 하실분!',4,'아주 좋은 스터디2',8,'초보','오프라인',1,'https://github.com','https://notion.com','2023-02-14 01:46:35.000000',NULL,'2023/02/14',0),
(21,38,8,'온라인 모각코',5,'스터디 주제 :\n\n온라인 모각코\n\n스터디 목표 :\n\n하루 최소 30분은 공부하고 내용 공유\n\n예상 스터디 일정(횟수) :\n\n주7회(불참시 사유만 공유)\n\n예상 커리큘럼 간략히 :\n\n오후 11시30분에 게더타운에 모여서 모각코 진행하고 본인이 진행한 내용 노션에 간략하게 정리하는 스터디입니다. 가능하면 하루도 빠짐없이 진행하려고 합니다 ㅎㅎ\n시간은 오후 11시30분에 모여서 하면 좋겠지만 안된다면 본인 시간에 맞게 진행해도 무관합니다.\n\n예상 모집인원 :\n\n현재 9명정도 참여중입니다. 제한은 없습니다~\n\n스터디 소개와 개설 이유 :\n\n최소한의 강제성을 부여하고 공부한 내용을 공유함으로서 하루하루 공부를 할 수 있게끔 하기 위해서입니다.',8,'초보','온라인',1,'https://github.com','https://notion.com','2023-02-14 01:46:35.000000',NULL,'2023/02/14',0),
(22,15,8,'자바 기초 스터디',5,'스터디 주제 : 자바 기초(개발환경 구축 ~ 최종 프로젝트)\n\n스터디 목표 : 최종 프로젝트(간단) 완성\n\n예상 스터디 일정(횟수) : 아마 4주간 하지 않을까\n\n예상 커리큘럼 간략히 : 개발환경 구축 -> 기본 코드 -> 데이터 자료형 -> 제어문 -> 반복문 -> 심화 -> 최종 프로젝트',8,'초보','온라인',1,'https://github.com','https://notion.com','2023-02-14 01:46:35.000000',NULL,'2023/02/14',0),
(23,36,8,'[자바] 알고리즘 스터디',5,'대상 : 취준생 or 학생\n\n난이도 : 골드 ~ 실버\n\n진행방식 : 매주 정해진문제 풀어와서 코드리뷰하고 다같이 정해진시간동안 문제풀고 의견공유하는 방식',4,'중수','온라인',1,'https://github.com','https://notion.com','2023-02-14 01:46:35.000000',NULL,'2023/02/14',0),
(24,10,8,'웹개발 스터디방 회원모집',5,'안녕하세요!\n\n \n\n웹개발 스터디 회원 모집중입니다!\n\n\n\n현재 백엔드 프론트엔드 퍼블리셔 등 다양한 분야 현업 종사자들이 계시고\n\n오류나 개발 관련 정보들 공유하면서 소통합니다!\n\n\n\n웹관련 직무의 모든분들 다 환영합니다 : )',6,'초보','온라인',1,'https://github.com','https://notion.com','2023-02-14 01:46:35.000000',NULL,'2023/02/14',0),
(25,16,8,'김영한 스프링 MVC2편 강의 스터디',5,'기본편부터 진행하는 것이 아닌 MVC2편 부터 진행하기때문에, Spring 기초와 HTTP 기초원리를 아시는 분이면 좋겠습니다.\n\n또한, 5주 라는 시간동안 MVC2편 강의를 모두 들어야 하기때문에, 생각보다 많은 시간을 들여야합니다.\n\n(게다가 타임리프와 같이 SSR구현을 진행하기에 HTTP와 Spring에 대한 기초와 원리를 알고 있어야 늦어지지 않을 겁니다.)\n\n \n\n그리고, 매주 발표를 해야되기때문에, 이전 강의(Spring core, MVC1등)나, 평소 기록하는 자료가 있으시면 오픈채팅방에 들어오셔서, 공유해주시면 감사하겠습니다.\n\n \n\n계획된 시작일은 인원이 모집되는대로 명절(~24일) 지나고 바로 진행할 예정입니다.\n\n(인원모집이 조기에 마감 시, 모집완료로 변경됩니다.)\n\n \n\n추가적으로 이번 MVC2편 스터디가 끝나면, JPA스터디도 모집할 예정입니다.\n\n(기존 스터디원이면 바로 같이 갈 수 있습니다.)',8,'초보','온/오프라인',1,'https://github.com','https://notion.com','2023-02-14 01:46:36.000000',NULL,'2023/02/14',0),
(26,22,8,'파이썬 알고리즘/자료구조 코딩테스트 문제풀이',6,'매일마다 정해진 문제풀이량(ex:하루에 1~3문제씩)를 정해두고 그에 대한 문제풀이인증과 풀이를 올리는 스터디 형식입니다.\n\n꾸준하게 동기부여하면서 같이 풀어나가실 분들을 모집합니다.\n\n\n\n기본적으로 온라인으로 진행할 예정입니다. 기초적인 문제부터 난이도 상관없이 꾸준히 자신의 학습페이스를 가져가시고 싶은 분들이 같이 모여서 인증하면서 진행하는 스터디로 만들어나갈 예정입니다.\n\n',8,'초보','온라인',1,'https://github.com','https://notion.com','2023-02-14 01:46:36.000000',NULL,'2023/02/14',0),
(27,9,8,'토론식 자바스크립트 스터디',6,'토론식 자바스크팁트 스터디를 진행합니다!\n\n\n\n진행 방식\n\n깃허브 discussion을 이용해서 토론식으로 자바스크립트 스터디를 진행\n일주일에 한 번! 이번주에 진행했던 disussion에 대한 질의응답을 진행',6,'초보','온라인',1,'https://github.com','https://notion.com','2023-02-14 01:46:36.000000',NULL,'2023/02/14',0),
(28,43,8,'프론트엔드 면접 스터디 모집 공고',6,'안녕하세요 저는 스타트업에서 1년정도 일을 하다가 이직을 위해 퇴사를 하고 이직을 준비하고 있는 웹 프론트엔드 개발자입니다. \n\n면접에서 나올만한 개념에 대해서 학습하다보니 이것을 면접에서 수월하게 말하기 위해선 어느정도 말하는 연습이 필요하다는 것을 느꼈습니다. \n\n그래서 많이 말하는 연습이 필요하다는 생각에 이런 스터디를 만들고자 합니다. ',8,'초보','온라인',1,'https://github.com','https://notion.com','2023-02-14 01:46:36.000000',NULL,'2023/02/14',0),
(29,39,8,'알고리즘 무료로 알려드려요',6,'참고하시라고,\n\n해시,다익스트라,머지정렬,점근적 표기법에 대해서 설명영상을 만들어봤습니다.\n\n당연히 소스코드및 강의자료 또한 무료입니다.',4,'중수','온라인',1,'https://github.com','https://notion.com','2023-02-14 01:46:36.000000',NULL,'2023/02/14',0),
(30,40,8,'같이 취업준비 하실 분 구합니다',6,'안녕하세요 ! 저는 시드~프리시리즈 단계의 스타트업에서 1년정도 개발한 프론트엔드 개발자입니다.\n\n\n\n스터디 주제\n저는 앞으로 더 좋은 환경의 회사로 이직을 준비하고 있는데요, 이를 위해서 같이 취업 전략에 대해서 논의해보고 서로 이끌어 줄 수 있고 동기부여 될 수 있는 스터디원을 모집해보려 합니다. 취업 전략이라고 하면 서로의 이력서, 포폴 점검과 기술 면접 준비, cs준비 등을 같이 할 수 있을 것 같다는 생각입니다.\n\n\n\n스터디 목표\n올해 안에 제가 정해놓은 기준에 부합하는 회사를 들어가는 것을 목표로 하고 있습니다.',8,'초보','온/오프라인',1,'https://github.com','https://notion.com','2023-02-14 01:46:36.000000',NULL,'2023/02/14',0),
(31,13,8,'Three.js 공부 및 프로젝트 스터디',7,'스터디 방식\nThree.js 를 각자 공부하면서 매주 배운 것, 만들어 본 것 등을 공유하기\nThree.js 로 진행할 개인 프로젝트 목표를 설정하고, 매주 진행상황을 공유하기',8,'초보','온라인',1,'https://github.com','https://notion.com','2023-02-14 01:46:36.000000',NULL,'2023/02/14',0),
(32,37,8,'C언어 스터디 모집(온라인)',7,'C언어 초보자들분 모집합니다.(온라인)\n\n\n\n매주 화요일 목요일 저녁 8:30~10시까지 코딩 온라인 모임 열려고 합니다.\n\n무엇보다 꾸준함이 중요하다고 생각해서 하루 안나올 경우 벌금을 부과할 예정입니다.(이부분은 함께 토의해서 맞춰갈 예정입니다.)\n\n향후 기초를 공부하고 공모전도 도전할 예정입니다. 인원이 너무 많으면 힘들것 같아서 3분만 모집하도록 하겠습니다.',3,'초보','온라인',1,'https://github.com','https://notion.com','2023-02-14 01:46:36.000000',NULL,'2023/02/14',0),
(33,33,8,'안드로이드 초보 스터디 모집',7,'안녕하세요\n\n안드로이드 초보 스터디 모집합니다.\n\n천천히 앱 따라 만들기를 통해 실력을 키워나가고 싶은 분들 연락주세요~\n\n코틀린을 모르시는 분은 자바로 먼저 구현하시고 수정하셔도 됩니다.',8,'초보','온라인',1,'https://github.com','https://notion.com','2023-02-14 01:46:36.000000',NULL,'2023/02/14',0),
(34,15,8,'도커 스터디',7,'홀라에서 만납시다. 스터디 인원 구해요\n\n선착순 구합니다.',8,'중수','오프라인',1,'https://github.com','https://notion.com','2023-02-14 01:46:36.000000',NULL,'2023/02/14',0),
(35,27,8,'코틀린 스터디',7,'간단한 앱 만들어볼 사람 모집합니다',6,'중수','온라인',1,'https://github.com','https://notion.com','2023-02-14 01:46:36.000000',NULL,'2023/02/14',0),
(36,29,8,'Terraform 을 이용한 인프라 자동화',8,'해당 강의 같이 들으실분 모집합니다',4,'초보','온라인',1,'https://github.com','https://notion.com','2023-02-14 01:46:36.000000',NULL,'2023/02/14',0),
(37,22,8,'파이썬 스터디원 구합니다!!',8,'[Python 부트캠프 : 100개의 프로젝트로 Python 개발 완전 정복]\n\n유데미 파이썬 강의 같이 들으며 스터디할 인원 한명을 구합니다\n\n스터디 진행 방식은\n\n파이썬 강의를 매주 정해진 분량을 듣고\n강의 내용을 요약해 번갈아 가면서 발표하는 식 으로 진행할 예정입니다!',8,'초보','온라인',1,'https://github.com','https://notion.com','2023-02-14 01:46:36.000000',NULL,'2023/02/14',0),
(38,11,8,'React 스터디',8,'안녕하세요\n\n프론트엔드로 취업 준비하고 있는 아무개입니다.\n\n\n\nReact 강의로 스터디 하실 분 구합니다!\n\n집중해서 같이 하실 분 딱 한분 찾아봅니다!',6,'초보','온라인',1,'https://github.com','https://notion.com','2023-02-14 01:46:36.000000',NULL,'2023/02/14',0),
(39,38,8,'알고리즘 스터디',8,'기간은 두달정도 잡고 생각하고 있고 주 1회 저녁시간 생각하고 있지만\n\n\n\n자세한 스터디 일정이나 계획은 팀원분들이 다 정해지면,\n\n관련 내용을 함께 정하면 좋겠습니다.',8,'초보','온/오프라인',1,'https://github.com','https://notion.com','2023-02-14 01:46:36.000000',NULL,'2023/02/14',0),
(40,45,8,'Git & Github 실무 활용 스터디',8,'안녕하세요,\n\n【한글자막】 Git & Github 실무 활용 완벽 가이드\n위 강의를 바탕으로 짧게 한달 간 스터디를 하고자 합니다.\n\n\n\n자세한 스터디 일정이나 계획은 팀원분들이 다 정해지면, \n\n관련 내용을 함께 정하면 좋겠습니다.',4,'중수','온라인',1,'https://github.com','https://notion.com','2023-02-14 01:46:36.000000',NULL,'2023/02/14',0),
(41,44,8,'블록체인 공부',9,'자유롭게 5개월 과정으로 공부하는 스터디입니다.\n\n각자 공부 자유롭게 하면서 어려운 것이 있으면 질문합시다',8,'초보','온라인',1,'https://github.com','https://notion.com','2023-02-14 01:46:36.000000',NULL,'2023/02/14',0),
(42,29,8,'시스템 아키텍처 스터디!',9,'커리큘럼\n\n1주차: 시스템 요구 사항 및 아키텍처 드라이버 (수) / 대규모 시스템에서 가장 중요한 품질 속성(토)\n\n2주차: API 설계 (수) / 대규모 시스템에 필요한 아키텍처 빌딩 블록 (토)\n\n3주차: 글로벌 규모의 데이터 스토리지 (수) / 소프트웨어 아키텍처 패턴 (토)\n\n4주차: 빅데이터 아키텍처 패턴 (수)',6,'초보','온라인',1,'https://github.com','https://notion.com','2023-02-14 01:46:36.000000',NULL,'2023/02/14',0),
(43,36,8,'알고리즘 같이 공부하실분',9,'알고리즘 공부를 하려는데 맘처럼 실천하기가 좀 어렵더라구요~ 그래서 같이 하실 분들 계시면 함께 하고 싶어서 글 올립니다',8,'초보','온라인',1,'https://github.com','https://notion.com','2023-02-14 01:46:36.000000',NULL,'2023/02/14',0),
(44,16,8,'spring boot 백엔드 개발자 면접 스터디',9,'안녕하세요, 백엔드 개발자 취업을 앞둔 취준생입니다. 면접 준비를 하면서 관련된 질의사항을 면접관 / 면접자로 나누어 모의 면접을 진행하면 취업 준비에 도움이 될것 같아 글을 올립니다.',6,'초보','온라인',1,'https://github.com','https://notion.com','2023-02-14 01:46:36.000000',NULL,'2023/02/14',0),
(45,16,8,'Spring security',9,'스터디 주제 : Spring security\n\n\n\n스터디 목표 :  취업, 추가적 공부\n\n\n\n선수 지식: MVC, JPA, AOP 등 등\n\n\n\n예상 스터디 일정(횟수) : 협의',8,'고수','온/오프라인',1,'https://github.com','https://notion.com','2023-02-14 01:46:36.000000',NULL,'2023/02/14',0),
(46,13,8,'nodejs 스터디 모집',10,' 안녕하세요. Node.js 교과서 1달 스터디 모집합니다.  \n\n 인프런의 Node.js 교과서 강의(24시간)를 매주 6시간씩 보고\n\n 글로 정리하는 것을 목표로 하고 있습니다.  ',8,'초보','온라인',1,'https://github.com','https://notion.com','2023-02-14 01:46:36.000000',NULL,'2023/02/14',0),
(47,31,8,'Flutter 입문 스터디! ',10,'8주간 진행되며,\n\n\n\n주차별로 정해진 과제를 수행해서 제출하고, 함께 공부하는 사람들과 소통하는 모임입니다.',8,'고수','온/오프라인',1,'https://github.com','https://notion.com','2023-02-14 01:46:36.000000',NULL,'2023/02/14',0),
(48,9,8,'프론트 스터디원 모집',10,'현재 진행 \n\n책으로 자바스크립트 다시보기\n\n타입스크립트 입문\n\n뷰 입문 중',4,'초보','온라인',1,'https://github.com','https://notion.com','2023-02-14 01:46:36.000000',NULL,'2023/02/14',0),
(49,16,8,'김영한 스프링 + JPA 강의 스터디',10,'김영한 스프링 + JPA 강의 스터디 모집합니다.\n\n10월부터 진행해온 스터디로써, 이번에 1명이 나가게 되어서 한분 추가로 모집합니다.\n\n저희 스터디 목표는 김영한 강의를 보고 스프링 및 JPA 를 학습하는 것입니다. 매주 월요일마다 비대면으로 진행하고, 학습한 내용을 발표하는 시간을 가질 예정입니다.\n\n현재 스프링은 스프링 MVC 1편까지 진행한 상태이고 앞으로는 스프링 MVC 2편까지만 진행 후 JPA로 넘어갈 예정입니다.',6,'중수','온라인',1,'https://github.com','https://notion.com','2023-02-14 01:46:36.000000',NULL,'2023/02/14',0),
(50,39,8,'알고리즘 스터디',10,'스터디 주제 : 알고리즘\n\n스터디 목표 : 2주간 평일마다 알고리즘 2회 풀이\n\n예상 스터디 일정(횟수) : 총 8번(2주간 16문제, 공휴일 제외)',8,'초보','온라인',1,'https://github.com','https://notion.com','2023-02-14 01:46:36.000000',NULL,'2023/02/14',0);


INSERT INTO `study_community` (
  `study_community_seq`,
  `member_seq` ,
  `study_seq`,
  `study_community_title` ,
  `study_community_content` ,
  `study_community_view_count`,
  `study_community_love_count` ,
  `study_community_week_love_count`,
  `study_community_created_time`,
  `study_community_modified_time` ,
  `study_community_is_deleted`,
  `study_community_is_highlighted`
)
VALUES 
(1,1,1,'자바스크립트, vue 매개변수 질문','const getUserInfo = (target = \'\') => {\n\n  const storage = getLocalStorage(\'common\')\n\n  if (storage !== null) {\n\n    return target === \'\' ? storage.userInfo : storage.userInfo[target]\n\n  }\n\n  return {}\n\n}\n\n이러한 코드가 있습니다. 근데 매개변수에 (target = \'\' ) 이렇게 되어있는데\n\n이거는 매개변수 뭐가 들어오든지 간에 무조건 \'\' 으로 셋팅 하겠다라는 말이 맞나요??',0,0,0,'2023-02-14 15:01:51.000000','2023-02-14 15:01:51.000000',0,0),(2,1,1,'Spring boot Security 멀티 로그인 페이지 구현 질문입니다','안녕하세요 선배님들\n\nspring boot security 구현중인 주니어 개발자입니다\n\njavaconfig 방식으로 admin 로그인 페이지와 user 로그인 페이지로 나누어 로그인 기능을 구현하고자 합니다.\n\nSecurityConfig.java 클래스 내부에\n\n@Order(1)\n\npublic static class UserAdapter\n\n@Order(2)\n\npublic static class AdminAdapter\n\n와 같은 방식으로\n\n/user/** 또는 /admin/** 등으로 각자 필터 체인 적용되도록 구현한 상태입니다.\n\ncustomAuthenticationProvider와 customAuthenticationFilter등 과 같은 커스텀 클래스 또한\n\n각자 적용 시킬 수 있는 방법이 아무리 찾아도 모르겠어서 3일째 주차중입니다 ㅠ\n\n선배님들의 고견 부탁드립니다.',0,0,0,'2023-02-14 15:01:51.000000','2023-02-14 15:01:51.000000',0,0),(3,1,1,'db jpa spring','스프링 개발 중에 구글에 대부분 좋아요기능을 만드는데 이것을 다대다?관계로 보는데 저는 다대다 관계가 아닌 단지 일대다 다대일로 이루어진 관계라고 보이는데 다대다 관계인가요?\n\n사람 - 좋아요 - 게시글\n\n단지 좋아요 테이블에 fk사람,fk게시글이 있다고 해서 다대다는 아니지않나요..? (논리적인 다대다 관계를 물리적으로 일대다 다대일로 해결이 아닌)\n\n제가 연관관계를 잘 이해를 못 하는건가...\n\n그냥 단지 다대일 일대다로 이루어진 관계구나 생각했는데 다대다라고 하는분들도 있어서 갑자기 헷갈리네요..',0,0,0,'2023-02-14 15:01:51.000000','2023-02-14 15:01:51.000000',0,0),(4,1,1,'spring 멀티 모듈은 aws 배포를 어떻게 하시나요?','현재 멀티모듈을 사용해서 module-api, module-batch 를 분리 해 두었습니다.\n\n이 경우에는 각각의 모듈을 각각의 ec2 인스턴스에 배포하나요?\n\n아니면 하나의 인스턴스에서 포트번호를 다르게 한다던가, 하는 방식이 더 일반적인가요?',0,0,0,'2023-02-14 15:01:51.000000','2023-02-14 15:01:51.000000',0,0),(5,1,1,'jwt 토큰 구조는 그냥 마음대로 사용해도 되는건가요?','기본적으로 jwt는 access token, refresh token이 있고 사용자가 access token이 만료되었는지 알 필요 없이 만료되었으면 refresh token으로 access token을 생성해주는 것으로 알고 있습니다. 두 토큰 저장 위치가 달라야 하구요.\n\n현재 제가 프론트 서버를 따로 두지않아 access token, refresh token 둘 다 cookie로 전달해야 하는 상황에 있습니다. 아무리 httpOnly 옵션을 걸고 뭘 한다고 하더라도 둘 다 cookie로 받아오는 건 구조상 이상하다는 생각이 들더라구요. 보안적인 측면에서도 refresh token은 탈취되어서는 안되는데 이게 같은 위치에 존재한다는 건 같은 보안 수준을 갖고 있다는 방증인데 뭔가 이상하다고 느꼈습니다. 그렇다고 refresh token을 DB의 회원 테이블에 넣어서 만료시 DB에서 꺼내서 갱신해준다는 건 \'토큰\'을 사용하는 의미가 퇴색된다고 생각하구요.\n\naccess token, refresh token의 위치가 달라야 하는데 저는 무조건 쿠키로만 보낼 수 없는 상황입니다. 토큰 구조도 무조건 사용이 되어야 합니다. 브라우저만 서버를 이용하는 게 아니라 응용 프로그램에서도 서버로 요청을 보내는 구조여서요... (사내 시스템입니다) 응용 프로그램에서 서버로 요청을 보낼 때도 토큰을 사용하고, 브라우저에서도 토큰을 사용해서 통신을 하는 구조로 생각하고 있는데 이럴 경우에 그냥 access token을 3시간 정도로 제한하고 refresh token을 두지 않고 접근만 하고 매번 갱신하는 구조로 하는 것도 생각 중입니다. 정답이 있는 건 아니라고 해도 대부분 비슷한 식으로 구현을 하시더라구요... 둘 다 cookie로 넣고 사용해도 괜찮을까요? 아니면 access token만 3시간 정도로 제한하고 만료될 때마다 토큰을 발급해주는 형태로 하는 게 나을까요 ㅠㅠ\n\n(제가 뭐 분산 서버 구조가 있어서 토큰을 사용하는 것은 아니고 브라우저랑 로컬 응용 프로그램 모두 서버에 접근을 해야해서 토큰 구조를 이용하게 되었습니다.)\n\n계속 고민하다가 질문 남깁니다 ㅠㅠ 긴 글 읽어주셔서 감사합니다!',0,0,0,'2023-02-14 15:01:51.000000','2023-02-14 15:01:51.000000',0,0),(6,1,1,'페이지 이동을 해도 리스너가 저장되는 방법이 있을까요? (SPA 아님)','기존에 SPA로 했더니, 좀 문제가 이것저것 많아서 이번에는 전통적인 방식으로 만들려는데요.\n\n한가지 걸리는 게 전역적으로 이벤트 수신해야 되는 리스너가 하나 있습니다.\n\n이 리스너를 처음 연결된 상태로 페이지 이동해도 그대로 상태를 갖고 갈 수 있는 방법이 있을까요?\n\n일반 값들은 localStorage, sessionStorage 등을 쓰면 되는데, 리스너는 저런 비슷한 게 혹시 있을까요?',0,0,0,'2023-02-14 15:01:51.000000','2023-02-14 15:01:51.000000',0,0),(7,1,1,'스프링부트에서 thymleaf 없이 controller를 호출해서 context 파일의 html로 가는 방법이 있나요?','제목그대로 입니다\n\nthymleaf 사용하지 않고, url로 html 하지않고 controller에서 가고싶은데 계속 페이지를 못찾네요.',0,0,0,'2023-02-14 15:01:51.000000','2023-02-14 15:01:51.000000',0,0),(8,1,1,'import 경로 질문','import { instance, fileInstance } from \'./common/request\'\n\nimport { getUserInfo } from \'~/common/service/com/util\'\n\n이런 코드가 있는데\n\n./ 이거랑\n\n~/ 이거랑\n\n@/ 이거랑\n\n차이를 잘 모르겠는데 알려주시면 감사드리겠습니다 검색해도 잘 안나오네요..',0,0,0,'2023-02-14 15:01:51.000000','2023-02-14 15:01:51.000000',0,0),(9,1,1,'우분투 리눅스 lts 웹서버 하기위해 필요한것','리눅스 웹 페이지를 하기위해 필요한 것들이 뭐가 있을까요?....\n\n제가 아는거로는 아파치, 자바, 톰캣 밖에 없는데....다른게 더 필요할까요?',0,0,0,'2023-02-14 15:01:51.000000','2023-02-14 15:01:51.000000',0,0),(10,1,1,'자바스크립트 window.onload 관련 질문이요','ajax로 컨트롤러에서 받아온 jsp를 태그 안에 append로 추가하면 그 추가한 jsp안에 있는 window.onload가 실행이 안됩니다. 또 이상하게 새로고침 하면 실행이 되네요?\n\n그리고 $(function(){})나 $(document).ready 는 실행이 잘 되는데 window.onload에서만 안되요\n\nwindow.onload에서는 실행이 안되고 $(document).ready는 실행이 되는 이유가 뭘까요?',0,0,0,'2023-02-14 15:01:51.000000','2023-02-14 15:01:51.000000',0,0),(11,1,1,'[공지] 스터디장 하고 싶으신 분 연락주세요','싸탈합니다',0,0,0,'2023-02-14 15:01:51.000000','2023-02-14 15:01:51.000000',0,1),(12,1,1,'[공지] 오프라인 모임 시간 댓글 주세요','제목대로 입니다.',0,0,0,'2023-02-14 15:01:51.000000','2023-02-14 15:01:51.000000',0,1),(13,1,2,'자바스크립트, vue 매개변수 질문','const getUserInfo = (target = \'\') => {\n\n  const storage = getLocalStorage(\'common\')\n\n  if (storage !== null) {\n\n    return target === \'\' ? storage.userInfo : storage.userInfo[target]\n\n  }\n\n  return {}\n\n}\n\n이러한 코드가 있습니다. 근데 매개변수에 (target = \'\' ) 이렇게 되어있는데\n\n이거는 매개변수 뭐가 들어오든지 간에 무조건 \'\' 으로 셋팅 하겠다라는 말이 맞나요??',0,0,0,'2023-02-14 15:01:51.000000','2023-02-14 15:01:51.000000',0,0),(14,1,2,'Spring boot Security 멀티 로그인 페이지 구현 질문입니다','안녕하세요 선배님들\n\nspring boot security 구현중인 주니어 개발자입니다\n\njavaconfig 방식으로 admin 로그인 페이지와 user 로그인 페이지로 나누어 로그인 기능을 구현하고자 합니다.\n\nSecurityConfig.java 클래스 내부에\n\n@Order(1)\n\npublic static class UserAdapter\n\n@Order(2)\n\npublic static class AdminAdapter\n\n와 같은 방식으로\n\n/user/** 또는 /admin/** 등으로 각자 필터 체인 적용되도록 구현한 상태입니다.\n\ncustomAuthenticationProvider와 customAuthenticationFilter등 과 같은 커스텀 클래스 또한\n\n각자 적용 시킬 수 있는 방법이 아무리 찾아도 모르겠어서 3일째 주차중입니다 ㅠ\n\n선배님들의 고견 부탁드립니다.',0,0,0,'2023-02-14 15:01:51.000000','2023-02-14 15:01:51.000000',0,0),(15,1,2,'db jpa spring','스프링 개발 중에 구글에 대부분 좋아요기능을 만드는데 이것을 다대다?관계로 보는데 저는 다대다 관계가 아닌 단지 일대다 다대일로 이루어진 관계라고 보이는데 다대다 관계인가요?\n\n사람 - 좋아요 - 게시글\n\n단지 좋아요 테이블에 fk사람,fk게시글이 있다고 해서 다대다는 아니지않나요..? (논리적인 다대다 관계를 물리적으로 일대다 다대일로 해결이 아닌)\n\n제가 연관관계를 잘 이해를 못 하는건가...\n\n그냥 단지 다대일 일대다로 이루어진 관계구나 생각했는데 다대다라고 하는분들도 있어서 갑자기 헷갈리네요..',0,0,0,'2023-02-14 15:01:51.000000','2023-02-14 15:01:51.000000',0,0),(16,1,2,'spring 멀티 모듈은 aws 배포를 어떻게 하시나요?','현재 멀티모듈을 사용해서 module-api, module-batch 를 분리 해 두었습니다.\n\n이 경우에는 각각의 모듈을 각각의 ec2 인스턴스에 배포하나요?\n\n아니면 하나의 인스턴스에서 포트번호를 다르게 한다던가, 하는 방식이 더 일반적인가요?',0,0,0,'2023-02-14 15:01:51.000000','2023-02-14 15:01:51.000000',0,0),(17,1,2,'jwt 토큰 구조는 그냥 마음대로 사용해도 되는건가요?','기본적으로 jwt는 access token, refresh token이 있고 사용자가 access token이 만료되었는지 알 필요 없이 만료되었으면 refresh token으로 access token을 생성해주는 것으로 알고 있습니다. 두 토큰 저장 위치가 달라야 하구요.\n\n현재 제가 프론트 서버를 따로 두지않아 access token, refresh token 둘 다 cookie로 전달해야 하는 상황에 있습니다. 아무리 httpOnly 옵션을 걸고 뭘 한다고 하더라도 둘 다 cookie로 받아오는 건 구조상 이상하다는 생각이 들더라구요. 보안적인 측면에서도 refresh token은 탈취되어서는 안되는데 이게 같은 위치에 존재한다는 건 같은 보안 수준을 갖고 있다는 방증인데 뭔가 이상하다고 느꼈습니다. 그렇다고 refresh token을 DB의 회원 테이블에 넣어서 만료시 DB에서 꺼내서 갱신해준다는 건 \'토큰\'을 사용하는 의미가 퇴색된다고 생각하구요.\n\naccess token, refresh token의 위치가 달라야 하는데 저는 무조건 쿠키로만 보낼 수 없는 상황입니다. 토큰 구조도 무조건 사용이 되어야 합니다. 브라우저만 서버를 이용하는 게 아니라 응용 프로그램에서도 서버로 요청을 보내는 구조여서요... (사내 시스템입니다) 응용 프로그램에서 서버로 요청을 보낼 때도 토큰을 사용하고, 브라우저에서도 토큰을 사용해서 통신을 하는 구조로 생각하고 있는데 이럴 경우에 그냥 access token을 3시간 정도로 제한하고 refresh token을 두지 않고 접근만 하고 매번 갱신하는 구조로 하는 것도 생각 중입니다. 정답이 있는 건 아니라고 해도 대부분 비슷한 식으로 구현을 하시더라구요... 둘 다 cookie로 넣고 사용해도 괜찮을까요? 아니면 access token만 3시간 정도로 제한하고 만료될 때마다 토큰을 발급해주는 형태로 하는 게 나을까요 ㅠㅠ\n\n(제가 뭐 분산 서버 구조가 있어서 토큰을 사용하는 것은 아니고 브라우저랑 로컬 응용 프로그램 모두 서버에 접근을 해야해서 토큰 구조를 이용하게 되었습니다.)\n\n계속 고민하다가 질문 남깁니다 ㅠㅠ 긴 글 읽어주셔서 감사합니다!',0,0,0,'2023-02-14 15:01:51.000000','2023-02-14 15:01:51.000000',0,0),(18,1,2,'페이지 이동을 해도 리스너가 저장되는 방법이 있을까요? (SPA 아님)','기존에 SPA로 했더니, 좀 문제가 이것저것 많아서 이번에는 전통적인 방식으로 만들려는데요.\n\n한가지 걸리는 게 전역적으로 이벤트 수신해야 되는 리스너가 하나 있습니다.\n\n이 리스너를 처음 연결된 상태로 페이지 이동해도 그대로 상태를 갖고 갈 수 있는 방법이 있을까요?\n\n일반 값들은 localStorage, sessionStorage 등을 쓰면 되는데, 리스너는 저런 비슷한 게 혹시 있을까요?',0,0,0,'2023-02-14 15:01:51.000000','2023-02-14 15:01:51.000000',0,0),(19,1,2,'스프링부트에서 thymleaf 없이 controller를 호출해서 context 파일의 html로 가는 방법이 있나요?','제목그대로 입니다\n\nthymleaf 사용하지 않고, url로 html 하지않고 controller에서 가고싶은데 계속 페이지를 못찾네요.',0,0,0,'2023-02-14 15:01:51.000000','2023-02-14 15:01:51.000000',0,0),(20,1,2,'import 경로 질문','import { instance, fileInstance } from \'./common/request\'\n\nimport { getUserInfo } from \'~/common/service/com/util\'\n\n이런 코드가 있는데\n\n./ 이거랑\n\n~/ 이거랑\n\n@/ 이거랑\n\n차이를 잘 모르겠는데 알려주시면 감사드리겠습니다 검색해도 잘 안나오네요..',0,0,0,'2023-02-14 15:01:51.000000','2023-02-14 15:01:51.000000',0,0),(21,1,2,'우분투 리눅스 lts 웹서버 하기위해 필요한것','리눅스 웹 페이지를 하기위해 필요한 것들이 뭐가 있을까요?....\n\n제가 아는거로는 아파치, 자바, 톰캣 밖에 없는데....다른게 더 필요할까요?',0,0,0,'2023-02-14 15:01:51.000000','2023-02-14 15:01:51.000000',0,0),(22,1,2,'자바스크립트 window.onload 관련 질문이요','ajax로 컨트롤러에서 받아온 jsp를 태그 안에 append로 추가하면 그 추가한 jsp안에 있는 window.onload가 실행이 안됩니다. 또 이상하게 새로고침 하면 실행이 되네요?\n\n그리고 $(function(){})나 $(document).ready 는 실행이 잘 되는데 window.onload에서만 안되요\n\nwindow.onload에서는 실행이 안되고 $(document).ready는 실행이 되는 이유가 뭘까요?',0,0,0,'2023-02-14 15:01:51.000000','2023-02-14 15:01:51.000000',0,0),(23,1,2,'[공지] 스터디장 하고 싶으신 분 연락주세요','싸탈합니다',0,0,0,'2023-02-14 15:01:51.000000','2023-02-14 15:01:51.000000',0,1),(24,1,2,'[공지] 오프라인 모임 시간 댓글 주세요','제목대로 입니다.',0,0,0,'2023-02-14 15:01:51.000000','2023-02-14 15:01:51.000000',0,1),(25,1,3,'자바스크립트, vue 매개변수 질문','const getUserInfo = (target = \'\') => {\n\n  const storage = getLocalStorage(\'common\')\n\n  if (storage !== null) {\n\n    return target === \'\' ? storage.userInfo : storage.userInfo[target]\n\n  }\n\n  return {}\n\n}\n\n이러한 코드가 있습니다. 근데 매개변수에 (target = \'\' ) 이렇게 되어있는데\n\n이거는 매개변수 뭐가 들어오든지 간에 무조건 \'\' 으로 셋팅 하겠다라는 말이 맞나요??',0,0,0,'2023-02-14 15:01:51.000000','2023-02-14 15:01:51.000000',0,0),(26,1,3,'Spring boot Security 멀티 로그인 페이지 구현 질문입니다','안녕하세요 선배님들\n\nspring boot security 구현중인 주니어 개발자입니다\n\njavaconfig 방식으로 admin 로그인 페이지와 user 로그인 페이지로 나누어 로그인 기능을 구현하고자 합니다.\n\nSecurityConfig.java 클래스 내부에\n\n@Order(1)\n\npublic static class UserAdapter\n\n@Order(2)\n\npublic static class AdminAdapter\n\n와 같은 방식으로\n\n/user/** 또는 /admin/** 등으로 각자 필터 체인 적용되도록 구현한 상태입니다.\n\ncustomAuthenticationProvider와 customAuthenticationFilter등 과 같은 커스텀 클래스 또한\n\n각자 적용 시킬 수 있는 방법이 아무리 찾아도 모르겠어서 3일째 주차중입니다 ㅠ\n\n선배님들의 고견 부탁드립니다.',0,0,0,'2023-02-14 15:01:51.000000','2023-02-14 15:01:51.000000',0,0),(27,1,3,'db jpa spring','스프링 개발 중에 구글에 대부분 좋아요기능을 만드는데 이것을 다대다?관계로 보는데 저는 다대다 관계가 아닌 단지 일대다 다대일로 이루어진 관계라고 보이는데 다대다 관계인가요?\n\n사람 - 좋아요 - 게시글\n\n단지 좋아요 테이블에 fk사람,fk게시글이 있다고 해서 다대다는 아니지않나요..? (논리적인 다대다 관계를 물리적으로 일대다 다대일로 해결이 아닌)\n\n제가 연관관계를 잘 이해를 못 하는건가...\n\n그냥 단지 다대일 일대다로 이루어진 관계구나 생각했는데 다대다라고 하는분들도 있어서 갑자기 헷갈리네요..',0,0,0,'2023-02-14 15:01:51.000000','2023-02-14 15:01:51.000000',0,0),(28,1,3,'spring 멀티 모듈은 aws 배포를 어떻게 하시나요?','현재 멀티모듈을 사용해서 module-api, module-batch 를 분리 해 두었습니다.\n\n이 경우에는 각각의 모듈을 각각의 ec2 인스턴스에 배포하나요?\n\n아니면 하나의 인스턴스에서 포트번호를 다르게 한다던가, 하는 방식이 더 일반적인가요?',0,0,0,'2023-02-14 15:01:51.000000','2023-02-14 15:01:51.000000',0,0),(29,1,3,'jwt 토큰 구조는 그냥 마음대로 사용해도 되는건가요?','기본적으로 jwt는 access token, refresh token이 있고 사용자가 access token이 만료되었는지 알 필요 없이 만료되었으면 refresh token으로 access token을 생성해주는 것으로 알고 있습니다. 두 토큰 저장 위치가 달라야 하구요.\n\n현재 제가 프론트 서버를 따로 두지않아 access token, refresh token 둘 다 cookie로 전달해야 하는 상황에 있습니다. 아무리 httpOnly 옵션을 걸고 뭘 한다고 하더라도 둘 다 cookie로 받아오는 건 구조상 이상하다는 생각이 들더라구요. 보안적인 측면에서도 refresh token은 탈취되어서는 안되는데 이게 같은 위치에 존재한다는 건 같은 보안 수준을 갖고 있다는 방증인데 뭔가 이상하다고 느꼈습니다. 그렇다고 refresh token을 DB의 회원 테이블에 넣어서 만료시 DB에서 꺼내서 갱신해준다는 건 \'토큰\'을 사용하는 의미가 퇴색된다고 생각하구요.\n\naccess token, refresh token의 위치가 달라야 하는데 저는 무조건 쿠키로만 보낼 수 없는 상황입니다. 토큰 구조도 무조건 사용이 되어야 합니다. 브라우저만 서버를 이용하는 게 아니라 응용 프로그램에서도 서버로 요청을 보내는 구조여서요... (사내 시스템입니다) 응용 프로그램에서 서버로 요청을 보낼 때도 토큰을 사용하고, 브라우저에서도 토큰을 사용해서 통신을 하는 구조로 생각하고 있는데 이럴 경우에 그냥 access token을 3시간 정도로 제한하고 refresh token을 두지 않고 접근만 하고 매번 갱신하는 구조로 하는 것도 생각 중입니다. 정답이 있는 건 아니라고 해도 대부분 비슷한 식으로 구현을 하시더라구요... 둘 다 cookie로 넣고 사용해도 괜찮을까요? 아니면 access token만 3시간 정도로 제한하고 만료될 때마다 토큰을 발급해주는 형태로 하는 게 나을까요 ㅠㅠ\n\n(제가 뭐 분산 서버 구조가 있어서 토큰을 사용하는 것은 아니고 브라우저랑 로컬 응용 프로그램 모두 서버에 접근을 해야해서 토큰 구조를 이용하게 되었습니다.)\n\n계속 고민하다가 질문 남깁니다 ㅠㅠ 긴 글 읽어주셔서 감사합니다!',0,0,0,'2023-02-14 15:01:51.000000','2023-02-14 15:01:51.000000',0,0),(30,1,3,'페이지 이동을 해도 리스너가 저장되는 방법이 있을까요? (SPA 아님)','기존에 SPA로 했더니, 좀 문제가 이것저것 많아서 이번에는 전통적인 방식으로 만들려는데요.\n\n한가지 걸리는 게 전역적으로 이벤트 수신해야 되는 리스너가 하나 있습니다.\n\n이 리스너를 처음 연결된 상태로 페이지 이동해도 그대로 상태를 갖고 갈 수 있는 방법이 있을까요?\n\n일반 값들은 localStorage, sessionStorage 등을 쓰면 되는데, 리스너는 저런 비슷한 게 혹시 있을까요?',0,0,0,'2023-02-14 15:01:51.000000','2023-02-14 15:01:51.000000',0,0),(31,1,3,'스프링부트에서 thymleaf 없이 controller를 호출해서 context 파일의 html로 가는 방법이 있나요?','제목그대로 입니다\n\nthymleaf 사용하지 않고, url로 html 하지않고 controller에서 가고싶은데 계속 페이지를 못찾네요.',0,0,0,'2023-02-14 15:01:51.000000','2023-02-14 15:01:51.000000',0,0),(32,1,3,'import 경로 질문','import { instance, fileInstance } from \'./common/request\'\n\nimport { getUserInfo } from \'~/common/service/com/util\'\n\n이런 코드가 있는데\n\n./ 이거랑\n\n~/ 이거랑\n\n@/ 이거랑\n\n차이를 잘 모르겠는데 알려주시면 감사드리겠습니다 검색해도 잘 안나오네요..',0,0,0,'2023-02-14 15:01:51.000000','2023-02-14 15:01:51.000000',0,0),(33,1,3,'우분투 리눅스 lts 웹서버 하기위해 필요한것','리눅스 웹 페이지를 하기위해 필요한 것들이 뭐가 있을까요?....\n\n제가 아는거로는 아파치, 자바, 톰캣 밖에 없는데....다른게 더 필요할까요?',0,0,0,'2023-02-14 15:01:51.000000','2023-02-14 15:01:51.000000',0,0),(34,1,3,'자바스크립트 window.onload 관련 질문이요','ajax로 컨트롤러에서 받아온 jsp를 태그 안에 append로 추가하면 그 추가한 jsp안에 있는 window.onload가 실행이 안됩니다. 또 이상하게 새로고침 하면 실행이 되네요?\n\n그리고 $(function(){})나 $(document).ready 는 실행이 잘 되는데 window.onload에서만 안되요\n\nwindow.onload에서는 실행이 안되고 $(document).ready는 실행이 되는 이유가 뭘까요?',0,0,0,'2023-02-14 15:01:51.000000','2023-02-14 15:01:51.000000',0,0),(35,1,3,'[공지] 스터디장 하고 싶으신 분 연락주세요','싸탈합니다',0,0,0,'2023-02-14 15:01:51.000000','2023-02-14 15:01:51.000000',0,1),(36,1,3,'[공지] 오프라인 모임 시간 댓글 주세요','제목대로 입니다.',0,0,0,'2023-02-14 15:01:51.000000','2023-02-14 15:01:51.000000',0,1),(37,1,4,'자바스크립트, vue 매개변수 질문','const getUserInfo = (target = \'\') => {\n\n  const storage = getLocalStorage(\'common\')\n\n  if (storage !== null) {\n\n    return target === \'\' ? storage.userInfo : storage.userInfo[target]\n\n  }\n\n  return {}\n\n}\n\n이러한 코드가 있습니다. 근데 매개변수에 (target = \'\' ) 이렇게 되어있는데\n\n이거는 매개변수 뭐가 들어오든지 간에 무조건 \'\' 으로 셋팅 하겠다라는 말이 맞나요??',0,0,0,'2023-02-14 15:01:51.000000','2023-02-14 15:01:51.000000',0,0),(38,1,4,'Spring boot Security 멀티 로그인 페이지 구현 질문입니다','안녕하세요 선배님들\n\nspring boot security 구현중인 주니어 개발자입니다\n\njavaconfig 방식으로 admin 로그인 페이지와 user 로그인 페이지로 나누어 로그인 기능을 구현하고자 합니다.\n\nSecurityConfig.java 클래스 내부에\n\n@Order(1)\n\npublic static class UserAdapter\n\n@Order(2)\n\npublic static class AdminAdapter\n\n와 같은 방식으로\n\n/user/** 또는 /admin/** 등으로 각자 필터 체인 적용되도록 구현한 상태입니다.\n\ncustomAuthenticationProvider와 customAuthenticationFilter등 과 같은 커스텀 클래스 또한\n\n각자 적용 시킬 수 있는 방법이 아무리 찾아도 모르겠어서 3일째 주차중입니다 ㅠ\n\n선배님들의 고견 부탁드립니다.',0,0,0,'2023-02-14 15:01:51.000000','2023-02-14 15:01:51.000000',0,0),(39,1,4,'db jpa spring','스프링 개발 중에 구글에 대부분 좋아요기능을 만드는데 이것을 다대다?관계로 보는데 저는 다대다 관계가 아닌 단지 일대다 다대일로 이루어진 관계라고 보이는데 다대다 관계인가요?\n\n사람 - 좋아요 - 게시글\n\n단지 좋아요 테이블에 fk사람,fk게시글이 있다고 해서 다대다는 아니지않나요..? (논리적인 다대다 관계를 물리적으로 일대다 다대일로 해결이 아닌)\n\n제가 연관관계를 잘 이해를 못 하는건가...\n\n그냥 단지 다대일 일대다로 이루어진 관계구나 생각했는데 다대다라고 하는분들도 있어서 갑자기 헷갈리네요..',0,0,0,'2023-02-14 15:01:51.000000','2023-02-14 15:01:51.000000',0,0),(40,1,4,'spring 멀티 모듈은 aws 배포를 어떻게 하시나요?','현재 멀티모듈을 사용해서 module-api, module-batch 를 분리 해 두었습니다.\n\n이 경우에는 각각의 모듈을 각각의 ec2 인스턴스에 배포하나요?\n\n아니면 하나의 인스턴스에서 포트번호를 다르게 한다던가, 하는 방식이 더 일반적인가요?',0,0,0,'2023-02-14 15:01:51.000000','2023-02-14 15:01:51.000000',0,0),(41,1,4,'jwt 토큰 구조는 그냥 마음대로 사용해도 되는건가요?','기본적으로 jwt는 access token, refresh token이 있고 사용자가 access token이 만료되었는지 알 필요 없이 만료되었으면 refresh token으로 access token을 생성해주는 것으로 알고 있습니다. 두 토큰 저장 위치가 달라야 하구요.\n\n현재 제가 프론트 서버를 따로 두지않아 access token, refresh token 둘 다 cookie로 전달해야 하는 상황에 있습니다. 아무리 httpOnly 옵션을 걸고 뭘 한다고 하더라도 둘 다 cookie로 받아오는 건 구조상 이상하다는 생각이 들더라구요. 보안적인 측면에서도 refresh token은 탈취되어서는 안되는데 이게 같은 위치에 존재한다는 건 같은 보안 수준을 갖고 있다는 방증인데 뭔가 이상하다고 느꼈습니다. 그렇다고 refresh token을 DB의 회원 테이블에 넣어서 만료시 DB에서 꺼내서 갱신해준다는 건 \'토큰\'을 사용하는 의미가 퇴색된다고 생각하구요.\n\naccess token, refresh token의 위치가 달라야 하는데 저는 무조건 쿠키로만 보낼 수 없는 상황입니다. 토큰 구조도 무조건 사용이 되어야 합니다. 브라우저만 서버를 이용하는 게 아니라 응용 프로그램에서도 서버로 요청을 보내는 구조여서요... (사내 시스템입니다) 응용 프로그램에서 서버로 요청을 보낼 때도 토큰을 사용하고, 브라우저에서도 토큰을 사용해서 통신을 하는 구조로 생각하고 있는데 이럴 경우에 그냥 access token을 3시간 정도로 제한하고 refresh token을 두지 않고 접근만 하고 매번 갱신하는 구조로 하는 것도 생각 중입니다. 정답이 있는 건 아니라고 해도 대부분 비슷한 식으로 구현을 하시더라구요... 둘 다 cookie로 넣고 사용해도 괜찮을까요? 아니면 access token만 3시간 정도로 제한하고 만료될 때마다 토큰을 발급해주는 형태로 하는 게 나을까요 ㅠㅠ\n\n(제가 뭐 분산 서버 구조가 있어서 토큰을 사용하는 것은 아니고 브라우저랑 로컬 응용 프로그램 모두 서버에 접근을 해야해서 토큰 구조를 이용하게 되었습니다.)\n\n계속 고민하다가 질문 남깁니다 ㅠㅠ 긴 글 읽어주셔서 감사합니다!',0,0,0,'2023-02-14 15:01:51.000000','2023-02-14 15:01:51.000000',0,0),(42,1,4,'페이지 이동을 해도 리스너가 저장되는 방법이 있을까요? (SPA 아님)','기존에 SPA로 했더니, 좀 문제가 이것저것 많아서 이번에는 전통적인 방식으로 만들려는데요.\n\n한가지 걸리는 게 전역적으로 이벤트 수신해야 되는 리스너가 하나 있습니다.\n\n이 리스너를 처음 연결된 상태로 페이지 이동해도 그대로 상태를 갖고 갈 수 있는 방법이 있을까요?\n\n일반 값들은 localStorage, sessionStorage 등을 쓰면 되는데, 리스너는 저런 비슷한 게 혹시 있을까요?',0,0,0,'2023-02-14 15:01:51.000000','2023-02-14 15:01:51.000000',0,0),(43,1,4,'스프링부트에서 thymleaf 없이 controller를 호출해서 context 파일의 html로 가는 방법이 있나요?','제목그대로 입니다\n\nthymleaf 사용하지 않고, url로 html 하지않고 controller에서 가고싶은데 계속 페이지를 못찾네요.',0,0,0,'2023-02-14 15:01:51.000000','2023-02-14 15:01:51.000000',0,0),(44,1,4,'import 경로 질문','import { instance, fileInstance } from \'./common/request\'\n\nimport { getUserInfo } from \'~/common/service/com/util\'\n\n이런 코드가 있는데\n\n./ 이거랑\n\n~/ 이거랑\n\n@/ 이거랑\n\n차이를 잘 모르겠는데 알려주시면 감사드리겠습니다 검색해도 잘 안나오네요..',0,0,0,'2023-02-14 15:01:51.000000','2023-02-14 15:01:51.000000',0,0),(45,1,4,'우분투 리눅스 lts 웹서버 하기위해 필요한것','리눅스 웹 페이지를 하기위해 필요한 것들이 뭐가 있을까요?....\n\n제가 아는거로는 아파치, 자바, 톰캣 밖에 없는데....다른게 더 필요할까요?',0,0,0,'2023-02-14 15:01:51.000000','2023-02-14 15:01:51.000000',0,0),(46,1,4,'자바스크립트 window.onload 관련 질문이요','ajax로 컨트롤러에서 받아온 jsp를 태그 안에 append로 추가하면 그 추가한 jsp안에 있는 window.onload가 실행이 안됩니다. 또 이상하게 새로고침 하면 실행이 되네요?\n\n그리고 $(function(){})나 $(document).ready 는 실행이 잘 되는데 window.onload에서만 안되요\n\nwindow.onload에서는 실행이 안되고 $(document).ready는 실행이 되는 이유가 뭘까요?',0,0,0,'2023-02-14 15:01:51.000000','2023-02-14 15:01:51.000000',0,0),(47,1,4,'[공지] 스터디장 하고 싶으신 분 연락주세요','싸탈합니다',0,0,0,'2023-02-14 15:01:51.000000','2023-02-14 15:01:51.000000',0,1),(48,1,4,'[공지] 오프라인 모임 시간 댓글 주세요','제목대로 입니다.',0,0,0,'2023-02-14 15:01:51.000000','2023-02-14 15:01:51.000000',0,1),(49,1,5,'자바스크립트, vue 매개변수 질문','const getUserInfo = (target = \'\') => {\n\n  const storage = getLocalStorage(\'common\')\n\n  if (storage !== null) {\n\n    return target === \'\' ? storage.userInfo : storage.userInfo[target]\n\n  }\n\n  return {}\n\n}\n\n이러한 코드가 있습니다. 근데 매개변수에 (target = \'\' ) 이렇게 되어있는데\n\n이거는 매개변수 뭐가 들어오든지 간에 무조건 \'\' 으로 셋팅 하겠다라는 말이 맞나요??',0,0,0,'2023-02-14 15:01:51.000000','2023-02-14 15:01:51.000000',0,0),(50,1,5,'Spring boot Security 멀티 로그인 페이지 구현 질문입니다','안녕하세요 선배님들\n\nspring boot security 구현중인 주니어 개발자입니다\n\njavaconfig 방식으로 admin 로그인 페이지와 user 로그인 페이지로 나누어 로그인 기능을 구현하고자 합니다.\n\nSecurityConfig.java 클래스 내부에\n\n@Order(1)\n\npublic static class UserAdapter\n\n@Order(2)\n\npublic static class AdminAdapter\n\n와 같은 방식으로\n\n/user/** 또는 /admin/** 등으로 각자 필터 체인 적용되도록 구현한 상태입니다.\n\ncustomAuthenticationProvider와 customAuthenticationFilter등 과 같은 커스텀 클래스 또한\n\n각자 적용 시킬 수 있는 방법이 아무리 찾아도 모르겠어서 3일째 주차중입니다 ㅠ\n\n선배님들의 고견 부탁드립니다.',0,0,0,'2023-02-14 15:01:51.000000','2023-02-14 15:01:51.000000',0,0),(51,1,5,'db jpa spring','스프링 개발 중에 구글에 대부분 좋아요기능을 만드는데 이것을 다대다?관계로 보는데 저는 다대다 관계가 아닌 단지 일대다 다대일로 이루어진 관계라고 보이는데 다대다 관계인가요?\n\n사람 - 좋아요 - 게시글\n\n단지 좋아요 테이블에 fk사람,fk게시글이 있다고 해서 다대다는 아니지않나요..? (논리적인 다대다 관계를 물리적으로 일대다 다대일로 해결이 아닌)\n\n제가 연관관계를 잘 이해를 못 하는건가...\n\n그냥 단지 다대일 일대다로 이루어진 관계구나 생각했는데 다대다라고 하는분들도 있어서 갑자기 헷갈리네요..',0,0,0,'2023-02-14 15:01:51.000000','2023-02-14 15:01:51.000000',0,0),(52,1,5,'spring 멀티 모듈은 aws 배포를 어떻게 하시나요?','현재 멀티모듈을 사용해서 module-api, module-batch 를 분리 해 두었습니다.\n\n이 경우에는 각각의 모듈을 각각의 ec2 인스턴스에 배포하나요?\n\n아니면 하나의 인스턴스에서 포트번호를 다르게 한다던가, 하는 방식이 더 일반적인가요?',0,0,0,'2023-02-14 15:01:51.000000','2023-02-14 15:01:51.000000',0,0),(53,1,5,'jwt 토큰 구조는 그냥 마음대로 사용해도 되는건가요?','기본적으로 jwt는 access token, refresh token이 있고 사용자가 access token이 만료되었는지 알 필요 없이 만료되었으면 refresh token으로 access token을 생성해주는 것으로 알고 있습니다. 두 토큰 저장 위치가 달라야 하구요.\n\n현재 제가 프론트 서버를 따로 두지않아 access token, refresh token 둘 다 cookie로 전달해야 하는 상황에 있습니다. 아무리 httpOnly 옵션을 걸고 뭘 한다고 하더라도 둘 다 cookie로 받아오는 건 구조상 이상하다는 생각이 들더라구요. 보안적인 측면에서도 refresh token은 탈취되어서는 안되는데 이게 같은 위치에 존재한다는 건 같은 보안 수준을 갖고 있다는 방증인데 뭔가 이상하다고 느꼈습니다. 그렇다고 refresh token을 DB의 회원 테이블에 넣어서 만료시 DB에서 꺼내서 갱신해준다는 건 \'토큰\'을 사용하는 의미가 퇴색된다고 생각하구요.\n\naccess token, refresh token의 위치가 달라야 하는데 저는 무조건 쿠키로만 보낼 수 없는 상황입니다. 토큰 구조도 무조건 사용이 되어야 합니다. 브라우저만 서버를 이용하는 게 아니라 응용 프로그램에서도 서버로 요청을 보내는 구조여서요... (사내 시스템입니다) 응용 프로그램에서 서버로 요청을 보낼 때도 토큰을 사용하고, 브라우저에서도 토큰을 사용해서 통신을 하는 구조로 생각하고 있는데 이럴 경우에 그냥 access token을 3시간 정도로 제한하고 refresh token을 두지 않고 접근만 하고 매번 갱신하는 구조로 하는 것도 생각 중입니다. 정답이 있는 건 아니라고 해도 대부분 비슷한 식으로 구현을 하시더라구요... 둘 다 cookie로 넣고 사용해도 괜찮을까요? 아니면 access token만 3시간 정도로 제한하고 만료될 때마다 토큰을 발급해주는 형태로 하는 게 나을까요 ㅠㅠ\n\n(제가 뭐 분산 서버 구조가 있어서 토큰을 사용하는 것은 아니고 브라우저랑 로컬 응용 프로그램 모두 서버에 접근을 해야해서 토큰 구조를 이용하게 되었습니다.)\n\n계속 고민하다가 질문 남깁니다 ㅠㅠ 긴 글 읽어주셔서 감사합니다!',0,0,0,'2023-02-14 15:01:51.000000','2023-02-14 15:01:51.000000',0,0),(54,1,5,'페이지 이동을 해도 리스너가 저장되는 방법이 있을까요? (SPA 아님)','기존에 SPA로 했더니, 좀 문제가 이것저것 많아서 이번에는 전통적인 방식으로 만들려는데요.\n\n한가지 걸리는 게 전역적으로 이벤트 수신해야 되는 리스너가 하나 있습니다.\n\n이 리스너를 처음 연결된 상태로 페이지 이동해도 그대로 상태를 갖고 갈 수 있는 방법이 있을까요?\n\n일반 값들은 localStorage, sessionStorage 등을 쓰면 되는데, 리스너는 저런 비슷한 게 혹시 있을까요?',0,0,0,'2023-02-14 15:01:51.000000','2023-02-14 15:01:51.000000',0,0),(55,1,5,'스프링부트에서 thymleaf 없이 controller를 호출해서 context 파일의 html로 가는 방법이 있나요?','제목그대로 입니다\n\nthymleaf 사용하지 않고, url로 html 하지않고 controller에서 가고싶은데 계속 페이지를 못찾네요.',0,0,0,'2023-02-14 15:01:51.000000','2023-02-14 15:01:51.000000',0,0),(56,1,5,'import 경로 질문','import { instance, fileInstance } from \'./common/request\'\n\nimport { getUserInfo } from \'~/common/service/com/util\'\n\n이런 코드가 있는데\n\n./ 이거랑\n\n~/ 이거랑\n\n@/ 이거랑\n\n차이를 잘 모르겠는데 알려주시면 감사드리겠습니다 검색해도 잘 안나오네요..',0,0,0,'2023-02-14 15:01:51.000000','2023-02-14 15:01:51.000000',0,0),(57,1,5,'우분투 리눅스 lts 웹서버 하기위해 필요한것','리눅스 웹 페이지를 하기위해 필요한 것들이 뭐가 있을까요?....\n\n제가 아는거로는 아파치, 자바, 톰캣 밖에 없는데....다른게 더 필요할까요?',0,0,0,'2023-02-14 15:01:51.000000','2023-02-14 15:01:51.000000',0,0),(58,1,5,'자바스크립트 window.onload 관련 질문이요','ajax로 컨트롤러에서 받아온 jsp를 태그 안에 append로 추가하면 그 추가한 jsp안에 있는 window.onload가 실행이 안됩니다. 또 이상하게 새로고침 하면 실행이 되네요?\n\n그리고 $(function(){})나 $(document).ready 는 실행이 잘 되는데 window.onload에서만 안되요\n\nwindow.onload에서는 실행이 안되고 $(document).ready는 실행이 되는 이유가 뭘까요?',0,0,0,'2023-02-14 15:01:51.000000','2023-02-14 15:01:51.000000',0,0),(59,1,5,'[공지] 스터디장 하고 싶으신 분 연락주세요','싸탈합니다',0,0,0,'2023-02-14 15:01:51.000000','2023-02-14 15:01:51.000000',0,1),(60,1,5,'[공지] 오프라인 모임 시간 댓글 주세요','제목대로 입니다.',0,0,0,'2023-02-14 15:01:51.000000','2023-02-14 15:01:51.000000',0,1),(61,2,6,'자바스크립트, vue 매개변수 질문','const getUserInfo = (target = \'\') => {\n\n  const storage = getLocalStorage(\'common\')\n\n  if (storage !== null) {\n\n    return target === \'\' ? storage.userInfo : storage.userInfo[target]\n\n  }\n\n  return {}\n\n}\n\n이러한 코드가 있습니다. 근데 매개변수에 (target = \'\' ) 이렇게 되어있는데\n\n이거는 매개변수 뭐가 들어오든지 간에 무조건 \'\' 으로 셋팅 하겠다라는 말이 맞나요??',0,0,0,'2023-02-14 15:01:51.000000','2023-02-14 15:01:51.000000',0,0),(62,2,6,'Spring boot Security 멀티 로그인 페이지 구현 질문입니다','안녕하세요 선배님들\n\nspring boot security 구현중인 주니어 개발자입니다\n\njavaconfig 방식으로 admin 로그인 페이지와 user 로그인 페이지로 나누어 로그인 기능을 구현하고자 합니다.\n\nSecurityConfig.java 클래스 내부에\n\n@Order(1)\n\npublic static class UserAdapter\n\n@Order(2)\n\npublic static class AdminAdapter\n\n와 같은 방식으로\n\n/user/** 또는 /admin/** 등으로 각자 필터 체인 적용되도록 구현한 상태입니다.\n\ncustomAuthenticationProvider와 customAuthenticationFilter등 과 같은 커스텀 클래스 또한\n\n각자 적용 시킬 수 있는 방법이 아무리 찾아도 모르겠어서 3일째 주차중입니다 ㅠ\n\n선배님들의 고견 부탁드립니다.',0,0,0,'2023-02-14 15:01:51.000000','2023-02-14 15:01:51.000000',0,0),(63,2,6,'db jpa spring','스프링 개발 중에 구글에 대부분 좋아요기능을 만드는데 이것을 다대다?관계로 보는데 저는 다대다 관계가 아닌 단지 일대다 다대일로 이루어진 관계라고 보이는데 다대다 관계인가요?\n\n사람 - 좋아요 - 게시글\n\n단지 좋아요 테이블에 fk사람,fk게시글이 있다고 해서 다대다는 아니지않나요..? (논리적인 다대다 관계를 물리적으로 일대다 다대일로 해결이 아닌)\n\n제가 연관관계를 잘 이해를 못 하는건가...\n\n그냥 단지 다대일 일대다로 이루어진 관계구나 생각했는데 다대다라고 하는분들도 있어서 갑자기 헷갈리네요..',0,0,0,'2023-02-14 15:01:51.000000','2023-02-14 15:01:51.000000',0,0),(64,2,6,'spring 멀티 모듈은 aws 배포를 어떻게 하시나요?','현재 멀티모듈을 사용해서 module-api, module-batch 를 분리 해 두었습니다.\n\n이 경우에는 각각의 모듈을 각각의 ec2 인스턴스에 배포하나요?\n\n아니면 하나의 인스턴스에서 포트번호를 다르게 한다던가, 하는 방식이 더 일반적인가요?',0,0,0,'2023-02-14 15:01:51.000000','2023-02-14 15:01:51.000000',0,0),(65,2,6,'jwt 토큰 구조는 그냥 마음대로 사용해도 되는건가요?','기본적으로 jwt는 access token, refresh token이 있고 사용자가 access token이 만료되었는지 알 필요 없이 만료되었으면 refresh token으로 access token을 생성해주는 것으로 알고 있습니다. 두 토큰 저장 위치가 달라야 하구요.\n\n현재 제가 프론트 서버를 따로 두지않아 access token, refresh token 둘 다 cookie로 전달해야 하는 상황에 있습니다. 아무리 httpOnly 옵션을 걸고 뭘 한다고 하더라도 둘 다 cookie로 받아오는 건 구조상 이상하다는 생각이 들더라구요. 보안적인 측면에서도 refresh token은 탈취되어서는 안되는데 이게 같은 위치에 존재한다는 건 같은 보안 수준을 갖고 있다는 방증인데 뭔가 이상하다고 느꼈습니다. 그렇다고 refresh token을 DB의 회원 테이블에 넣어서 만료시 DB에서 꺼내서 갱신해준다는 건 \'토큰\'을 사용하는 의미가 퇴색된다고 생각하구요.\n\naccess token, refresh token의 위치가 달라야 하는데 저는 무조건 쿠키로만 보낼 수 없는 상황입니다. 토큰 구조도 무조건 사용이 되어야 합니다. 브라우저만 서버를 이용하는 게 아니라 응용 프로그램에서도 서버로 요청을 보내는 구조여서요... (사내 시스템입니다) 응용 프로그램에서 서버로 요청을 보낼 때도 토큰을 사용하고, 브라우저에서도 토큰을 사용해서 통신을 하는 구조로 생각하고 있는데 이럴 경우에 그냥 access token을 3시간 정도로 제한하고 refresh token을 두지 않고 접근만 하고 매번 갱신하는 구조로 하는 것도 생각 중입니다. 정답이 있는 건 아니라고 해도 대부분 비슷한 식으로 구현을 하시더라구요... 둘 다 cookie로 넣고 사용해도 괜찮을까요? 아니면 access token만 3시간 정도로 제한하고 만료될 때마다 토큰을 발급해주는 형태로 하는 게 나을까요 ㅠㅠ\n\n(제가 뭐 분산 서버 구조가 있어서 토큰을 사용하는 것은 아니고 브라우저랑 로컬 응용 프로그램 모두 서버에 접근을 해야해서 토큰 구조를 이용하게 되었습니다.)\n\n계속 고민하다가 질문 남깁니다 ㅠㅠ 긴 글 읽어주셔서 감사합니다!',0,0,0,'2023-02-14 15:01:51.000000','2023-02-14 15:01:51.000000',0,0),(66,2,6,'페이지 이동을 해도 리스너가 저장되는 방법이 있을까요? (SPA 아님)','기존에 SPA로 했더니, 좀 문제가 이것저것 많아서 이번에는 전통적인 방식으로 만들려는데요.\n\n한가지 걸리는 게 전역적으로 이벤트 수신해야 되는 리스너가 하나 있습니다.\n\n이 리스너를 처음 연결된 상태로 페이지 이동해도 그대로 상태를 갖고 갈 수 있는 방법이 있을까요?\n\n일반 값들은 localStorage, sessionStorage 등을 쓰면 되는데, 리스너는 저런 비슷한 게 혹시 있을까요?',0,0,0,'2023-02-14 15:01:51.000000','2023-02-14 15:01:51.000000',0,0),(67,2,6,'스프링부트에서 thymleaf 없이 controller를 호출해서 context 파일의 html로 가는 방법이 있나요?','제목그대로 입니다\n\nthymleaf 사용하지 않고, url로 html 하지않고 controller에서 가고싶은데 계속 페이지를 못찾네요.',0,0,0,'2023-02-14 15:01:51.000000','2023-02-14 15:01:51.000000',0,0),(68,2,6,'import 경로 질문','import { instance, fileInstance } from \'./common/request\'\n\nimport { getUserInfo } from \'~/common/service/com/util\'\n\n이런 코드가 있는데\n\n./ 이거랑\n\n~/ 이거랑\n\n@/ 이거랑\n\n차이를 잘 모르겠는데 알려주시면 감사드리겠습니다 검색해도 잘 안나오네요..',0,0,0,'2023-02-14 15:01:51.000000','2023-02-14 15:01:51.000000',0,0),(69,2,6,'우분투 리눅스 lts 웹서버 하기위해 필요한것','리눅스 웹 페이지를 하기위해 필요한 것들이 뭐가 있을까요?....\n\n제가 아는거로는 아파치, 자바, 톰캣 밖에 없는데....다른게 더 필요할까요?',0,0,0,'2023-02-14 15:01:51.000000','2023-02-14 15:01:51.000000',0,0),(70,2,6,'자바스크립트 window.onload 관련 질문이요','ajax로 컨트롤러에서 받아온 jsp를 태그 안에 append로 추가하면 그 추가한 jsp안에 있는 window.onload가 실행이 안됩니다. 또 이상하게 새로고침 하면 실행이 되네요?\n\n그리고 $(function(){})나 $(document).ready 는 실행이 잘 되는데 window.onload에서만 안되요\n\nwindow.onload에서는 실행이 안되고 $(document).ready는 실행이 되는 이유가 뭘까요?',0,0,0,'2023-02-14 15:01:51.000000','2023-02-14 15:01:51.000000',0,0),(71,2,6,'[공지] 스터디장 하고 싶으신 분 연락주세요','싸탈합니다',0,0,0,'2023-02-14 15:01:51.000000','2023-02-14 15:01:51.000000',0,1),(72,2,6,'[공지] 오프라인 모임 시간 댓글 주세요','제목대로 입니다.',0,0,0,'2023-02-14 15:01:51.000000','2023-02-14 15:01:51.000000',0,1),(73,2,7,'자바스크립트, vue 매개변수 질문','const getUserInfo = (target = \'\') => {\n\n  const storage = getLocalStorage(\'common\')\n\n  if (storage !== null) {\n\n    return target === \'\' ? storage.userInfo : storage.userInfo[target]\n\n  }\n\n  return {}\n\n}\n\n이러한 코드가 있습니다. 근데 매개변수에 (target = \'\' ) 이렇게 되어있는데\n\n이거는 매개변수 뭐가 들어오든지 간에 무조건 \'\' 으로 셋팅 하겠다라는 말이 맞나요??',0,0,0,'2023-02-14 15:01:51.000000','2023-02-14 15:01:51.000000',0,0),(74,2,7,'Spring boot Security 멀티 로그인 페이지 구현 질문입니다','안녕하세요 선배님들\n\nspring boot security 구현중인 주니어 개발자입니다\n\njavaconfig 방식으로 admin 로그인 페이지와 user 로그인 페이지로 나누어 로그인 기능을 구현하고자 합니다.\n\nSecurityConfig.java 클래스 내부에\n\n@Order(1)\n\npublic static class UserAdapter\n\n@Order(2)\n\npublic static class AdminAdapter\n\n와 같은 방식으로\n\n/user/** 또는 /admin/** 등으로 각자 필터 체인 적용되도록 구현한 상태입니다.\n\ncustomAuthenticationProvider와 customAuthenticationFilter등 과 같은 커스텀 클래스 또한\n\n각자 적용 시킬 수 있는 방법이 아무리 찾아도 모르겠어서 3일째 주차중입니다 ㅠ\n\n선배님들의 고견 부탁드립니다.',0,0,0,'2023-02-14 15:01:51.000000','2023-02-14 15:01:51.000000',0,0),(75,2,7,'db jpa spring','스프링 개발 중에 구글에 대부분 좋아요기능을 만드는데 이것을 다대다?관계로 보는데 저는 다대다 관계가 아닌 단지 일대다 다대일로 이루어진 관계라고 보이는데 다대다 관계인가요?\n\n사람 - 좋아요 - 게시글\n\n단지 좋아요 테이블에 fk사람,fk게시글이 있다고 해서 다대다는 아니지않나요..? (논리적인 다대다 관계를 물리적으로 일대다 다대일로 해결이 아닌)\n\n제가 연관관계를 잘 이해를 못 하는건가...\n\n그냥 단지 다대일 일대다로 이루어진 관계구나 생각했는데 다대다라고 하는분들도 있어서 갑자기 헷갈리네요..',0,0,0,'2023-02-14 15:01:51.000000','2023-02-14 15:01:51.000000',0,0),(76,2,7,'spring 멀티 모듈은 aws 배포를 어떻게 하시나요?','현재 멀티모듈을 사용해서 module-api, module-batch 를 분리 해 두었습니다.\n\n이 경우에는 각각의 모듈을 각각의 ec2 인스턴스에 배포하나요?\n\n아니면 하나의 인스턴스에서 포트번호를 다르게 한다던가, 하는 방식이 더 일반적인가요?',0,0,0,'2023-02-14 15:01:51.000000','2023-02-14 15:01:51.000000',0,0),(77,2,7,'jwt 토큰 구조는 그냥 마음대로 사용해도 되는건가요?','기본적으로 jwt는 access token, refresh token이 있고 사용자가 access token이 만료되었는지 알 필요 없이 만료되었으면 refresh token으로 access token을 생성해주는 것으로 알고 있습니다. 두 토큰 저장 위치가 달라야 하구요.\n\n현재 제가 프론트 서버를 따로 두지않아 access token, refresh token 둘 다 cookie로 전달해야 하는 상황에 있습니다. 아무리 httpOnly 옵션을 걸고 뭘 한다고 하더라도 둘 다 cookie로 받아오는 건 구조상 이상하다는 생각이 들더라구요. 보안적인 측면에서도 refresh token은 탈취되어서는 안되는데 이게 같은 위치에 존재한다는 건 같은 보안 수준을 갖고 있다는 방증인데 뭔가 이상하다고 느꼈습니다. 그렇다고 refresh token을 DB의 회원 테이블에 넣어서 만료시 DB에서 꺼내서 갱신해준다는 건 \'토큰\'을 사용하는 의미가 퇴색된다고 생각하구요.\n\naccess token, refresh token의 위치가 달라야 하는데 저는 무조건 쿠키로만 보낼 수 없는 상황입니다. 토큰 구조도 무조건 사용이 되어야 합니다. 브라우저만 서버를 이용하는 게 아니라 응용 프로그램에서도 서버로 요청을 보내는 구조여서요... (사내 시스템입니다) 응용 프로그램에서 서버로 요청을 보낼 때도 토큰을 사용하고, 브라우저에서도 토큰을 사용해서 통신을 하는 구조로 생각하고 있는데 이럴 경우에 그냥 access token을 3시간 정도로 제한하고 refresh token을 두지 않고 접근만 하고 매번 갱신하는 구조로 하는 것도 생각 중입니다. 정답이 있는 건 아니라고 해도 대부분 비슷한 식으로 구현을 하시더라구요... 둘 다 cookie로 넣고 사용해도 괜찮을까요? 아니면 access token만 3시간 정도로 제한하고 만료될 때마다 토큰을 발급해주는 형태로 하는 게 나을까요 ㅠㅠ\n\n(제가 뭐 분산 서버 구조가 있어서 토큰을 사용하는 것은 아니고 브라우저랑 로컬 응용 프로그램 모두 서버에 접근을 해야해서 토큰 구조를 이용하게 되었습니다.)\n\n계속 고민하다가 질문 남깁니다 ㅠㅠ 긴 글 읽어주셔서 감사합니다!',0,0,0,'2023-02-14 15:01:51.000000','2023-02-14 15:01:51.000000',0,0),(78,2,7,'페이지 이동을 해도 리스너가 저장되는 방법이 있을까요? (SPA 아님)','기존에 SPA로 했더니, 좀 문제가 이것저것 많아서 이번에는 전통적인 방식으로 만들려는데요.\n\n한가지 걸리는 게 전역적으로 이벤트 수신해야 되는 리스너가 하나 있습니다.\n\n이 리스너를 처음 연결된 상태로 페이지 이동해도 그대로 상태를 갖고 갈 수 있는 방법이 있을까요?\n\n일반 값들은 localStorage, sessionStorage 등을 쓰면 되는데, 리스너는 저런 비슷한 게 혹시 있을까요?',0,0,0,'2023-02-14 15:01:51.000000','2023-02-14 15:01:51.000000',0,0),(79,2,7,'스프링부트에서 thymleaf 없이 controller를 호출해서 context 파일의 html로 가는 방법이 있나요?','제목그대로 입니다\n\nthymleaf 사용하지 않고, url로 html 하지않고 controller에서 가고싶은데 계속 페이지를 못찾네요.',0,0,0,'2023-02-14 15:01:51.000000','2023-02-14 15:01:51.000000',0,0),(80,2,7,'import 경로 질문','import { instance, fileInstance } from \'./common/request\'\n\nimport { getUserInfo } from \'~/common/service/com/util\'\n\n이런 코드가 있는데\n\n./ 이거랑\n\n~/ 이거랑\n\n@/ 이거랑\n\n차이를 잘 모르겠는데 알려주시면 감사드리겠습니다 검색해도 잘 안나오네요..',0,0,0,'2023-02-14 15:01:51.000000','2023-02-14 15:01:51.000000',0,0),(81,2,7,'우분투 리눅스 lts 웹서버 하기위해 필요한것','리눅스 웹 페이지를 하기위해 필요한 것들이 뭐가 있을까요?....\n\n제가 아는거로는 아파치, 자바, 톰캣 밖에 없는데....다른게 더 필요할까요?',0,0,0,'2023-02-14 15:01:51.000000','2023-02-14 15:01:51.000000',0,0),(82,2,7,'자바스크립트 window.onload 관련 질문이요','ajax로 컨트롤러에서 받아온 jsp를 태그 안에 append로 추가하면 그 추가한 jsp안에 있는 window.onload가 실행이 안됩니다. 또 이상하게 새로고침 하면 실행이 되네요?\n\n그리고 $(function(){})나 $(document).ready 는 실행이 잘 되는데 window.onload에서만 안되요\n\nwindow.onload에서는 실행이 안되고 $(document).ready는 실행이 되는 이유가 뭘까요?',0,0,0,'2023-02-14 15:01:51.000000','2023-02-14 15:01:51.000000',0,0),(83,2,7,'[공지] 스터디장 하고 싶으신 분 연락주세요','싸탈합니다',0,0,0,'2023-02-14 15:01:51.000000','2023-02-14 15:01:51.000000',0,1),(84,2,7,'[공지] 오프라인 모임 시간 댓글 주세요','제목대로 입니다.',0,0,0,'2023-02-14 15:01:51.000000','2023-02-14 15:01:51.000000',0,1),(85,2,8,'자바스크립트, vue 매개변수 질문','const getUserInfo = (target = \'\') => {\n\n  const storage = getLocalStorage(\'common\')\n\n  if (storage !== null) {\n\n    return target === \'\' ? storage.userInfo : storage.userInfo[target]\n\n  }\n\n  return {}\n\n}\n\n이러한 코드가 있습니다. 근데 매개변수에 (target = \'\' ) 이렇게 되어있는데\n\n이거는 매개변수 뭐가 들어오든지 간에 무조건 \'\' 으로 셋팅 하겠다라는 말이 맞나요??',0,0,0,'2023-02-14 15:01:51.000000','2023-02-14 15:01:51.000000',0,0),(86,2,8,'Spring boot Security 멀티 로그인 페이지 구현 질문입니다','안녕하세요 선배님들\n\nspring boot security 구현중인 주니어 개발자입니다\n\njavaconfig 방식으로 admin 로그인 페이지와 user 로그인 페이지로 나누어 로그인 기능을 구현하고자 합니다.\n\nSecurityConfig.java 클래스 내부에\n\n@Order(1)\n\npublic static class UserAdapter\n\n@Order(2)\n\npublic static class AdminAdapter\n\n와 같은 방식으로\n\n/user/** 또는 /admin/** 등으로 각자 필터 체인 적용되도록 구현한 상태입니다.\n\ncustomAuthenticationProvider와 customAuthenticationFilter등 과 같은 커스텀 클래스 또한\n\n각자 적용 시킬 수 있는 방법이 아무리 찾아도 모르겠어서 3일째 주차중입니다 ㅠ\n\n선배님들의 고견 부탁드립니다.',0,0,0,'2023-02-14 15:01:51.000000','2023-02-14 15:01:51.000000',0,0),(87,2,8,'db jpa spring','스프링 개발 중에 구글에 대부분 좋아요기능을 만드는데 이것을 다대다?관계로 보는데 저는 다대다 관계가 아닌 단지 일대다 다대일로 이루어진 관계라고 보이는데 다대다 관계인가요?\n\n사람 - 좋아요 - 게시글\n\n단지 좋아요 테이블에 fk사람,fk게시글이 있다고 해서 다대다는 아니지않나요..? (논리적인 다대다 관계를 물리적으로 일대다 다대일로 해결이 아닌)\n\n제가 연관관계를 잘 이해를 못 하는건가...\n\n그냥 단지 다대일 일대다로 이루어진 관계구나 생각했는데 다대다라고 하는분들도 있어서 갑자기 헷갈리네요..',0,0,0,'2023-02-14 15:01:51.000000','2023-02-14 15:01:51.000000',0,0),(88,2,8,'spring 멀티 모듈은 aws 배포를 어떻게 하시나요?','현재 멀티모듈을 사용해서 module-api, module-batch 를 분리 해 두었습니다.\n\n이 경우에는 각각의 모듈을 각각의 ec2 인스턴스에 배포하나요?\n\n아니면 하나의 인스턴스에서 포트번호를 다르게 한다던가, 하는 방식이 더 일반적인가요?',0,0,0,'2023-02-14 15:01:51.000000','2023-02-14 15:01:51.000000',0,0),(89,2,8,'jwt 토큰 구조는 그냥 마음대로 사용해도 되는건가요?','기본적으로 jwt는 access token, refresh token이 있고 사용자가 access token이 만료되었는지 알 필요 없이 만료되었으면 refresh token으로 access token을 생성해주는 것으로 알고 있습니다. 두 토큰 저장 위치가 달라야 하구요.\n\n현재 제가 프론트 서버를 따로 두지않아 access token, refresh token 둘 다 cookie로 전달해야 하는 상황에 있습니다. 아무리 httpOnly 옵션을 걸고 뭘 한다고 하더라도 둘 다 cookie로 받아오는 건 구조상 이상하다는 생각이 들더라구요. 보안적인 측면에서도 refresh token은 탈취되어서는 안되는데 이게 같은 위치에 존재한다는 건 같은 보안 수준을 갖고 있다는 방증인데 뭔가 이상하다고 느꼈습니다. 그렇다고 refresh token을 DB의 회원 테이블에 넣어서 만료시 DB에서 꺼내서 갱신해준다는 건 \'토큰\'을 사용하는 의미가 퇴색된다고 생각하구요.\n\naccess token, refresh token의 위치가 달라야 하는데 저는 무조건 쿠키로만 보낼 수 없는 상황입니다. 토큰 구조도 무조건 사용이 되어야 합니다. 브라우저만 서버를 이용하는 게 아니라 응용 프로그램에서도 서버로 요청을 보내는 구조여서요... (사내 시스템입니다) 응용 프로그램에서 서버로 요청을 보낼 때도 토큰을 사용하고, 브라우저에서도 토큰을 사용해서 통신을 하는 구조로 생각하고 있는데 이럴 경우에 그냥 access token을 3시간 정도로 제한하고 refresh token을 두지 않고 접근만 하고 매번 갱신하는 구조로 하는 것도 생각 중입니다. 정답이 있는 건 아니라고 해도 대부분 비슷한 식으로 구현을 하시더라구요... 둘 다 cookie로 넣고 사용해도 괜찮을까요? 아니면 access token만 3시간 정도로 제한하고 만료될 때마다 토큰을 발급해주는 형태로 하는 게 나을까요 ㅠㅠ\n\n(제가 뭐 분산 서버 구조가 있어서 토큰을 사용하는 것은 아니고 브라우저랑 로컬 응용 프로그램 모두 서버에 접근을 해야해서 토큰 구조를 이용하게 되었습니다.)\n\n계속 고민하다가 질문 남깁니다 ㅠㅠ 긴 글 읽어주셔서 감사합니다!',0,0,0,'2023-02-14 15:01:51.000000','2023-02-14 15:01:51.000000',0,0),(90,2,8,'페이지 이동을 해도 리스너가 저장되는 방법이 있을까요? (SPA 아님)','기존에 SPA로 했더니, 좀 문제가 이것저것 많아서 이번에는 전통적인 방식으로 만들려는데요.\n\n한가지 걸리는 게 전역적으로 이벤트 수신해야 되는 리스너가 하나 있습니다.\n\n이 리스너를 처음 연결된 상태로 페이지 이동해도 그대로 상태를 갖고 갈 수 있는 방법이 있을까요?\n\n일반 값들은 localStorage, sessionStorage 등을 쓰면 되는데, 리스너는 저런 비슷한 게 혹시 있을까요?',0,0,0,'2023-02-14 15:01:51.000000','2023-02-14 15:01:51.000000',0,0),(91,2,8,'스프링부트에서 thymleaf 없이 controller를 호출해서 context 파일의 html로 가는 방법이 있나요?','제목그대로 입니다\n\nthymleaf 사용하지 않고, url로 html 하지않고 controller에서 가고싶은데 계속 페이지를 못찾네요.',0,0,0,'2023-02-14 15:01:51.000000','2023-02-14 15:01:51.000000',0,0),(92,2,8,'import 경로 질문','import { instance, fileInstance } from \'./common/request\'\n\nimport { getUserInfo } from \'~/common/service/com/util\'\n\n이런 코드가 있는데\n\n./ 이거랑\n\n~/ 이거랑\n\n@/ 이거랑\n\n차이를 잘 모르겠는데 알려주시면 감사드리겠습니다 검색해도 잘 안나오네요..',0,0,0,'2023-02-14 15:01:51.000000','2023-02-14 15:01:51.000000',0,0),(93,2,8,'우분투 리눅스 lts 웹서버 하기위해 필요한것','리눅스 웹 페이지를 하기위해 필요한 것들이 뭐가 있을까요?....\n\n제가 아는거로는 아파치, 자바, 톰캣 밖에 없는데....다른게 더 필요할까요?',0,0,0,'2023-02-14 15:01:51.000000','2023-02-14 15:01:51.000000',0,0),(94,2,8,'자바스크립트 window.onload 관련 질문이요','ajax로 컨트롤러에서 받아온 jsp를 태그 안에 append로 추가하면 그 추가한 jsp안에 있는 window.onload가 실행이 안됩니다. 또 이상하게 새로고침 하면 실행이 되네요?\n\n그리고 $(function(){})나 $(document).ready 는 실행이 잘 되는데 window.onload에서만 안되요\n\nwindow.onload에서는 실행이 안되고 $(document).ready는 실행이 되는 이유가 뭘까요?',0,0,0,'2023-02-14 15:01:51.000000','2023-02-14 15:01:51.000000',0,0),(95,2,8,'[공지] 스터디장 하고 싶으신 분 연락주세요','싸탈합니다',0,0,0,'2023-02-14 15:01:51.000000','2023-02-14 15:01:51.000000',0,1),(96,2,8,'[공지] 오프라인 모임 시간 댓글 주세요','제목대로 입니다.',0,0,0,'2023-02-14 15:01:51.000000','2023-02-14 15:01:51.000000',0,1),(97,2,9,'자바스크립트, vue 매개변수 질문','const getUserInfo = (target = \'\') => {\n\n  const storage = getLocalStorage(\'common\')\n\n  if (storage !== null) {\n\n    return target === \'\' ? storage.userInfo : storage.userInfo[target]\n\n  }\n\n  return {}\n\n}\n\n이러한 코드가 있습니다. 근데 매개변수에 (target = \'\' ) 이렇게 되어있는데\n\n이거는 매개변수 뭐가 들어오든지 간에 무조건 \'\' 으로 셋팅 하겠다라는 말이 맞나요??',0,0,0,'2023-02-14 15:01:51.000000','2023-02-14 15:01:51.000000',0,0),(98,2,9,'Spring boot Security 멀티 로그인 페이지 구현 질문입니다','안녕하세요 선배님들\n\nspring boot security 구현중인 주니어 개발자입니다\n\njavaconfig 방식으로 admin 로그인 페이지와 user 로그인 페이지로 나누어 로그인 기능을 구현하고자 합니다.\n\nSecurityConfig.java 클래스 내부에\n\n@Order(1)\n\npublic static class UserAdapter\n\n@Order(2)\n\npublic static class AdminAdapter\n\n와 같은 방식으로\n\n/user/** 또는 /admin/** 등으로 각자 필터 체인 적용되도록 구현한 상태입니다.\n\ncustomAuthenticationProvider와 customAuthenticationFilter등 과 같은 커스텀 클래스 또한\n\n각자 적용 시킬 수 있는 방법이 아무리 찾아도 모르겠어서 3일째 주차중입니다 ㅠ\n\n선배님들의 고견 부탁드립니다.',0,0,0,'2023-02-14 15:01:51.000000','2023-02-14 15:01:51.000000',0,0),(99,2,9,'db jpa spring','스프링 개발 중에 구글에 대부분 좋아요기능을 만드는데 이것을 다대다?관계로 보는데 저는 다대다 관계가 아닌 단지 일대다 다대일로 이루어진 관계라고 보이는데 다대다 관계인가요?\n\n사람 - 좋아요 - 게시글\n\n단지 좋아요 테이블에 fk사람,fk게시글이 있다고 해서 다대다는 아니지않나요..? (논리적인 다대다 관계를 물리적으로 일대다 다대일로 해결이 아닌)\n\n제가 연관관계를 잘 이해를 못 하는건가...\n\n그냥 단지 다대일 일대다로 이루어진 관계구나 생각했는데 다대다라고 하는분들도 있어서 갑자기 헷갈리네요..',0,0,0,'2023-02-14 15:01:51.000000','2023-02-14 15:01:51.000000',0,0),(100,2,9,'spring 멀티 모듈은 aws 배포를 어떻게 하시나요?','현재 멀티모듈을 사용해서 module-api, module-batch 를 분리 해 두었습니다.\n\n이 경우에는 각각의 모듈을 각각의 ec2 인스턴스에 배포하나요?\n\n아니면 하나의 인스턴스에서 포트번호를 다르게 한다던가, 하는 방식이 더 일반적인가요?',0,0,0,'2023-02-14 15:01:51.000000','2023-02-14 15:01:51.000000',0,0),(101,2,9,'jwt 토큰 구조는 그냥 마음대로 사용해도 되는건가요?','기본적으로 jwt는 access token, refresh token이 있고 사용자가 access token이 만료되었는지 알 필요 없이 만료되었으면 refresh token으로 access token을 생성해주는 것으로 알고 있습니다. 두 토큰 저장 위치가 달라야 하구요.\n\n현재 제가 프론트 서버를 따로 두지않아 access token, refresh token 둘 다 cookie로 전달해야 하는 상황에 있습니다. 아무리 httpOnly 옵션을 걸고 뭘 한다고 하더라도 둘 다 cookie로 받아오는 건 구조상 이상하다는 생각이 들더라구요. 보안적인 측면에서도 refresh token은 탈취되어서는 안되는데 이게 같은 위치에 존재한다는 건 같은 보안 수준을 갖고 있다는 방증인데 뭔가 이상하다고 느꼈습니다. 그렇다고 refresh token을 DB의 회원 테이블에 넣어서 만료시 DB에서 꺼내서 갱신해준다는 건 \'토큰\'을 사용하는 의미가 퇴색된다고 생각하구요.\n\naccess token, refresh token의 위치가 달라야 하는데 저는 무조건 쿠키로만 보낼 수 없는 상황입니다. 토큰 구조도 무조건 사용이 되어야 합니다. 브라우저만 서버를 이용하는 게 아니라 응용 프로그램에서도 서버로 요청을 보내는 구조여서요... (사내 시스템입니다) 응용 프로그램에서 서버로 요청을 보낼 때도 토큰을 사용하고, 브라우저에서도 토큰을 사용해서 통신을 하는 구조로 생각하고 있는데 이럴 경우에 그냥 access token을 3시간 정도로 제한하고 refresh token을 두지 않고 접근만 하고 매번 갱신하는 구조로 하는 것도 생각 중입니다. 정답이 있는 건 아니라고 해도 대부분 비슷한 식으로 구현을 하시더라구요... 둘 다 cookie로 넣고 사용해도 괜찮을까요? 아니면 access token만 3시간 정도로 제한하고 만료될 때마다 토큰을 발급해주는 형태로 하는 게 나을까요 ㅠㅠ\n\n(제가 뭐 분산 서버 구조가 있어서 토큰을 사용하는 것은 아니고 브라우저랑 로컬 응용 프로그램 모두 서버에 접근을 해야해서 토큰 구조를 이용하게 되었습니다.)\n\n계속 고민하다가 질문 남깁니다 ㅠㅠ 긴 글 읽어주셔서 감사합니다!',0,0,0,'2023-02-14 15:01:51.000000','2023-02-14 15:01:51.000000',0,0),(102,2,9,'페이지 이동을 해도 리스너가 저장되는 방법이 있을까요? (SPA 아님)','기존에 SPA로 했더니, 좀 문제가 이것저것 많아서 이번에는 전통적인 방식으로 만들려는데요.\n\n한가지 걸리는 게 전역적으로 이벤트 수신해야 되는 리스너가 하나 있습니다.\n\n이 리스너를 처음 연결된 상태로 페이지 이동해도 그대로 상태를 갖고 갈 수 있는 방법이 있을까요?\n\n일반 값들은 localStorage, sessionStorage 등을 쓰면 되는데, 리스너는 저런 비슷한 게 혹시 있을까요?',0,0,0,'2023-02-14 15:01:51.000000','2023-02-14 15:01:51.000000',0,0),(103,2,9,'스프링부트에서 thymleaf 없이 controller를 호출해서 context 파일의 html로 가는 방법이 있나요?','제목그대로 입니다\n\nthymleaf 사용하지 않고, url로 html 하지않고 controller에서 가고싶은데 계속 페이지를 못찾네요.',0,0,0,'2023-02-14 15:01:51.000000','2023-02-14 15:01:51.000000',0,0),(104,2,9,'import 경로 질문','import { instance, fileInstance } from \'./common/request\'\n\nimport { getUserInfo } from \'~/common/service/com/util\'\n\n이런 코드가 있는데\n\n./ 이거랑\n\n~/ 이거랑\n\n@/ 이거랑\n\n차이를 잘 모르겠는데 알려주시면 감사드리겠습니다 검색해도 잘 안나오네요..',0,0,0,'2023-02-14 15:01:51.000000','2023-02-14 15:01:51.000000',0,0),(105,2,9,'우분투 리눅스 lts 웹서버 하기위해 필요한것','리눅스 웹 페이지를 하기위해 필요한 것들이 뭐가 있을까요?....\n\n제가 아는거로는 아파치, 자바, 톰캣 밖에 없는데....다른게 더 필요할까요?',0,0,0,'2023-02-14 15:01:51.000000','2023-02-14 15:01:51.000000',0,0),(106,2,9,'자바스크립트 window.onload 관련 질문이요','ajax로 컨트롤러에서 받아온 jsp를 태그 안에 append로 추가하면 그 추가한 jsp안에 있는 window.onload가 실행이 안됩니다. 또 이상하게 새로고침 하면 실행이 되네요?\n\n그리고 $(function(){})나 $(document).ready 는 실행이 잘 되는데 window.onload에서만 안되요\n\nwindow.onload에서는 실행이 안되고 $(document).ready는 실행이 되는 이유가 뭘까요?',0,0,0,'2023-02-14 15:01:51.000000','2023-02-14 15:01:51.000000',0,0),(107,2,9,'[공지] 스터디장 하고 싶으신 분 연락주세요','싸탈합니다',0,0,0,'2023-02-14 15:01:51.000000','2023-02-14 15:01:51.000000',0,1),(108,2,9,'[공지] 오프라인 모임 시간 댓글 주세요','제목대로 입니다.',0,0,0,'2023-02-14 15:01:51.000000','2023-02-14 15:01:51.000000',0,1),(109,2,10,'자바스크립트, vue 매개변수 질문','const getUserInfo = (target = \'\') => {\n\n  const storage = getLocalStorage(\'common\')\n\n  if (storage !== null) {\n\n    return target === \'\' ? storage.userInfo : storage.userInfo[target]\n\n  }\n\n  return {}\n\n}\n\n이러한 코드가 있습니다. 근데 매개변수에 (target = \'\' ) 이렇게 되어있는데\n\n이거는 매개변수 뭐가 들어오든지 간에 무조건 \'\' 으로 셋팅 하겠다라는 말이 맞나요??',0,0,0,'2023-02-14 15:01:51.000000','2023-02-14 15:01:51.000000',0,0),(110,2,10,'Spring boot Security 멀티 로그인 페이지 구현 질문입니다','안녕하세요 선배님들\n\nspring boot security 구현중인 주니어 개발자입니다\n\njavaconfig 방식으로 admin 로그인 페이지와 user 로그인 페이지로 나누어 로그인 기능을 구현하고자 합니다.\n\nSecurityConfig.java 클래스 내부에\n\n@Order(1)\n\npublic static class UserAdapter\n\n@Order(2)\n\npublic static class AdminAdapter\n\n와 같은 방식으로\n\n/user/** 또는 /admin/** 등으로 각자 필터 체인 적용되도록 구현한 상태입니다.\n\ncustomAuthenticationProvider와 customAuthenticationFilter등 과 같은 커스텀 클래스 또한\n\n각자 적용 시킬 수 있는 방법이 아무리 찾아도 모르겠어서 3일째 주차중입니다 ㅠ\n\n선배님들의 고견 부탁드립니다.',0,0,0,'2023-02-14 15:01:51.000000','2023-02-14 15:01:51.000000',0,0),(111,2,10,'db jpa spring','스프링 개발 중에 구글에 대부분 좋아요기능을 만드는데 이것을 다대다?관계로 보는데 저는 다대다 관계가 아닌 단지 일대다 다대일로 이루어진 관계라고 보이는데 다대다 관계인가요?\n\n사람 - 좋아요 - 게시글\n\n단지 좋아요 테이블에 fk사람,fk게시글이 있다고 해서 다대다는 아니지않나요..? (논리적인 다대다 관계를 물리적으로 일대다 다대일로 해결이 아닌)\n\n제가 연관관계를 잘 이해를 못 하는건가...\n\n그냥 단지 다대일 일대다로 이루어진 관계구나 생각했는데 다대다라고 하는분들도 있어서 갑자기 헷갈리네요..',0,0,0,'2023-02-14 15:01:51.000000','2023-02-14 15:01:51.000000',0,0),(112,2,10,'spring 멀티 모듈은 aws 배포를 어떻게 하시나요?','현재 멀티모듈을 사용해서 module-api, module-batch 를 분리 해 두었습니다.\n\n이 경우에는 각각의 모듈을 각각의 ec2 인스턴스에 배포하나요?\n\n아니면 하나의 인스턴스에서 포트번호를 다르게 한다던가, 하는 방식이 더 일반적인가요?',0,0,0,'2023-02-14 15:01:51.000000','2023-02-14 15:01:51.000000',0,0),(113,2,10,'jwt 토큰 구조는 그냥 마음대로 사용해도 되는건가요?','기본적으로 jwt는 access token, refresh token이 있고 사용자가 access token이 만료되었는지 알 필요 없이 만료되었으면 refresh token으로 access token을 생성해주는 것으로 알고 있습니다. 두 토큰 저장 위치가 달라야 하구요.\n\n현재 제가 프론트 서버를 따로 두지않아 access token, refresh token 둘 다 cookie로 전달해야 하는 상황에 있습니다. 아무리 httpOnly 옵션을 걸고 뭘 한다고 하더라도 둘 다 cookie로 받아오는 건 구조상 이상하다는 생각이 들더라구요. 보안적인 측면에서도 refresh token은 탈취되어서는 안되는데 이게 같은 위치에 존재한다는 건 같은 보안 수준을 갖고 있다는 방증인데 뭔가 이상하다고 느꼈습니다. 그렇다고 refresh token을 DB의 회원 테이블에 넣어서 만료시 DB에서 꺼내서 갱신해준다는 건 \'토큰\'을 사용하는 의미가 퇴색된다고 생각하구요.\n\naccess token, refresh token의 위치가 달라야 하는데 저는 무조건 쿠키로만 보낼 수 없는 상황입니다. 토큰 구조도 무조건 사용이 되어야 합니다. 브라우저만 서버를 이용하는 게 아니라 응용 프로그램에서도 서버로 요청을 보내는 구조여서요... (사내 시스템입니다) 응용 프로그램에서 서버로 요청을 보낼 때도 토큰을 사용하고, 브라우저에서도 토큰을 사용해서 통신을 하는 구조로 생각하고 있는데 이럴 경우에 그냥 access token을 3시간 정도로 제한하고 refresh token을 두지 않고 접근만 하고 매번 갱신하는 구조로 하는 것도 생각 중입니다. 정답이 있는 건 아니라고 해도 대부분 비슷한 식으로 구현을 하시더라구요... 둘 다 cookie로 넣고 사용해도 괜찮을까요? 아니면 access token만 3시간 정도로 제한하고 만료될 때마다 토큰을 발급해주는 형태로 하는 게 나을까요 ㅠㅠ\n\n(제가 뭐 분산 서버 구조가 있어서 토큰을 사용하는 것은 아니고 브라우저랑 로컬 응용 프로그램 모두 서버에 접근을 해야해서 토큰 구조를 이용하게 되었습니다.)\n\n계속 고민하다가 질문 남깁니다 ㅠㅠ 긴 글 읽어주셔서 감사합니다!',0,0,0,'2023-02-14 15:01:51.000000','2023-02-14 15:01:51.000000',0,0),(114,2,10,'페이지 이동을 해도 리스너가 저장되는 방법이 있을까요? (SPA 아님)','기존에 SPA로 했더니, 좀 문제가 이것저것 많아서 이번에는 전통적인 방식으로 만들려는데요.\n\n한가지 걸리는 게 전역적으로 이벤트 수신해야 되는 리스너가 하나 있습니다.\n\n이 리스너를 처음 연결된 상태로 페이지 이동해도 그대로 상태를 갖고 갈 수 있는 방법이 있을까요?\n\n일반 값들은 localStorage, sessionStorage 등을 쓰면 되는데, 리스너는 저런 비슷한 게 혹시 있을까요?',0,0,0,'2023-02-14 15:01:51.000000','2023-02-14 15:01:51.000000',0,0),(115,2,10,'스프링부트에서 thymleaf 없이 controller를 호출해서 context 파일의 html로 가는 방법이 있나요?','제목그대로 입니다\n\nthymleaf 사용하지 않고, url로 html 하지않고 controller에서 가고싶은데 계속 페이지를 못찾네요.',0,0,0,'2023-02-14 15:01:51.000000','2023-02-14 15:01:51.000000',0,0),(116,2,10,'import 경로 질문','import { instance, fileInstance } from \'./common/request\'\n\nimport { getUserInfo } from \'~/common/service/com/util\'\n\n이런 코드가 있는데\n\n./ 이거랑\n\n~/ 이거랑\n\n@/ 이거랑\n\n차이를 잘 모르겠는데 알려주시면 감사드리겠습니다 검색해도 잘 안나오네요..',0,0,0,'2023-02-14 15:01:51.000000','2023-02-14 15:01:51.000000',0,0),(117,2,10,'우분투 리눅스 lts 웹서버 하기위해 필요한것','리눅스 웹 페이지를 하기위해 필요한 것들이 뭐가 있을까요?....\n\n제가 아는거로는 아파치, 자바, 톰캣 밖에 없는데....다른게 더 필요할까요?',0,0,0,'2023-02-14 15:01:51.000000','2023-02-14 15:01:51.000000',0,0),(118,2,10,'자바스크립트 window.onload 관련 질문이요','ajax로 컨트롤러에서 받아온 jsp를 태그 안에 append로 추가하면 그 추가한 jsp안에 있는 window.onload가 실행이 안됩니다. 또 이상하게 새로고침 하면 실행이 되네요?\n\n그리고 $(function(){})나 $(document).ready 는 실행이 잘 되는데 window.onload에서만 안되요\n\nwindow.onload에서는 실행이 안되고 $(document).ready는 실행이 되는 이유가 뭘까요?',0,0,0,'2023-02-14 15:01:51.000000','2023-02-14 15:01:51.000000',0,0),(119,2,10,'[공지] 스터디장 하고 싶으신 분 연락주세요','싸탈합니다',0,0,0,'2023-02-14 15:01:51.000000','2023-02-14 15:01:51.000000',0,1),(120,2,10,'[공지] 오프라인 모임 시간 댓글 주세요','제목대로 입니다.',0,0,0,'2023-02-14 15:01:51.000000','2023-02-14 15:01:51.000000',0,1),(121,3,11,'자바스크립트, vue 매개변수 질문','const getUserInfo = (target = \'\') => {\n\n  const storage = getLocalStorage(\'common\')\n\n  if (storage !== null) {\n\n    return target === \'\' ? storage.userInfo : storage.userInfo[target]\n\n  }\n\n  return {}\n\n}\n\n이러한 코드가 있습니다. 근데 매개변수에 (target = \'\' ) 이렇게 되어있는데\n\n이거는 매개변수 뭐가 들어오든지 간에 무조건 \'\' 으로 셋팅 하겠다라는 말이 맞나요??',0,0,0,'2023-02-14 15:01:51.000000','2023-02-14 15:01:51.000000',0,0),(122,3,11,'Spring boot Security 멀티 로그인 페이지 구현 질문입니다','안녕하세요 선배님들\n\nspring boot security 구현중인 주니어 개발자입니다\n\njavaconfig 방식으로 admin 로그인 페이지와 user 로그인 페이지로 나누어 로그인 기능을 구현하고자 합니다.\n\nSecurityConfig.java 클래스 내부에\n\n@Order(1)\n\npublic static class UserAdapter\n\n@Order(2)\n\npublic static class AdminAdapter\n\n와 같은 방식으로\n\n/user/** 또는 /admin/** 등으로 각자 필터 체인 적용되도록 구현한 상태입니다.\n\ncustomAuthenticationProvider와 customAuthenticationFilter등 과 같은 커스텀 클래스 또한\n\n각자 적용 시킬 수 있는 방법이 아무리 찾아도 모르겠어서 3일째 주차중입니다 ㅠ\n\n선배님들의 고견 부탁드립니다.',0,0,0,'2023-02-14 15:01:51.000000','2023-02-14 15:01:51.000000',0,0),(123,3,11,'db jpa spring','스프링 개발 중에 구글에 대부분 좋아요기능을 만드는데 이것을 다대다?관계로 보는데 저는 다대다 관계가 아닌 단지 일대다 다대일로 이루어진 관계라고 보이는데 다대다 관계인가요?\n\n사람 - 좋아요 - 게시글\n\n단지 좋아요 테이블에 fk사람,fk게시글이 있다고 해서 다대다는 아니지않나요..? (논리적인 다대다 관계를 물리적으로 일대다 다대일로 해결이 아닌)\n\n제가 연관관계를 잘 이해를 못 하는건가...\n\n그냥 단지 다대일 일대다로 이루어진 관계구나 생각했는데 다대다라고 하는분들도 있어서 갑자기 헷갈리네요..',0,0,0,'2023-02-14 15:01:51.000000','2023-02-14 15:01:51.000000',0,0),(124,3,11,'spring 멀티 모듈은 aws 배포를 어떻게 하시나요?','현재 멀티모듈을 사용해서 module-api, module-batch 를 분리 해 두었습니다.\n\n이 경우에는 각각의 모듈을 각각의 ec2 인스턴스에 배포하나요?\n\n아니면 하나의 인스턴스에서 포트번호를 다르게 한다던가, 하는 방식이 더 일반적인가요?',0,0,0,'2023-02-14 15:01:51.000000','2023-02-14 15:01:51.000000',0,0),(125,3,11,'jwt 토큰 구조는 그냥 마음대로 사용해도 되는건가요?','기본적으로 jwt는 access token, refresh token이 있고 사용자가 access token이 만료되었는지 알 필요 없이 만료되었으면 refresh token으로 access token을 생성해주는 것으로 알고 있습니다. 두 토큰 저장 위치가 달라야 하구요.\n\n현재 제가 프론트 서버를 따로 두지않아 access token, refresh token 둘 다 cookie로 전달해야 하는 상황에 있습니다. 아무리 httpOnly 옵션을 걸고 뭘 한다고 하더라도 둘 다 cookie로 받아오는 건 구조상 이상하다는 생각이 들더라구요. 보안적인 측면에서도 refresh token은 탈취되어서는 안되는데 이게 같은 위치에 존재한다는 건 같은 보안 수준을 갖고 있다는 방증인데 뭔가 이상하다고 느꼈습니다. 그렇다고 refresh token을 DB의 회원 테이블에 넣어서 만료시 DB에서 꺼내서 갱신해준다는 건 \'토큰\'을 사용하는 의미가 퇴색된다고 생각하구요.\n\naccess token, refresh token의 위치가 달라야 하는데 저는 무조건 쿠키로만 보낼 수 없는 상황입니다. 토큰 구조도 무조건 사용이 되어야 합니다. 브라우저만 서버를 이용하는 게 아니라 응용 프로그램에서도 서버로 요청을 보내는 구조여서요... (사내 시스템입니다) 응용 프로그램에서 서버로 요청을 보낼 때도 토큰을 사용하고, 브라우저에서도 토큰을 사용해서 통신을 하는 구조로 생각하고 있는데 이럴 경우에 그냥 access token을 3시간 정도로 제한하고 refresh token을 두지 않고 접근만 하고 매번 갱신하는 구조로 하는 것도 생각 중입니다. 정답이 있는 건 아니라고 해도 대부분 비슷한 식으로 구현을 하시더라구요... 둘 다 cookie로 넣고 사용해도 괜찮을까요? 아니면 access token만 3시간 정도로 제한하고 만료될 때마다 토큰을 발급해주는 형태로 하는 게 나을까요 ㅠㅠ\n\n(제가 뭐 분산 서버 구조가 있어서 토큰을 사용하는 것은 아니고 브라우저랑 로컬 응용 프로그램 모두 서버에 접근을 해야해서 토큰 구조를 이용하게 되었습니다.)\n\n계속 고민하다가 질문 남깁니다 ㅠㅠ 긴 글 읽어주셔서 감사합니다!',0,0,0,'2023-02-14 15:01:51.000000','2023-02-14 15:01:51.000000',0,0),(126,3,11,'페이지 이동을 해도 리스너가 저장되는 방법이 있을까요? (SPA 아님)','기존에 SPA로 했더니, 좀 문제가 이것저것 많아서 이번에는 전통적인 방식으로 만들려는데요.\n\n한가지 걸리는 게 전역적으로 이벤트 수신해야 되는 리스너가 하나 있습니다.\n\n이 리스너를 처음 연결된 상태로 페이지 이동해도 그대로 상태를 갖고 갈 수 있는 방법이 있을까요?\n\n일반 값들은 localStorage, sessionStorage 등을 쓰면 되는데, 리스너는 저런 비슷한 게 혹시 있을까요?',0,0,0,'2023-02-14 15:01:51.000000','2023-02-14 15:01:51.000000',0,0),(127,3,11,'스프링부트에서 thymleaf 없이 controller를 호출해서 context 파일의 html로 가는 방법이 있나요?','제목그대로 입니다\n\nthymleaf 사용하지 않고, url로 html 하지않고 controller에서 가고싶은데 계속 페이지를 못찾네요.',0,0,0,'2023-02-14 15:01:51.000000','2023-02-14 15:01:51.000000',0,0),(128,3,11,'import 경로 질문','import { instance, fileInstance } from \'./common/request\'\n\nimport { getUserInfo } from \'~/common/service/com/util\'\n\n이런 코드가 있는데\n\n./ 이거랑\n\n~/ 이거랑\n\n@/ 이거랑\n\n차이를 잘 모르겠는데 알려주시면 감사드리겠습니다 검색해도 잘 안나오네요..',0,0,0,'2023-02-14 15:01:51.000000','2023-02-14 15:01:51.000000',0,0),(129,3,11,'우분투 리눅스 lts 웹서버 하기위해 필요한것','리눅스 웹 페이지를 하기위해 필요한 것들이 뭐가 있을까요?....\n\n제가 아는거로는 아파치, 자바, 톰캣 밖에 없는데....다른게 더 필요할까요?',0,0,0,'2023-02-14 15:01:51.000000','2023-02-14 15:01:51.000000',0,0),(130,3,11,'자바스크립트 window.onload 관련 질문이요','ajax로 컨트롤러에서 받아온 jsp를 태그 안에 append로 추가하면 그 추가한 jsp안에 있는 window.onload가 실행이 안됩니다. 또 이상하게 새로고침 하면 실행이 되네요?\n\n그리고 $(function(){})나 $(document).ready 는 실행이 잘 되는데 window.onload에서만 안되요\n\nwindow.onload에서는 실행이 안되고 $(document).ready는 실행이 되는 이유가 뭘까요?',0,0,0,'2023-02-14 15:01:51.000000','2023-02-14 15:01:51.000000',0,0),(131,3,11,'[공지] 스터디장 하고 싶으신 분 연락주세요','싸탈합니다',0,0,0,'2023-02-14 15:01:51.000000','2023-02-14 15:01:51.000000',0,1),(132,3,11,'[공지] 오프라인 모임 시간 댓글 주세요','제목대로 입니다.',0,0,0,'2023-02-14 15:01:51.000000','2023-02-14 15:01:51.000000',0,1),(133,3,12,'자바스크립트, vue 매개변수 질문','const getUserInfo = (target = \'\') => {\n\n  const storage = getLocalStorage(\'common\')\n\n  if (storage !== null) {\n\n    return target === \'\' ? storage.userInfo : storage.userInfo[target]\n\n  }\n\n  return {}\n\n}\n\n이러한 코드가 있습니다. 근데 매개변수에 (target = \'\' ) 이렇게 되어있는데\n\n이거는 매개변수 뭐가 들어오든지 간에 무조건 \'\' 으로 셋팅 하겠다라는 말이 맞나요??',0,0,0,'2023-02-14 15:01:51.000000','2023-02-14 15:01:51.000000',0,0),(134,3,12,'Spring boot Security 멀티 로그인 페이지 구현 질문입니다','안녕하세요 선배님들\n\nspring boot security 구현중인 주니어 개발자입니다\n\njavaconfig 방식으로 admin 로그인 페이지와 user 로그인 페이지로 나누어 로그인 기능을 구현하고자 합니다.\n\nSecurityConfig.java 클래스 내부에\n\n@Order(1)\n\npublic static class UserAdapter\n\n@Order(2)\n\npublic static class AdminAdapter\n\n와 같은 방식으로\n\n/user/** 또는 /admin/** 등으로 각자 필터 체인 적용되도록 구현한 상태입니다.\n\ncustomAuthenticationProvider와 customAuthenticationFilter등 과 같은 커스텀 클래스 또한\n\n각자 적용 시킬 수 있는 방법이 아무리 찾아도 모르겠어서 3일째 주차중입니다 ㅠ\n\n선배님들의 고견 부탁드립니다.',0,0,0,'2023-02-14 15:01:51.000000','2023-02-14 15:01:51.000000',0,0),(135,3,12,'db jpa spring','스프링 개발 중에 구글에 대부분 좋아요기능을 만드는데 이것을 다대다?관계로 보는데 저는 다대다 관계가 아닌 단지 일대다 다대일로 이루어진 관계라고 보이는데 다대다 관계인가요?\n\n사람 - 좋아요 - 게시글\n\n단지 좋아요 테이블에 fk사람,fk게시글이 있다고 해서 다대다는 아니지않나요..? (논리적인 다대다 관계를 물리적으로 일대다 다대일로 해결이 아닌)\n\n제가 연관관계를 잘 이해를 못 하는건가...\n\n그냥 단지 다대일 일대다로 이루어진 관계구나 생각했는데 다대다라고 하는분들도 있어서 갑자기 헷갈리네요..',0,0,0,'2023-02-14 15:01:51.000000','2023-02-14 15:01:51.000000',0,0),(136,3,12,'spring 멀티 모듈은 aws 배포를 어떻게 하시나요?','현재 멀티모듈을 사용해서 module-api, module-batch 를 분리 해 두었습니다.\n\n이 경우에는 각각의 모듈을 각각의 ec2 인스턴스에 배포하나요?\n\n아니면 하나의 인스턴스에서 포트번호를 다르게 한다던가, 하는 방식이 더 일반적인가요?',0,0,0,'2023-02-14 15:01:51.000000','2023-02-14 15:01:51.000000',0,0),(137,3,12,'jwt 토큰 구조는 그냥 마음대로 사용해도 되는건가요?','기본적으로 jwt는 access token, refresh token이 있고 사용자가 access token이 만료되었는지 알 필요 없이 만료되었으면 refresh token으로 access token을 생성해주는 것으로 알고 있습니다. 두 토큰 저장 위치가 달라야 하구요.\n\n현재 제가 프론트 서버를 따로 두지않아 access token, refresh token 둘 다 cookie로 전달해야 하는 상황에 있습니다. 아무리 httpOnly 옵션을 걸고 뭘 한다고 하더라도 둘 다 cookie로 받아오는 건 구조상 이상하다는 생각이 들더라구요. 보안적인 측면에서도 refresh token은 탈취되어서는 안되는데 이게 같은 위치에 존재한다는 건 같은 보안 수준을 갖고 있다는 방증인데 뭔가 이상하다고 느꼈습니다. 그렇다고 refresh token을 DB의 회원 테이블에 넣어서 만료시 DB에서 꺼내서 갱신해준다는 건 \'토큰\'을 사용하는 의미가 퇴색된다고 생각하구요.\n\naccess token, refresh token의 위치가 달라야 하는데 저는 무조건 쿠키로만 보낼 수 없는 상황입니다. 토큰 구조도 무조건 사용이 되어야 합니다. 브라우저만 서버를 이용하는 게 아니라 응용 프로그램에서도 서버로 요청을 보내는 구조여서요... (사내 시스템입니다) 응용 프로그램에서 서버로 요청을 보낼 때도 토큰을 사용하고, 브라우저에서도 토큰을 사용해서 통신을 하는 구조로 생각하고 있는데 이럴 경우에 그냥 access token을 3시간 정도로 제한하고 refresh token을 두지 않고 접근만 하고 매번 갱신하는 구조로 하는 것도 생각 중입니다. 정답이 있는 건 아니라고 해도 대부분 비슷한 식으로 구현을 하시더라구요... 둘 다 cookie로 넣고 사용해도 괜찮을까요? 아니면 access token만 3시간 정도로 제한하고 만료될 때마다 토큰을 발급해주는 형태로 하는 게 나을까요 ㅠㅠ\n\n(제가 뭐 분산 서버 구조가 있어서 토큰을 사용하는 것은 아니고 브라우저랑 로컬 응용 프로그램 모두 서버에 접근을 해야해서 토큰 구조를 이용하게 되었습니다.)\n\n계속 고민하다가 질문 남깁니다 ㅠㅠ 긴 글 읽어주셔서 감사합니다!',0,0,0,'2023-02-14 15:01:51.000000','2023-02-14 15:01:51.000000',0,0),(138,3,12,'페이지 이동을 해도 리스너가 저장되는 방법이 있을까요? (SPA 아님)','기존에 SPA로 했더니, 좀 문제가 이것저것 많아서 이번에는 전통적인 방식으로 만들려는데요.\n\n한가지 걸리는 게 전역적으로 이벤트 수신해야 되는 리스너가 하나 있습니다.\n\n이 리스너를 처음 연결된 상태로 페이지 이동해도 그대로 상태를 갖고 갈 수 있는 방법이 있을까요?\n\n일반 값들은 localStorage, sessionStorage 등을 쓰면 되는데, 리스너는 저런 비슷한 게 혹시 있을까요?',0,0,0,'2023-02-14 15:01:51.000000','2023-02-14 15:01:51.000000',0,0),(139,3,12,'스프링부트에서 thymleaf 없이 controller를 호출해서 context 파일의 html로 가는 방법이 있나요?','제목그대로 입니다\n\nthymleaf 사용하지 않고, url로 html 하지않고 controller에서 가고싶은데 계속 페이지를 못찾네요.',0,0,0,'2023-02-14 15:01:51.000000','2023-02-14 15:01:51.000000',0,0),(140,3,12,'import 경로 질문','import { instance, fileInstance } from \'./common/request\'\n\nimport { getUserInfo } from \'~/common/service/com/util\'\n\n이런 코드가 있는데\n\n./ 이거랑\n\n~/ 이거랑\n\n@/ 이거랑\n\n차이를 잘 모르겠는데 알려주시면 감사드리겠습니다 검색해도 잘 안나오네요..',0,0,0,'2023-02-14 15:01:51.000000','2023-02-14 15:01:51.000000',0,0),(141,3,12,'우분투 리눅스 lts 웹서버 하기위해 필요한것','리눅스 웹 페이지를 하기위해 필요한 것들이 뭐가 있을까요?....\n\n제가 아는거로는 아파치, 자바, 톰캣 밖에 없는데....다른게 더 필요할까요?',0,0,0,'2023-02-14 15:01:51.000000','2023-02-14 15:01:51.000000',0,0),(142,3,12,'자바스크립트 window.onload 관련 질문이요','ajax로 컨트롤러에서 받아온 jsp를 태그 안에 append로 추가하면 그 추가한 jsp안에 있는 window.onload가 실행이 안됩니다. 또 이상하게 새로고침 하면 실행이 되네요?\n\n그리고 $(function(){})나 $(document).ready 는 실행이 잘 되는데 window.onload에서만 안되요\n\nwindow.onload에서는 실행이 안되고 $(document).ready는 실행이 되는 이유가 뭘까요?',0,0,0,'2023-02-14 15:01:51.000000','2023-02-14 15:01:51.000000',0,0),(143,3,12,'[공지] 스터디장 하고 싶으신 분 연락주세요','싸탈합니다',0,0,0,'2023-02-14 15:01:51.000000','2023-02-14 15:01:51.000000',0,1),(144,3,12,'[공지] 오프라인 모임 시간 댓글 주세요','제목대로 입니다.',0,0,0,'2023-02-14 15:01:51.000000','2023-02-14 15:01:51.000000',0,1),(145,3,13,'자바스크립트, vue 매개변수 질문','const getUserInfo = (target = \'\') => {\n\n  const storage = getLocalStorage(\'common\')\n\n  if (storage !== null) {\n\n    return target === \'\' ? storage.userInfo : storage.userInfo[target]\n\n  }\n\n  return {}\n\n}\n\n이러한 코드가 있습니다. 근데 매개변수에 (target = \'\' ) 이렇게 되어있는데\n\n이거는 매개변수 뭐가 들어오든지 간에 무조건 \'\' 으로 셋팅 하겠다라는 말이 맞나요??',0,0,0,'2023-02-14 15:01:51.000000','2023-02-14 15:01:51.000000',0,0),(146,3,13,'Spring boot Security 멀티 로그인 페이지 구현 질문입니다','안녕하세요 선배님들\n\nspring boot security 구현중인 주니어 개발자입니다\n\njavaconfig 방식으로 admin 로그인 페이지와 user 로그인 페이지로 나누어 로그인 기능을 구현하고자 합니다.\n\nSecurityConfig.java 클래스 내부에\n\n@Order(1)\n\npublic static class UserAdapter\n\n@Order(2)\n\npublic static class AdminAdapter\n\n와 같은 방식으로\n\n/user/** 또는 /admin/** 등으로 각자 필터 체인 적용되도록 구현한 상태입니다.\n\ncustomAuthenticationProvider와 customAuthenticationFilter등 과 같은 커스텀 클래스 또한\n\n각자 적용 시킬 수 있는 방법이 아무리 찾아도 모르겠어서 3일째 주차중입니다 ㅠ\n\n선배님들의 고견 부탁드립니다.',0,0,0,'2023-02-14 15:01:51.000000','2023-02-14 15:01:51.000000',0,0),(147,3,13,'db jpa spring','스프링 개발 중에 구글에 대부분 좋아요기능을 만드는데 이것을 다대다?관계로 보는데 저는 다대다 관계가 아닌 단지 일대다 다대일로 이루어진 관계라고 보이는데 다대다 관계인가요?\n\n사람 - 좋아요 - 게시글\n\n단지 좋아요 테이블에 fk사람,fk게시글이 있다고 해서 다대다는 아니지않나요..? (논리적인 다대다 관계를 물리적으로 일대다 다대일로 해결이 아닌)\n\n제가 연관관계를 잘 이해를 못 하는건가...\n\n그냥 단지 다대일 일대다로 이루어진 관계구나 생각했는데 다대다라고 하는분들도 있어서 갑자기 헷갈리네요..',0,0,0,'2023-02-14 15:01:51.000000','2023-02-14 15:01:51.000000',0,0),(148,3,13,'spring 멀티 모듈은 aws 배포를 어떻게 하시나요?','현재 멀티모듈을 사용해서 module-api, module-batch 를 분리 해 두었습니다.\n\n이 경우에는 각각의 모듈을 각각의 ec2 인스턴스에 배포하나요?\n\n아니면 하나의 인스턴스에서 포트번호를 다르게 한다던가, 하는 방식이 더 일반적인가요?',0,0,0,'2023-02-14 15:01:51.000000','2023-02-14 15:01:51.000000',0,0),(149,3,13,'jwt 토큰 구조는 그냥 마음대로 사용해도 되는건가요?','기본적으로 jwt는 access token, refresh token이 있고 사용자가 access token이 만료되었는지 알 필요 없이 만료되었으면 refresh token으로 access token을 생성해주는 것으로 알고 있습니다. 두 토큰 저장 위치가 달라야 하구요.\n\n현재 제가 프론트 서버를 따로 두지않아 access token, refresh token 둘 다 cookie로 전달해야 하는 상황에 있습니다. 아무리 httpOnly 옵션을 걸고 뭘 한다고 하더라도 둘 다 cookie로 받아오는 건 구조상 이상하다는 생각이 들더라구요. 보안적인 측면에서도 refresh token은 탈취되어서는 안되는데 이게 같은 위치에 존재한다는 건 같은 보안 수준을 갖고 있다는 방증인데 뭔가 이상하다고 느꼈습니다. 그렇다고 refresh token을 DB의 회원 테이블에 넣어서 만료시 DB에서 꺼내서 갱신해준다는 건 \'토큰\'을 사용하는 의미가 퇴색된다고 생각하구요.\n\naccess token, refresh token의 위치가 달라야 하는데 저는 무조건 쿠키로만 보낼 수 없는 상황입니다. 토큰 구조도 무조건 사용이 되어야 합니다. 브라우저만 서버를 이용하는 게 아니라 응용 프로그램에서도 서버로 요청을 보내는 구조여서요... (사내 시스템입니다) 응용 프로그램에서 서버로 요청을 보낼 때도 토큰을 사용하고, 브라우저에서도 토큰을 사용해서 통신을 하는 구조로 생각하고 있는데 이럴 경우에 그냥 access token을 3시간 정도로 제한하고 refresh token을 두지 않고 접근만 하고 매번 갱신하는 구조로 하는 것도 생각 중입니다. 정답이 있는 건 아니라고 해도 대부분 비슷한 식으로 구현을 하시더라구요... 둘 다 cookie로 넣고 사용해도 괜찮을까요? 아니면 access token만 3시간 정도로 제한하고 만료될 때마다 토큰을 발급해주는 형태로 하는 게 나을까요 ㅠㅠ\n\n(제가 뭐 분산 서버 구조가 있어서 토큰을 사용하는 것은 아니고 브라우저랑 로컬 응용 프로그램 모두 서버에 접근을 해야해서 토큰 구조를 이용하게 되었습니다.)\n\n계속 고민하다가 질문 남깁니다 ㅠㅠ 긴 글 읽어주셔서 감사합니다!',0,0,0,'2023-02-14 15:01:51.000000','2023-02-14 15:01:51.000000',0,0),(150,3,13,'페이지 이동을 해도 리스너가 저장되는 방법이 있을까요? (SPA 아님)','기존에 SPA로 했더니, 좀 문제가 이것저것 많아서 이번에는 전통적인 방식으로 만들려는데요.\n\n한가지 걸리는 게 전역적으로 이벤트 수신해야 되는 리스너가 하나 있습니다.\n\n이 리스너를 처음 연결된 상태로 페이지 이동해도 그대로 상태를 갖고 갈 수 있는 방법이 있을까요?\n\n일반 값들은 localStorage, sessionStorage 등을 쓰면 되는데, 리스너는 저런 비슷한 게 혹시 있을까요?',0,0,0,'2023-02-14 15:01:51.000000','2023-02-14 15:01:51.000000',0,0),(151,3,13,'스프링부트에서 thymleaf 없이 controller를 호출해서 context 파일의 html로 가는 방법이 있나요?','제목그대로 입니다\n\nthymleaf 사용하지 않고, url로 html 하지않고 controller에서 가고싶은데 계속 페이지를 못찾네요.',0,0,0,'2023-02-14 15:01:51.000000','2023-02-14 15:01:51.000000',0,0),(152,3,13,'import 경로 질문','import { instance, fileInstance } from \'./common/request\'\n\nimport { getUserInfo } from \'~/common/service/com/util\'\n\n이런 코드가 있는데\n\n./ 이거랑\n\n~/ 이거랑\n\n@/ 이거랑\n\n차이를 잘 모르겠는데 알려주시면 감사드리겠습니다 검색해도 잘 안나오네요..',0,0,0,'2023-02-14 15:01:51.000000','2023-02-14 15:01:51.000000',0,0),(153,3,13,'우분투 리눅스 lts 웹서버 하기위해 필요한것','리눅스 웹 페이지를 하기위해 필요한 것들이 뭐가 있을까요?....\n\n제가 아는거로는 아파치, 자바, 톰캣 밖에 없는데....다른게 더 필요할까요?',0,0,0,'2023-02-14 15:01:51.000000','2023-02-14 15:01:51.000000',0,0),(154,3,13,'자바스크립트 window.onload 관련 질문이요','ajax로 컨트롤러에서 받아온 jsp를 태그 안에 append로 추가하면 그 추가한 jsp안에 있는 window.onload가 실행이 안됩니다. 또 이상하게 새로고침 하면 실행이 되네요?\n\n그리고 $(function(){})나 $(document).ready 는 실행이 잘 되는데 window.onload에서만 안되요\n\nwindow.onload에서는 실행이 안되고 $(document).ready는 실행이 되는 이유가 뭘까요?',0,0,0,'2023-02-14 15:01:51.000000','2023-02-14 15:01:51.000000',0,0),(155,3,13,'[공지] 스터디장 하고 싶으신 분 연락주세요','싸탈합니다',0,0,0,'2023-02-14 15:01:51.000000','2023-02-14 15:01:51.000000',0,1),(156,3,13,'[공지] 오프라인 모임 시간 댓글 주세요','제목대로 입니다.',0,0,0,'2023-02-14 15:01:51.000000','2023-02-14 15:01:51.000000',0,1),(157,3,14,'자바스크립트, vue 매개변수 질문','const getUserInfo = (target = \'\') => {\n\n  const storage = getLocalStorage(\'common\')\n\n  if (storage !== null) {\n\n    return target === \'\' ? storage.userInfo : storage.userInfo[target]\n\n  }\n\n  return {}\n\n}\n\n이러한 코드가 있습니다. 근데 매개변수에 (target = \'\' ) 이렇게 되어있는데\n\n이거는 매개변수 뭐가 들어오든지 간에 무조건 \'\' 으로 셋팅 하겠다라는 말이 맞나요??',0,0,0,'2023-02-14 15:01:51.000000','2023-02-14 15:01:51.000000',0,0),(158,3,14,'Spring boot Security 멀티 로그인 페이지 구현 질문입니다','안녕하세요 선배님들\n\nspring boot security 구현중인 주니어 개발자입니다\n\njavaconfig 방식으로 admin 로그인 페이지와 user 로그인 페이지로 나누어 로그인 기능을 구현하고자 합니다.\n\nSecurityConfig.java 클래스 내부에\n\n@Order(1)\n\npublic static class UserAdapter\n\n@Order(2)\n\npublic static class AdminAdapter\n\n와 같은 방식으로\n\n/user/** 또는 /admin/** 등으로 각자 필터 체인 적용되도록 구현한 상태입니다.\n\ncustomAuthenticationProvider와 customAuthenticationFilter등 과 같은 커스텀 클래스 또한\n\n각자 적용 시킬 수 있는 방법이 아무리 찾아도 모르겠어서 3일째 주차중입니다 ㅠ\n\n선배님들의 고견 부탁드립니다.',0,0,0,'2023-02-14 15:01:51.000000','2023-02-14 15:01:51.000000',0,0),(159,3,14,'db jpa spring','스프링 개발 중에 구글에 대부분 좋아요기능을 만드는데 이것을 다대다?관계로 보는데 저는 다대다 관계가 아닌 단지 일대다 다대일로 이루어진 관계라고 보이는데 다대다 관계인가요?\n\n사람 - 좋아요 - 게시글\n\n단지 좋아요 테이블에 fk사람,fk게시글이 있다고 해서 다대다는 아니지않나요..? (논리적인 다대다 관계를 물리적으로 일대다 다대일로 해결이 아닌)\n\n제가 연관관계를 잘 이해를 못 하는건가...\n\n그냥 단지 다대일 일대다로 이루어진 관계구나 생각했는데 다대다라고 하는분들도 있어서 갑자기 헷갈리네요..',0,0,0,'2023-02-14 15:01:51.000000','2023-02-14 15:01:51.000000',0,0),(160,3,14,'spring 멀티 모듈은 aws 배포를 어떻게 하시나요?','현재 멀티모듈을 사용해서 module-api, module-batch 를 분리 해 두었습니다.\n\n이 경우에는 각각의 모듈을 각각의 ec2 인스턴스에 배포하나요?\n\n아니면 하나의 인스턴스에서 포트번호를 다르게 한다던가, 하는 방식이 더 일반적인가요?',0,0,0,'2023-02-14 15:01:51.000000','2023-02-14 15:01:51.000000',0,0),(161,3,14,'jwt 토큰 구조는 그냥 마음대로 사용해도 되는건가요?','기본적으로 jwt는 access token, refresh token이 있고 사용자가 access token이 만료되었는지 알 필요 없이 만료되었으면 refresh token으로 access token을 생성해주는 것으로 알고 있습니다. 두 토큰 저장 위치가 달라야 하구요.\n\n현재 제가 프론트 서버를 따로 두지않아 access token, refresh token 둘 다 cookie로 전달해야 하는 상황에 있습니다. 아무리 httpOnly 옵션을 걸고 뭘 한다고 하더라도 둘 다 cookie로 받아오는 건 구조상 이상하다는 생각이 들더라구요. 보안적인 측면에서도 refresh token은 탈취되어서는 안되는데 이게 같은 위치에 존재한다는 건 같은 보안 수준을 갖고 있다는 방증인데 뭔가 이상하다고 느꼈습니다. 그렇다고 refresh token을 DB의 회원 테이블에 넣어서 만료시 DB에서 꺼내서 갱신해준다는 건 \'토큰\'을 사용하는 의미가 퇴색된다고 생각하구요.\n\naccess token, refresh token의 위치가 달라야 하는데 저는 무조건 쿠키로만 보낼 수 없는 상황입니다. 토큰 구조도 무조건 사용이 되어야 합니다. 브라우저만 서버를 이용하는 게 아니라 응용 프로그램에서도 서버로 요청을 보내는 구조여서요... (사내 시스템입니다) 응용 프로그램에서 서버로 요청을 보낼 때도 토큰을 사용하고, 브라우저에서도 토큰을 사용해서 통신을 하는 구조로 생각하고 있는데 이럴 경우에 그냥 access token을 3시간 정도로 제한하고 refresh token을 두지 않고 접근만 하고 매번 갱신하는 구조로 하는 것도 생각 중입니다. 정답이 있는 건 아니라고 해도 대부분 비슷한 식으로 구현을 하시더라구요... 둘 다 cookie로 넣고 사용해도 괜찮을까요? 아니면 access token만 3시간 정도로 제한하고 만료될 때마다 토큰을 발급해주는 형태로 하는 게 나을까요 ㅠㅠ\n\n(제가 뭐 분산 서버 구조가 있어서 토큰을 사용하는 것은 아니고 브라우저랑 로컬 응용 프로그램 모두 서버에 접근을 해야해서 토큰 구조를 이용하게 되었습니다.)\n\n계속 고민하다가 질문 남깁니다 ㅠㅠ 긴 글 읽어주셔서 감사합니다!',0,0,0,'2023-02-14 15:01:51.000000','2023-02-14 15:01:51.000000',0,0),(162,3,14,'페이지 이동을 해도 리스너가 저장되는 방법이 있을까요? (SPA 아님)','기존에 SPA로 했더니, 좀 문제가 이것저것 많아서 이번에는 전통적인 방식으로 만들려는데요.\n\n한가지 걸리는 게 전역적으로 이벤트 수신해야 되는 리스너가 하나 있습니다.\n\n이 리스너를 처음 연결된 상태로 페이지 이동해도 그대로 상태를 갖고 갈 수 있는 방법이 있을까요?\n\n일반 값들은 localStorage, sessionStorage 등을 쓰면 되는데, 리스너는 저런 비슷한 게 혹시 있을까요?',0,0,0,'2023-02-14 15:01:51.000000','2023-02-14 15:01:51.000000',0,0),(163,3,14,'스프링부트에서 thymleaf 없이 controller를 호출해서 context 파일의 html로 가는 방법이 있나요?','제목그대로 입니다\n\nthymleaf 사용하지 않고, url로 html 하지않고 controller에서 가고싶은데 계속 페이지를 못찾네요.',0,0,0,'2023-02-14 15:01:51.000000','2023-02-14 15:01:51.000000',0,0),(164,3,14,'import 경로 질문','import { instance, fileInstance } from \'./common/request\'\n\nimport { getUserInfo } from \'~/common/service/com/util\'\n\n이런 코드가 있는데\n\n./ 이거랑\n\n~/ 이거랑\n\n@/ 이거랑\n\n차이를 잘 모르겠는데 알려주시면 감사드리겠습니다 검색해도 잘 안나오네요..',0,0,0,'2023-02-14 15:01:51.000000','2023-02-14 15:01:51.000000',0,0),(165,3,14,'우분투 리눅스 lts 웹서버 하기위해 필요한것','리눅스 웹 페이지를 하기위해 필요한 것들이 뭐가 있을까요?....\n\n제가 아는거로는 아파치, 자바, 톰캣 밖에 없는데....다른게 더 필요할까요?',0,0,0,'2023-02-14 15:01:51.000000','2023-02-14 15:01:51.000000',0,0),(166,3,14,'자바스크립트 window.onload 관련 질문이요','ajax로 컨트롤러에서 받아온 jsp를 태그 안에 append로 추가하면 그 추가한 jsp안에 있는 window.onload가 실행이 안됩니다. 또 이상하게 새로고침 하면 실행이 되네요?\n\n그리고 $(function(){})나 $(document).ready 는 실행이 잘 되는데 window.onload에서만 안되요\n\nwindow.onload에서는 실행이 안되고 $(document).ready는 실행이 되는 이유가 뭘까요?',0,0,0,'2023-02-14 15:01:51.000000','2023-02-14 15:01:51.000000',0,0),(167,3,14,'[공지] 스터디장 하고 싶으신 분 연락주세요','싸탈합니다',0,0,0,'2023-02-14 15:01:51.000000','2023-02-14 15:01:51.000000',0,1),(168,3,14,'[공지] 오프라인 모임 시간 댓글 주세요','제목대로 입니다.',0,0,0,'2023-02-14 15:01:51.000000','2023-02-14 15:01:51.000000',0,1),(169,3,15,'자바스크립트, vue 매개변수 질문','const getUserInfo = (target = \'\') => {\n\n  const storage = getLocalStorage(\'common\')\n\n  if (storage !== null) {\n\n    return target === \'\' ? storage.userInfo : storage.userInfo[target]\n\n  }\n\n  return {}\n\n}\n\n이러한 코드가 있습니다. 근데 매개변수에 (target = \'\' ) 이렇게 되어있는데\n\n이거는 매개변수 뭐가 들어오든지 간에 무조건 \'\' 으로 셋팅 하겠다라는 말이 맞나요??',0,0,0,'2023-02-14 15:01:51.000000','2023-02-14 15:01:51.000000',0,0),(170,3,15,'Spring boot Security 멀티 로그인 페이지 구현 질문입니다','안녕하세요 선배님들\n\nspring boot security 구현중인 주니어 개발자입니다\n\njavaconfig 방식으로 admin 로그인 페이지와 user 로그인 페이지로 나누어 로그인 기능을 구현하고자 합니다.\n\nSecurityConfig.java 클래스 내부에\n\n@Order(1)\n\npublic static class UserAdapter\n\n@Order(2)\n\npublic static class AdminAdapter\n\n와 같은 방식으로\n\n/user/** 또는 /admin/** 등으로 각자 필터 체인 적용되도록 구현한 상태입니다.\n\ncustomAuthenticationProvider와 customAuthenticationFilter등 과 같은 커스텀 클래스 또한\n\n각자 적용 시킬 수 있는 방법이 아무리 찾아도 모르겠어서 3일째 주차중입니다 ㅠ\n\n선배님들의 고견 부탁드립니다.',0,0,0,'2023-02-14 15:01:51.000000','2023-02-14 15:01:51.000000',0,0),(171,3,15,'db jpa spring','스프링 개발 중에 구글에 대부분 좋아요기능을 만드는데 이것을 다대다?관계로 보는데 저는 다대다 관계가 아닌 단지 일대다 다대일로 이루어진 관계라고 보이는데 다대다 관계인가요?\n\n사람 - 좋아요 - 게시글\n\n단지 좋아요 테이블에 fk사람,fk게시글이 있다고 해서 다대다는 아니지않나요..? (논리적인 다대다 관계를 물리적으로 일대다 다대일로 해결이 아닌)\n\n제가 연관관계를 잘 이해를 못 하는건가...\n\n그냥 단지 다대일 일대다로 이루어진 관계구나 생각했는데 다대다라고 하는분들도 있어서 갑자기 헷갈리네요..',0,0,0,'2023-02-14 15:01:51.000000','2023-02-14 15:01:51.000000',0,0),(172,3,15,'spring 멀티 모듈은 aws 배포를 어떻게 하시나요?','현재 멀티모듈을 사용해서 module-api, module-batch 를 분리 해 두었습니다.\n\n이 경우에는 각각의 모듈을 각각의 ec2 인스턴스에 배포하나요?\n\n아니면 하나의 인스턴스에서 포트번호를 다르게 한다던가, 하는 방식이 더 일반적인가요?',0,0,0,'2023-02-14 15:01:51.000000','2023-02-14 15:01:51.000000',0,0),(173,3,15,'jwt 토큰 구조는 그냥 마음대로 사용해도 되는건가요?','기본적으로 jwt는 access token, refresh token이 있고 사용자가 access token이 만료되었는지 알 필요 없이 만료되었으면 refresh token으로 access token을 생성해주는 것으로 알고 있습니다. 두 토큰 저장 위치가 달라야 하구요.\n\n현재 제가 프론트 서버를 따로 두지않아 access token, refresh token 둘 다 cookie로 전달해야 하는 상황에 있습니다. 아무리 httpOnly 옵션을 걸고 뭘 한다고 하더라도 둘 다 cookie로 받아오는 건 구조상 이상하다는 생각이 들더라구요. 보안적인 측면에서도 refresh token은 탈취되어서는 안되는데 이게 같은 위치에 존재한다는 건 같은 보안 수준을 갖고 있다는 방증인데 뭔가 이상하다고 느꼈습니다. 그렇다고 refresh token을 DB의 회원 테이블에 넣어서 만료시 DB에서 꺼내서 갱신해준다는 건 \'토큰\'을 사용하는 의미가 퇴색된다고 생각하구요.\n\naccess token, refresh token의 위치가 달라야 하는데 저는 무조건 쿠키로만 보낼 수 없는 상황입니다. 토큰 구조도 무조건 사용이 되어야 합니다. 브라우저만 서버를 이용하는 게 아니라 응용 프로그램에서도 서버로 요청을 보내는 구조여서요... (사내 시스템입니다) 응용 프로그램에서 서버로 요청을 보낼 때도 토큰을 사용하고, 브라우저에서도 토큰을 사용해서 통신을 하는 구조로 생각하고 있는데 이럴 경우에 그냥 access token을 3시간 정도로 제한하고 refresh token을 두지 않고 접근만 하고 매번 갱신하는 구조로 하는 것도 생각 중입니다. 정답이 있는 건 아니라고 해도 대부분 비슷한 식으로 구현을 하시더라구요... 둘 다 cookie로 넣고 사용해도 괜찮을까요? 아니면 access token만 3시간 정도로 제한하고 만료될 때마다 토큰을 발급해주는 형태로 하는 게 나을까요 ㅠㅠ\n\n(제가 뭐 분산 서버 구조가 있어서 토큰을 사용하는 것은 아니고 브라우저랑 로컬 응용 프로그램 모두 서버에 접근을 해야해서 토큰 구조를 이용하게 되었습니다.)\n\n계속 고민하다가 질문 남깁니다 ㅠㅠ 긴 글 읽어주셔서 감사합니다!',0,0,0,'2023-02-14 15:01:51.000000','2023-02-14 15:01:51.000000',0,0),(174,3,15,'페이지 이동을 해도 리스너가 저장되는 방법이 있을까요? (SPA 아님)','기존에 SPA로 했더니, 좀 문제가 이것저것 많아서 이번에는 전통적인 방식으로 만들려는데요.\n\n한가지 걸리는 게 전역적으로 이벤트 수신해야 되는 리스너가 하나 있습니다.\n\n이 리스너를 처음 연결된 상태로 페이지 이동해도 그대로 상태를 갖고 갈 수 있는 방법이 있을까요?\n\n일반 값들은 localStorage, sessionStorage 등을 쓰면 되는데, 리스너는 저런 비슷한 게 혹시 있을까요?',0,0,0,'2023-02-14 15:01:51.000000','2023-02-14 15:01:51.000000',0,0),(175,3,15,'스프링부트에서 thymleaf 없이 controller를 호출해서 context 파일의 html로 가는 방법이 있나요?','제목그대로 입니다\n\nthymleaf 사용하지 않고, url로 html 하지않고 controller에서 가고싶은데 계속 페이지를 못찾네요.',0,0,0,'2023-02-14 15:01:51.000000','2023-02-14 15:01:51.000000',0,0),(176,3,15,'import 경로 질문','import { instance, fileInstance } from \'./common/request\'\n\nimport { getUserInfo } from \'~/common/service/com/util\'\n\n이런 코드가 있는데\n\n./ 이거랑\n\n~/ 이거랑\n\n@/ 이거랑\n\n차이를 잘 모르겠는데 알려주시면 감사드리겠습니다 검색해도 잘 안나오네요..',0,0,0,'2023-02-14 15:01:51.000000','2023-02-14 15:01:51.000000',0,0),(177,3,15,'우분투 리눅스 lts 웹서버 하기위해 필요한것','리눅스 웹 페이지를 하기위해 필요한 것들이 뭐가 있을까요?....\n\n제가 아는거로는 아파치, 자바, 톰캣 밖에 없는데....다른게 더 필요할까요?',0,0,0,'2023-02-14 15:01:51.000000','2023-02-14 15:01:51.000000',0,0),(178,3,15,'자바스크립트 window.onload 관련 질문이요','ajax로 컨트롤러에서 받아온 jsp를 태그 안에 append로 추가하면 그 추가한 jsp안에 있는 window.onload가 실행이 안됩니다. 또 이상하게 새로고침 하면 실행이 되네요?\n\n그리고 $(function(){})나 $(document).ready 는 실행이 잘 되는데 window.onload에서만 안되요\n\nwindow.onload에서는 실행이 안되고 $(document).ready는 실행이 되는 이유가 뭘까요?',0,0,0,'2023-02-14 15:01:51.000000','2023-02-14 15:01:51.000000',0,0),(179,3,15,'[공지] 스터디장 하고 싶으신 분 연락주세요','싸탈합니다',0,0,0,'2023-02-14 15:01:51.000000','2023-02-14 15:01:51.000000',0,1),(180,3,15,'[공지] 오프라인 모임 시간 댓글 주세요','제목대로 입니다.',0,0,0,'2023-02-14 15:01:51.000000','2023-02-14 15:01:51.000000',0,1),(181,4,16,'자바스크립트, vue 매개변수 질문','const getUserInfo = (target = \'\') => {\n\n  const storage = getLocalStorage(\'common\')\n\n  if (storage !== null) {\n\n    return target === \'\' ? storage.userInfo : storage.userInfo[target]\n\n  }\n\n  return {}\n\n}\n\n이러한 코드가 있습니다. 근데 매개변수에 (target = \'\' ) 이렇게 되어있는데\n\n이거는 매개변수 뭐가 들어오든지 간에 무조건 \'\' 으로 셋팅 하겠다라는 말이 맞나요??',0,0,0,'2023-02-14 15:01:51.000000','2023-02-14 15:01:51.000000',0,0),(182,4,16,'Spring boot Security 멀티 로그인 페이지 구현 질문입니다','안녕하세요 선배님들\n\nspring boot security 구현중인 주니어 개발자입니다\n\njavaconfig 방식으로 admin 로그인 페이지와 user 로그인 페이지로 나누어 로그인 기능을 구현하고자 합니다.\n\nSecurityConfig.java 클래스 내부에\n\n@Order(1)\n\npublic static class UserAdapter\n\n@Order(2)\n\npublic static class AdminAdapter\n\n와 같은 방식으로\n\n/user/** 또는 /admin/** 등으로 각자 필터 체인 적용되도록 구현한 상태입니다.\n\ncustomAuthenticationProvider와 customAuthenticationFilter등 과 같은 커스텀 클래스 또한\n\n각자 적용 시킬 수 있는 방법이 아무리 찾아도 모르겠어서 3일째 주차중입니다 ㅠ\n\n선배님들의 고견 부탁드립니다.',0,0,0,'2023-02-14 15:01:51.000000','2023-02-14 15:01:51.000000',0,0),(183,4,16,'db jpa spring','스프링 개발 중에 구글에 대부분 좋아요기능을 만드는데 이것을 다대다?관계로 보는데 저는 다대다 관계가 아닌 단지 일대다 다대일로 이루어진 관계라고 보이는데 다대다 관계인가요?\n\n사람 - 좋아요 - 게시글\n\n단지 좋아요 테이블에 fk사람,fk게시글이 있다고 해서 다대다는 아니지않나요..? (논리적인 다대다 관계를 물리적으로 일대다 다대일로 해결이 아닌)\n\n제가 연관관계를 잘 이해를 못 하는건가...\n\n그냥 단지 다대일 일대다로 이루어진 관계구나 생각했는데 다대다라고 하는분들도 있어서 갑자기 헷갈리네요..',0,0,0,'2023-02-14 15:01:51.000000','2023-02-14 15:01:51.000000',0,0),(184,4,16,'spring 멀티 모듈은 aws 배포를 어떻게 하시나요?','현재 멀티모듈을 사용해서 module-api, module-batch 를 분리 해 두었습니다.\n\n이 경우에는 각각의 모듈을 각각의 ec2 인스턴스에 배포하나요?\n\n아니면 하나의 인스턴스에서 포트번호를 다르게 한다던가, 하는 방식이 더 일반적인가요?',0,0,0,'2023-02-14 15:01:51.000000','2023-02-14 15:01:51.000000',0,0),(185,4,16,'jwt 토큰 구조는 그냥 마음대로 사용해도 되는건가요?','기본적으로 jwt는 access token, refresh token이 있고 사용자가 access token이 만료되었는지 알 필요 없이 만료되었으면 refresh token으로 access token을 생성해주는 것으로 알고 있습니다. 두 토큰 저장 위치가 달라야 하구요.\n\n현재 제가 프론트 서버를 따로 두지않아 access token, refresh token 둘 다 cookie로 전달해야 하는 상황에 있습니다. 아무리 httpOnly 옵션을 걸고 뭘 한다고 하더라도 둘 다 cookie로 받아오는 건 구조상 이상하다는 생각이 들더라구요. 보안적인 측면에서도 refresh token은 탈취되어서는 안되는데 이게 같은 위치에 존재한다는 건 같은 보안 수준을 갖고 있다는 방증인데 뭔가 이상하다고 느꼈습니다. 그렇다고 refresh token을 DB의 회원 테이블에 넣어서 만료시 DB에서 꺼내서 갱신해준다는 건 \'토큰\'을 사용하는 의미가 퇴색된다고 생각하구요.\n\naccess token, refresh token의 위치가 달라야 하는데 저는 무조건 쿠키로만 보낼 수 없는 상황입니다. 토큰 구조도 무조건 사용이 되어야 합니다. 브라우저만 서버를 이용하는 게 아니라 응용 프로그램에서도 서버로 요청을 보내는 구조여서요... (사내 시스템입니다) 응용 프로그램에서 서버로 요청을 보낼 때도 토큰을 사용하고, 브라우저에서도 토큰을 사용해서 통신을 하는 구조로 생각하고 있는데 이럴 경우에 그냥 access token을 3시간 정도로 제한하고 refresh token을 두지 않고 접근만 하고 매번 갱신하는 구조로 하는 것도 생각 중입니다. 정답이 있는 건 아니라고 해도 대부분 비슷한 식으로 구현을 하시더라구요... 둘 다 cookie로 넣고 사용해도 괜찮을까요? 아니면 access token만 3시간 정도로 제한하고 만료될 때마다 토큰을 발급해주는 형태로 하는 게 나을까요 ㅠㅠ\n\n(제가 뭐 분산 서버 구조가 있어서 토큰을 사용하는 것은 아니고 브라우저랑 로컬 응용 프로그램 모두 서버에 접근을 해야해서 토큰 구조를 이용하게 되었습니다.)\n\n계속 고민하다가 질문 남깁니다 ㅠㅠ 긴 글 읽어주셔서 감사합니다!',0,0,0,'2023-02-14 15:01:51.000000','2023-02-14 15:01:51.000000',0,0),(186,4,16,'페이지 이동을 해도 리스너가 저장되는 방법이 있을까요? (SPA 아님)','기존에 SPA로 했더니, 좀 문제가 이것저것 많아서 이번에는 전통적인 방식으로 만들려는데요.\n\n한가지 걸리는 게 전역적으로 이벤트 수신해야 되는 리스너가 하나 있습니다.\n\n이 리스너를 처음 연결된 상태로 페이지 이동해도 그대로 상태를 갖고 갈 수 있는 방법이 있을까요?\n\n일반 값들은 localStorage, sessionStorage 등을 쓰면 되는데, 리스너는 저런 비슷한 게 혹시 있을까요?',0,0,0,'2023-02-14 15:01:51.000000','2023-02-14 15:01:51.000000',0,0),(187,4,16,'스프링부트에서 thymleaf 없이 controller를 호출해서 context 파일의 html로 가는 방법이 있나요?','제목그대로 입니다\n\nthymleaf 사용하지 않고, url로 html 하지않고 controller에서 가고싶은데 계속 페이지를 못찾네요.',0,0,0,'2023-02-14 15:01:51.000000','2023-02-14 15:01:51.000000',0,0),(188,4,16,'import 경로 질문','import { instance, fileInstance } from \'./common/request\'\n\nimport { getUserInfo } from \'~/common/service/com/util\'\n\n이런 코드가 있는데\n\n./ 이거랑\n\n~/ 이거랑\n\n@/ 이거랑\n\n차이를 잘 모르겠는데 알려주시면 감사드리겠습니다 검색해도 잘 안나오네요..',0,0,0,'2023-02-14 15:01:51.000000','2023-02-14 15:01:51.000000',0,0),(189,4,16,'우분투 리눅스 lts 웹서버 하기위해 필요한것','리눅스 웹 페이지를 하기위해 필요한 것들이 뭐가 있을까요?....\n\n제가 아는거로는 아파치, 자바, 톰캣 밖에 없는데....다른게 더 필요할까요?',0,0,0,'2023-02-14 15:01:51.000000','2023-02-14 15:01:51.000000',0,0),(190,4,16,'자바스크립트 window.onload 관련 질문이요','ajax로 컨트롤러에서 받아온 jsp를 태그 안에 append로 추가하면 그 추가한 jsp안에 있는 window.onload가 실행이 안됩니다. 또 이상하게 새로고침 하면 실행이 되네요?\n\n그리고 $(function(){})나 $(document).ready 는 실행이 잘 되는데 window.onload에서만 안되요\n\nwindow.onload에서는 실행이 안되고 $(document).ready는 실행이 되는 이유가 뭘까요?',0,0,0,'2023-02-14 15:01:51.000000','2023-02-14 15:01:51.000000',0,0),(191,4,16,'[공지] 스터디장 하고 싶으신 분 연락주세요','싸탈합니다',0,0,0,'2023-02-14 15:01:51.000000','2023-02-14 15:01:51.000000',0,1),(192,4,16,'[공지] 오프라인 모임 시간 댓글 주세요','제목대로 입니다.',0,0,0,'2023-02-14 15:01:51.000000','2023-02-14 15:01:51.000000',0,1),(193,4,17,'자바스크립트, vue 매개변수 질문','const getUserInfo = (target = \'\') => {\n\n  const storage = getLocalStorage(\'common\')\n\n  if (storage !== null) {\n\n    return target === \'\' ? storage.userInfo : storage.userInfo[target]\n\n  }\n\n  return {}\n\n}\n\n이러한 코드가 있습니다. 근데 매개변수에 (target = \'\' ) 이렇게 되어있는데\n\n이거는 매개변수 뭐가 들어오든지 간에 무조건 \'\' 으로 셋팅 하겠다라는 말이 맞나요??',0,0,0,'2023-02-14 15:01:51.000000','2023-02-14 15:01:51.000000',0,0),(194,4,17,'Spring boot Security 멀티 로그인 페이지 구현 질문입니다','안녕하세요 선배님들\n\nspring boot security 구현중인 주니어 개발자입니다\n\njavaconfig 방식으로 admin 로그인 페이지와 user 로그인 페이지로 나누어 로그인 기능을 구현하고자 합니다.\n\nSecurityConfig.java 클래스 내부에\n\n@Order(1)\n\npublic static class UserAdapter\n\n@Order(2)\n\npublic static class AdminAdapter\n\n와 같은 방식으로\n\n/user/** 또는 /admin/** 등으로 각자 필터 체인 적용되도록 구현한 상태입니다.\n\ncustomAuthenticationProvider와 customAuthenticationFilter등 과 같은 커스텀 클래스 또한\n\n각자 적용 시킬 수 있는 방법이 아무리 찾아도 모르겠어서 3일째 주차중입니다 ㅠ\n\n선배님들의 고견 부탁드립니다.',0,0,0,'2023-02-14 15:01:51.000000','2023-02-14 15:01:51.000000',0,0),(195,4,17,'db jpa spring','스프링 개발 중에 구글에 대부분 좋아요기능을 만드는데 이것을 다대다?관계로 보는데 저는 다대다 관계가 아닌 단지 일대다 다대일로 이루어진 관계라고 보이는데 다대다 관계인가요?\n\n사람 - 좋아요 - 게시글\n\n단지 좋아요 테이블에 fk사람,fk게시글이 있다고 해서 다대다는 아니지않나요..? (논리적인 다대다 관계를 물리적으로 일대다 다대일로 해결이 아닌)\n\n제가 연관관계를 잘 이해를 못 하는건가...\n\n그냥 단지 다대일 일대다로 이루어진 관계구나 생각했는데 다대다라고 하는분들도 있어서 갑자기 헷갈리네요..',0,0,0,'2023-02-14 15:01:51.000000','2023-02-14 15:01:51.000000',0,0),(196,4,17,'spring 멀티 모듈은 aws 배포를 어떻게 하시나요?','현재 멀티모듈을 사용해서 module-api, module-batch 를 분리 해 두었습니다.\n\n이 경우에는 각각의 모듈을 각각의 ec2 인스턴스에 배포하나요?\n\n아니면 하나의 인스턴스에서 포트번호를 다르게 한다던가, 하는 방식이 더 일반적인가요?',0,0,0,'2023-02-14 15:01:51.000000','2023-02-14 15:01:51.000000',0,0),(197,4,17,'jwt 토큰 구조는 그냥 마음대로 사용해도 되는건가요?','기본적으로 jwt는 access token, refresh token이 있고 사용자가 access token이 만료되었는지 알 필요 없이 만료되었으면 refresh token으로 access token을 생성해주는 것으로 알고 있습니다. 두 토큰 저장 위치가 달라야 하구요.\n\n현재 제가 프론트 서버를 따로 두지않아 access token, refresh token 둘 다 cookie로 전달해야 하는 상황에 있습니다. 아무리 httpOnly 옵션을 걸고 뭘 한다고 하더라도 둘 다 cookie로 받아오는 건 구조상 이상하다는 생각이 들더라구요. 보안적인 측면에서도 refresh token은 탈취되어서는 안되는데 이게 같은 위치에 존재한다는 건 같은 보안 수준을 갖고 있다는 방증인데 뭔가 이상하다고 느꼈습니다. 그렇다고 refresh token을 DB의 회원 테이블에 넣어서 만료시 DB에서 꺼내서 갱신해준다는 건 \'토큰\'을 사용하는 의미가 퇴색된다고 생각하구요.\n\naccess token, refresh token의 위치가 달라야 하는데 저는 무조건 쿠키로만 보낼 수 없는 상황입니다. 토큰 구조도 무조건 사용이 되어야 합니다. 브라우저만 서버를 이용하는 게 아니라 응용 프로그램에서도 서버로 요청을 보내는 구조여서요... (사내 시스템입니다) 응용 프로그램에서 서버로 요청을 보낼 때도 토큰을 사용하고, 브라우저에서도 토큰을 사용해서 통신을 하는 구조로 생각하고 있는데 이럴 경우에 그냥 access token을 3시간 정도로 제한하고 refresh token을 두지 않고 접근만 하고 매번 갱신하는 구조로 하는 것도 생각 중입니다. 정답이 있는 건 아니라고 해도 대부분 비슷한 식으로 구현을 하시더라구요... 둘 다 cookie로 넣고 사용해도 괜찮을까요? 아니면 access token만 3시간 정도로 제한하고 만료될 때마다 토큰을 발급해주는 형태로 하는 게 나을까요 ㅠㅠ\n\n(제가 뭐 분산 서버 구조가 있어서 토큰을 사용하는 것은 아니고 브라우저랑 로컬 응용 프로그램 모두 서버에 접근을 해야해서 토큰 구조를 이용하게 되었습니다.)\n\n계속 고민하다가 질문 남깁니다 ㅠㅠ 긴 글 읽어주셔서 감사합니다!',0,0,0,'2023-02-14 15:01:51.000000','2023-02-14 15:01:51.000000',0,0),(198,4,17,'페이지 이동을 해도 리스너가 저장되는 방법이 있을까요? (SPA 아님)','기존에 SPA로 했더니, 좀 문제가 이것저것 많아서 이번에는 전통적인 방식으로 만들려는데요.\n\n한가지 걸리는 게 전역적으로 이벤트 수신해야 되는 리스너가 하나 있습니다.\n\n이 리스너를 처음 연결된 상태로 페이지 이동해도 그대로 상태를 갖고 갈 수 있는 방법이 있을까요?\n\n일반 값들은 localStorage, sessionStorage 등을 쓰면 되는데, 리스너는 저런 비슷한 게 혹시 있을까요?',0,0,0,'2023-02-14 15:01:51.000000','2023-02-14 15:01:51.000000',0,0),(199,4,17,'스프링부트에서 thymleaf 없이 controller를 호출해서 context 파일의 html로 가는 방법이 있나요?','제목그대로 입니다\n\nthymleaf 사용하지 않고, url로 html 하지않고 controller에서 가고싶은데 계속 페이지를 못찾네요.',0,0,0,'2023-02-14 15:01:51.000000','2023-02-14 15:01:51.000000',0,0),(200,4,17,'import 경로 질문','import { instance, fileInstance } from \'./common/request\'\n\nimport { getUserInfo } from \'~/common/service/com/util\'\n\n이런 코드가 있는데\n\n./ 이거랑\n\n~/ 이거랑\n\n@/ 이거랑\n\n차이를 잘 모르겠는데 알려주시면 감사드리겠습니다 검색해도 잘 안나오네요..',0,0,0,'2023-02-14 15:01:51.000000','2023-02-14 15:01:51.000000',0,0),(201,4,17,'우분투 리눅스 lts 웹서버 하기위해 필요한것','리눅스 웹 페이지를 하기위해 필요한 것들이 뭐가 있을까요?....\n\n제가 아는거로는 아파치, 자바, 톰캣 밖에 없는데....다른게 더 필요할까요?',0,0,0,'2023-02-14 15:01:51.000000','2023-02-14 15:01:51.000000',0,0),(202,4,17,'자바스크립트 window.onload 관련 질문이요','ajax로 컨트롤러에서 받아온 jsp를 태그 안에 append로 추가하면 그 추가한 jsp안에 있는 window.onload가 실행이 안됩니다. 또 이상하게 새로고침 하면 실행이 되네요?\n\n그리고 $(function(){})나 $(document).ready 는 실행이 잘 되는데 window.onload에서만 안되요\n\nwindow.onload에서는 실행이 안되고 $(document).ready는 실행이 되는 이유가 뭘까요?',0,0,0,'2023-02-14 15:01:51.000000','2023-02-14 15:01:51.000000',0,0),(203,4,17,'[공지] 스터디장 하고 싶으신 분 연락주세요','싸탈합니다',0,0,0,'2023-02-14 15:01:51.000000','2023-02-14 15:01:51.000000',0,1),(204,4,17,'[공지] 오프라인 모임 시간 댓글 주세요','제목대로 입니다.',0,0,0,'2023-02-14 15:01:51.000000','2023-02-14 15:01:51.000000',0,1),(205,4,18,'자바스크립트, vue 매개변수 질문','const getUserInfo = (target = \'\') => {\n\n  const storage = getLocalStorage(\'common\')\n\n  if (storage !== null) {\n\n    return target === \'\' ? storage.userInfo : storage.userInfo[target]\n\n  }\n\n  return {}\n\n}\n\n이러한 코드가 있습니다. 근데 매개변수에 (target = \'\' ) 이렇게 되어있는데\n\n이거는 매개변수 뭐가 들어오든지 간에 무조건 \'\' 으로 셋팅 하겠다라는 말이 맞나요??',0,0,0,'2023-02-14 15:01:51.000000','2023-02-14 15:01:51.000000',0,0),(206,4,18,'Spring boot Security 멀티 로그인 페이지 구현 질문입니다','안녕하세요 선배님들\n\nspring boot security 구현중인 주니어 개발자입니다\n\njavaconfig 방식으로 admin 로그인 페이지와 user 로그인 페이지로 나누어 로그인 기능을 구현하고자 합니다.\n\nSecurityConfig.java 클래스 내부에\n\n@Order(1)\n\npublic static class UserAdapter\n\n@Order(2)\n\npublic static class AdminAdapter\n\n와 같은 방식으로\n\n/user/** 또는 /admin/** 등으로 각자 필터 체인 적용되도록 구현한 상태입니다.\n\ncustomAuthenticationProvider와 customAuthenticationFilter등 과 같은 커스텀 클래스 또한\n\n각자 적용 시킬 수 있는 방법이 아무리 찾아도 모르겠어서 3일째 주차중입니다 ㅠ\n\n선배님들의 고견 부탁드립니다.',0,0,0,'2023-02-14 15:01:51.000000','2023-02-14 15:01:51.000000',0,0),(207,4,18,'db jpa spring','스프링 개발 중에 구글에 대부분 좋아요기능을 만드는데 이것을 다대다?관계로 보는데 저는 다대다 관계가 아닌 단지 일대다 다대일로 이루어진 관계라고 보이는데 다대다 관계인가요?\n\n사람 - 좋아요 - 게시글\n\n단지 좋아요 테이블에 fk사람,fk게시글이 있다고 해서 다대다는 아니지않나요..? (논리적인 다대다 관계를 물리적으로 일대다 다대일로 해결이 아닌)\n\n제가 연관관계를 잘 이해를 못 하는건가...\n\n그냥 단지 다대일 일대다로 이루어진 관계구나 생각했는데 다대다라고 하는분들도 있어서 갑자기 헷갈리네요..',0,0,0,'2023-02-14 15:01:51.000000','2023-02-14 15:01:51.000000',0,0),(208,4,18,'spring 멀티 모듈은 aws 배포를 어떻게 하시나요?','현재 멀티모듈을 사용해서 module-api, module-batch 를 분리 해 두었습니다.\n\n이 경우에는 각각의 모듈을 각각의 ec2 인스턴스에 배포하나요?\n\n아니면 하나의 인스턴스에서 포트번호를 다르게 한다던가, 하는 방식이 더 일반적인가요?',0,0,0,'2023-02-14 15:01:51.000000','2023-02-14 15:01:51.000000',0,0),(209,4,18,'jwt 토큰 구조는 그냥 마음대로 사용해도 되는건가요?','기본적으로 jwt는 access token, refresh token이 있고 사용자가 access token이 만료되었는지 알 필요 없이 만료되었으면 refresh token으로 access token을 생성해주는 것으로 알고 있습니다. 두 토큰 저장 위치가 달라야 하구요.\n\n현재 제가 프론트 서버를 따로 두지않아 access token, refresh token 둘 다 cookie로 전달해야 하는 상황에 있습니다. 아무리 httpOnly 옵션을 걸고 뭘 한다고 하더라도 둘 다 cookie로 받아오는 건 구조상 이상하다는 생각이 들더라구요. 보안적인 측면에서도 refresh token은 탈취되어서는 안되는데 이게 같은 위치에 존재한다는 건 같은 보안 수준을 갖고 있다는 방증인데 뭔가 이상하다고 느꼈습니다. 그렇다고 refresh token을 DB의 회원 테이블에 넣어서 만료시 DB에서 꺼내서 갱신해준다는 건 \'토큰\'을 사용하는 의미가 퇴색된다고 생각하구요.\n\naccess token, refresh token의 위치가 달라야 하는데 저는 무조건 쿠키로만 보낼 수 없는 상황입니다. 토큰 구조도 무조건 사용이 되어야 합니다. 브라우저만 서버를 이용하는 게 아니라 응용 프로그램에서도 서버로 요청을 보내는 구조여서요... (사내 시스템입니다) 응용 프로그램에서 서버로 요청을 보낼 때도 토큰을 사용하고, 브라우저에서도 토큰을 사용해서 통신을 하는 구조로 생각하고 있는데 이럴 경우에 그냥 access token을 3시간 정도로 제한하고 refresh token을 두지 않고 접근만 하고 매번 갱신하는 구조로 하는 것도 생각 중입니다. 정답이 있는 건 아니라고 해도 대부분 비슷한 식으로 구현을 하시더라구요... 둘 다 cookie로 넣고 사용해도 괜찮을까요? 아니면 access token만 3시간 정도로 제한하고 만료될 때마다 토큰을 발급해주는 형태로 하는 게 나을까요 ㅠㅠ\n\n(제가 뭐 분산 서버 구조가 있어서 토큰을 사용하는 것은 아니고 브라우저랑 로컬 응용 프로그램 모두 서버에 접근을 해야해서 토큰 구조를 이용하게 되었습니다.)\n\n계속 고민하다가 질문 남깁니다 ㅠㅠ 긴 글 읽어주셔서 감사합니다!',0,0,0,'2023-02-14 15:01:51.000000','2023-02-14 15:01:51.000000',0,0),(210,4,18,'페이지 이동을 해도 리스너가 저장되는 방법이 있을까요? (SPA 아님)','기존에 SPA로 했더니, 좀 문제가 이것저것 많아서 이번에는 전통적인 방식으로 만들려는데요.\n\n한가지 걸리는 게 전역적으로 이벤트 수신해야 되는 리스너가 하나 있습니다.\n\n이 리스너를 처음 연결된 상태로 페이지 이동해도 그대로 상태를 갖고 갈 수 있는 방법이 있을까요?\n\n일반 값들은 localStorage, sessionStorage 등을 쓰면 되는데, 리스너는 저런 비슷한 게 혹시 있을까요?',0,0,0,'2023-02-14 15:01:51.000000','2023-02-14 15:01:51.000000',0,0),(211,4,18,'스프링부트에서 thymleaf 없이 controller를 호출해서 context 파일의 html로 가는 방법이 있나요?','제목그대로 입니다\n\nthymleaf 사용하지 않고, url로 html 하지않고 controller에서 가고싶은데 계속 페이지를 못찾네요.',0,0,0,'2023-02-14 15:01:51.000000','2023-02-14 15:01:51.000000',0,0),(212,4,18,'import 경로 질문','import { instance, fileInstance } from \'./common/request\'\n\nimport { getUserInfo } from \'~/common/service/com/util\'\n\n이런 코드가 있는데\n\n./ 이거랑\n\n~/ 이거랑\n\n@/ 이거랑\n\n차이를 잘 모르겠는데 알려주시면 감사드리겠습니다 검색해도 잘 안나오네요..',0,0,0,'2023-02-14 15:01:51.000000','2023-02-14 15:01:51.000000',0,0),(213,4,18,'우분투 리눅스 lts 웹서버 하기위해 필요한것','리눅스 웹 페이지를 하기위해 필요한 것들이 뭐가 있을까요?....\n\n제가 아는거로는 아파치, 자바, 톰캣 밖에 없는데....다른게 더 필요할까요?',0,0,0,'2023-02-14 15:01:51.000000','2023-02-14 15:01:51.000000',0,0),(214,4,18,'자바스크립트 window.onload 관련 질문이요','ajax로 컨트롤러에서 받아온 jsp를 태그 안에 append로 추가하면 그 추가한 jsp안에 있는 window.onload가 실행이 안됩니다. 또 이상하게 새로고침 하면 실행이 되네요?\n\n그리고 $(function(){})나 $(document).ready 는 실행이 잘 되는데 window.onload에서만 안되요\n\nwindow.onload에서는 실행이 안되고 $(document).ready는 실행이 되는 이유가 뭘까요?',0,0,0,'2023-02-14 15:01:51.000000','2023-02-14 15:01:51.000000',0,0),(215,4,18,'[공지] 스터디장 하고 싶으신 분 연락주세요','싸탈합니다',0,0,0,'2023-02-14 15:01:51.000000','2023-02-14 15:01:51.000000',0,1),(216,4,18,'[공지] 오프라인 모임 시간 댓글 주세요','제목대로 입니다.',0,0,0,'2023-02-14 15:01:51.000000','2023-02-14 15:01:51.000000',0,1),(217,4,19,'자바스크립트, vue 매개변수 질문','const getUserInfo = (target = \'\') => {\n\n  const storage = getLocalStorage(\'common\')\n\n  if (storage !== null) {\n\n    return target === \'\' ? storage.userInfo : storage.userInfo[target]\n\n  }\n\n  return {}\n\n}\n\n이러한 코드가 있습니다. 근데 매개변수에 (target = \'\' ) 이렇게 되어있는데\n\n이거는 매개변수 뭐가 들어오든지 간에 무조건 \'\' 으로 셋팅 하겠다라는 말이 맞나요??',0,0,0,'2023-02-14 15:01:51.000000','2023-02-14 15:01:51.000000',0,0),(218,4,19,'Spring boot Security 멀티 로그인 페이지 구현 질문입니다','안녕하세요 선배님들\n\nspring boot security 구현중인 주니어 개발자입니다\n\njavaconfig 방식으로 admin 로그인 페이지와 user 로그인 페이지로 나누어 로그인 기능을 구현하고자 합니다.\n\nSecurityConfig.java 클래스 내부에\n\n@Order(1)\n\npublic static class UserAdapter\n\n@Order(2)\n\npublic static class AdminAdapter\n\n와 같은 방식으로\n\n/user/** 또는 /admin/** 등으로 각자 필터 체인 적용되도록 구현한 상태입니다.\n\ncustomAuthenticationProvider와 customAuthenticationFilter등 과 같은 커스텀 클래스 또한\n\n각자 적용 시킬 수 있는 방법이 아무리 찾아도 모르겠어서 3일째 주차중입니다 ㅠ\n\n선배님들의 고견 부탁드립니다.',0,0,0,'2023-02-14 15:01:51.000000','2023-02-14 15:01:51.000000',0,0),(219,4,19,'db jpa spring','스프링 개발 중에 구글에 대부분 좋아요기능을 만드는데 이것을 다대다?관계로 보는데 저는 다대다 관계가 아닌 단지 일대다 다대일로 이루어진 관계라고 보이는데 다대다 관계인가요?\n\n사람 - 좋아요 - 게시글\n\n단지 좋아요 테이블에 fk사람,fk게시글이 있다고 해서 다대다는 아니지않나요..? (논리적인 다대다 관계를 물리적으로 일대다 다대일로 해결이 아닌)\n\n제가 연관관계를 잘 이해를 못 하는건가...\n\n그냥 단지 다대일 일대다로 이루어진 관계구나 생각했는데 다대다라고 하는분들도 있어서 갑자기 헷갈리네요..',0,0,0,'2023-02-14 15:01:51.000000','2023-02-14 15:01:51.000000',0,0),(220,4,19,'spring 멀티 모듈은 aws 배포를 어떻게 하시나요?','현재 멀티모듈을 사용해서 module-api, module-batch 를 분리 해 두었습니다.\n\n이 경우에는 각각의 모듈을 각각의 ec2 인스턴스에 배포하나요?\n\n아니면 하나의 인스턴스에서 포트번호를 다르게 한다던가, 하는 방식이 더 일반적인가요?',0,0,0,'2023-02-14 15:01:51.000000','2023-02-14 15:01:51.000000',0,0),(221,4,19,'jwt 토큰 구조는 그냥 마음대로 사용해도 되는건가요?','기본적으로 jwt는 access token, refresh token이 있고 사용자가 access token이 만료되었는지 알 필요 없이 만료되었으면 refresh token으로 access token을 생성해주는 것으로 알고 있습니다. 두 토큰 저장 위치가 달라야 하구요.\n\n현재 제가 프론트 서버를 따로 두지않아 access token, refresh token 둘 다 cookie로 전달해야 하는 상황에 있습니다. 아무리 httpOnly 옵션을 걸고 뭘 한다고 하더라도 둘 다 cookie로 받아오는 건 구조상 이상하다는 생각이 들더라구요. 보안적인 측면에서도 refresh token은 탈취되어서는 안되는데 이게 같은 위치에 존재한다는 건 같은 보안 수준을 갖고 있다는 방증인데 뭔가 이상하다고 느꼈습니다. 그렇다고 refresh token을 DB의 회원 테이블에 넣어서 만료시 DB에서 꺼내서 갱신해준다는 건 \'토큰\'을 사용하는 의미가 퇴색된다고 생각하구요.\n\naccess token, refresh token의 위치가 달라야 하는데 저는 무조건 쿠키로만 보낼 수 없는 상황입니다. 토큰 구조도 무조건 사용이 되어야 합니다. 브라우저만 서버를 이용하는 게 아니라 응용 프로그램에서도 서버로 요청을 보내는 구조여서요... (사내 시스템입니다) 응용 프로그램에서 서버로 요청을 보낼 때도 토큰을 사용하고, 브라우저에서도 토큰을 사용해서 통신을 하는 구조로 생각하고 있는데 이럴 경우에 그냥 access token을 3시간 정도로 제한하고 refresh token을 두지 않고 접근만 하고 매번 갱신하는 구조로 하는 것도 생각 중입니다. 정답이 있는 건 아니라고 해도 대부분 비슷한 식으로 구현을 하시더라구요... 둘 다 cookie로 넣고 사용해도 괜찮을까요? 아니면 access token만 3시간 정도로 제한하고 만료될 때마다 토큰을 발급해주는 형태로 하는 게 나을까요 ㅠㅠ\n\n(제가 뭐 분산 서버 구조가 있어서 토큰을 사용하는 것은 아니고 브라우저랑 로컬 응용 프로그램 모두 서버에 접근을 해야해서 토큰 구조를 이용하게 되었습니다.)\n\n계속 고민하다가 질문 남깁니다 ㅠㅠ 긴 글 읽어주셔서 감사합니다!',0,0,0,'2023-02-14 15:01:51.000000','2023-02-14 15:01:51.000000',0,0),(222,4,19,'페이지 이동을 해도 리스너가 저장되는 방법이 있을까요? (SPA 아님)','기존에 SPA로 했더니, 좀 문제가 이것저것 많아서 이번에는 전통적인 방식으로 만들려는데요.\n\n한가지 걸리는 게 전역적으로 이벤트 수신해야 되는 리스너가 하나 있습니다.\n\n이 리스너를 처음 연결된 상태로 페이지 이동해도 그대로 상태를 갖고 갈 수 있는 방법이 있을까요?\n\n일반 값들은 localStorage, sessionStorage 등을 쓰면 되는데, 리스너는 저런 비슷한 게 혹시 있을까요?',0,0,0,'2023-02-14 15:01:51.000000','2023-02-14 15:01:51.000000',0,0),(223,4,19,'스프링부트에서 thymleaf 없이 controller를 호출해서 context 파일의 html로 가는 방법이 있나요?','제목그대로 입니다\n\nthymleaf 사용하지 않고, url로 html 하지않고 controller에서 가고싶은데 계속 페이지를 못찾네요.',0,0,0,'2023-02-14 15:01:51.000000','2023-02-14 15:01:51.000000',0,0),(224,4,19,'import 경로 질문','import { instance, fileInstance } from \'./common/request\'\n\nimport { getUserInfo } from \'~/common/service/com/util\'\n\n이런 코드가 있는데\n\n./ 이거랑\n\n~/ 이거랑\n\n@/ 이거랑\n\n차이를 잘 모르겠는데 알려주시면 감사드리겠습니다 검색해도 잘 안나오네요..',0,0,0,'2023-02-14 15:01:51.000000','2023-02-14 15:01:51.000000',0,0),(225,4,19,'우분투 리눅스 lts 웹서버 하기위해 필요한것','리눅스 웹 페이지를 하기위해 필요한 것들이 뭐가 있을까요?....\n\n제가 아는거로는 아파치, 자바, 톰캣 밖에 없는데....다른게 더 필요할까요?',0,0,0,'2023-02-14 15:01:51.000000','2023-02-14 15:01:51.000000',0,0),(226,4,19,'자바스크립트 window.onload 관련 질문이요','ajax로 컨트롤러에서 받아온 jsp를 태그 안에 append로 추가하면 그 추가한 jsp안에 있는 window.onload가 실행이 안됩니다. 또 이상하게 새로고침 하면 실행이 되네요?\n\n그리고 $(function(){})나 $(document).ready 는 실행이 잘 되는데 window.onload에서만 안되요\n\nwindow.onload에서는 실행이 안되고 $(document).ready는 실행이 되는 이유가 뭘까요?',0,0,0,'2023-02-14 15:01:51.000000','2023-02-14 15:01:51.000000',0,0),(227,4,19,'[공지] 스터디장 하고 싶으신 분 연락주세요','싸탈합니다',0,0,0,'2023-02-14 15:01:51.000000','2023-02-14 15:01:51.000000',0,1),(228,4,19,'[공지] 오프라인 모임 시간 댓글 주세요','제목대로 입니다.',0,0,0,'2023-02-14 15:01:51.000000','2023-02-14 15:01:51.000000',0,1),(229,4,20,'자바스크립트, vue 매개변수 질문','const getUserInfo = (target = \'\') => {\n\n  const storage = getLocalStorage(\'common\')\n\n  if (storage !== null) {\n\n    return target === \'\' ? storage.userInfo : storage.userInfo[target]\n\n  }\n\n  return {}\n\n}\n\n이러한 코드가 있습니다. 근데 매개변수에 (target = \'\' ) 이렇게 되어있는데\n\n이거는 매개변수 뭐가 들어오든지 간에 무조건 \'\' 으로 셋팅 하겠다라는 말이 맞나요??',0,0,0,'2023-02-14 15:01:51.000000','2023-02-14 15:01:51.000000',0,0),(230,4,20,'Spring boot Security 멀티 로그인 페이지 구현 질문입니다','안녕하세요 선배님들\n\nspring boot security 구현중인 주니어 개발자입니다\n\njavaconfig 방식으로 admin 로그인 페이지와 user 로그인 페이지로 나누어 로그인 기능을 구현하고자 합니다.\n\nSecurityConfig.java 클래스 내부에\n\n@Order(1)\n\npublic static class UserAdapter\n\n@Order(2)\n\npublic static class AdminAdapter\n\n와 같은 방식으로\n\n/user/** 또는 /admin/** 등으로 각자 필터 체인 적용되도록 구현한 상태입니다.\n\ncustomAuthenticationProvider와 customAuthenticationFilter등 과 같은 커스텀 클래스 또한\n\n각자 적용 시킬 수 있는 방법이 아무리 찾아도 모르겠어서 3일째 주차중입니다 ㅠ\n\n선배님들의 고견 부탁드립니다.',0,0,0,'2023-02-14 15:01:51.000000','2023-02-14 15:01:51.000000',0,0),(231,4,20,'db jpa spring','스프링 개발 중에 구글에 대부분 좋아요기능을 만드는데 이것을 다대다?관계로 보는데 저는 다대다 관계가 아닌 단지 일대다 다대일로 이루어진 관계라고 보이는데 다대다 관계인가요?\n\n사람 - 좋아요 - 게시글\n\n단지 좋아요 테이블에 fk사람,fk게시글이 있다고 해서 다대다는 아니지않나요..? (논리적인 다대다 관계를 물리적으로 일대다 다대일로 해결이 아닌)\n\n제가 연관관계를 잘 이해를 못 하는건가...\n\n그냥 단지 다대일 일대다로 이루어진 관계구나 생각했는데 다대다라고 하는분들도 있어서 갑자기 헷갈리네요..',0,0,0,'2023-02-14 15:01:51.000000','2023-02-14 15:01:51.000000',0,0),(232,4,20,'spring 멀티 모듈은 aws 배포를 어떻게 하시나요?','현재 멀티모듈을 사용해서 module-api, module-batch 를 분리 해 두었습니다.\n\n이 경우에는 각각의 모듈을 각각의 ec2 인스턴스에 배포하나요?\n\n아니면 하나의 인스턴스에서 포트번호를 다르게 한다던가, 하는 방식이 더 일반적인가요?',0,0,0,'2023-02-14 15:01:51.000000','2023-02-14 15:01:51.000000',0,0),(233,4,20,'jwt 토큰 구조는 그냥 마음대로 사용해도 되는건가요?','기본적으로 jwt는 access token, refresh token이 있고 사용자가 access token이 만료되었는지 알 필요 없이 만료되었으면 refresh token으로 access token을 생성해주는 것으로 알고 있습니다. 두 토큰 저장 위치가 달라야 하구요.\n\n현재 제가 프론트 서버를 따로 두지않아 access token, refresh token 둘 다 cookie로 전달해야 하는 상황에 있습니다. 아무리 httpOnly 옵션을 걸고 뭘 한다고 하더라도 둘 다 cookie로 받아오는 건 구조상 이상하다는 생각이 들더라구요. 보안적인 측면에서도 refresh token은 탈취되어서는 안되는데 이게 같은 위치에 존재한다는 건 같은 보안 수준을 갖고 있다는 방증인데 뭔가 이상하다고 느꼈습니다. 그렇다고 refresh token을 DB의 회원 테이블에 넣어서 만료시 DB에서 꺼내서 갱신해준다는 건 \'토큰\'을 사용하는 의미가 퇴색된다고 생각하구요.\n\naccess token, refresh token의 위치가 달라야 하는데 저는 무조건 쿠키로만 보낼 수 없는 상황입니다. 토큰 구조도 무조건 사용이 되어야 합니다. 브라우저만 서버를 이용하는 게 아니라 응용 프로그램에서도 서버로 요청을 보내는 구조여서요... (사내 시스템입니다) 응용 프로그램에서 서버로 요청을 보낼 때도 토큰을 사용하고, 브라우저에서도 토큰을 사용해서 통신을 하는 구조로 생각하고 있는데 이럴 경우에 그냥 access token을 3시간 정도로 제한하고 refresh token을 두지 않고 접근만 하고 매번 갱신하는 구조로 하는 것도 생각 중입니다. 정답이 있는 건 아니라고 해도 대부분 비슷한 식으로 구현을 하시더라구요... 둘 다 cookie로 넣고 사용해도 괜찮을까요? 아니면 access token만 3시간 정도로 제한하고 만료될 때마다 토큰을 발급해주는 형태로 하는 게 나을까요 ㅠㅠ\n\n(제가 뭐 분산 서버 구조가 있어서 토큰을 사용하는 것은 아니고 브라우저랑 로컬 응용 프로그램 모두 서버에 접근을 해야해서 토큰 구조를 이용하게 되었습니다.)\n\n계속 고민하다가 질문 남깁니다 ㅠㅠ 긴 글 읽어주셔서 감사합니다!',0,0,0,'2023-02-14 15:01:51.000000','2023-02-14 15:01:51.000000',0,0),(234,4,20,'페이지 이동을 해도 리스너가 저장되는 방법이 있을까요? (SPA 아님)','기존에 SPA로 했더니, 좀 문제가 이것저것 많아서 이번에는 전통적인 방식으로 만들려는데요.\n\n한가지 걸리는 게 전역적으로 이벤트 수신해야 되는 리스너가 하나 있습니다.\n\n이 리스너를 처음 연결된 상태로 페이지 이동해도 그대로 상태를 갖고 갈 수 있는 방법이 있을까요?\n\n일반 값들은 localStorage, sessionStorage 등을 쓰면 되는데, 리스너는 저런 비슷한 게 혹시 있을까요?',0,0,0,'2023-02-14 15:01:51.000000','2023-02-14 15:01:51.000000',0,0),(235,4,20,'스프링부트에서 thymleaf 없이 controller를 호출해서 context 파일의 html로 가는 방법이 있나요?','제목그대로 입니다\n\nthymleaf 사용하지 않고, url로 html 하지않고 controller에서 가고싶은데 계속 페이지를 못찾네요.',0,0,0,'2023-02-14 15:01:51.000000','2023-02-14 15:01:51.000000',0,0),(236,4,20,'import 경로 질문','import { instance, fileInstance } from \'./common/request\'\n\nimport { getUserInfo } from \'~/common/service/com/util\'\n\n이런 코드가 있는데\n\n./ 이거랑\n\n~/ 이거랑\n\n@/ 이거랑\n\n차이를 잘 모르겠는데 알려주시면 감사드리겠습니다 검색해도 잘 안나오네요..',0,0,0,'2023-02-14 15:01:51.000000','2023-02-14 15:01:51.000000',0,0),(237,4,20,'우분투 리눅스 lts 웹서버 하기위해 필요한것','리눅스 웹 페이지를 하기위해 필요한 것들이 뭐가 있을까요?....\n\n제가 아는거로는 아파치, 자바, 톰캣 밖에 없는데....다른게 더 필요할까요?',0,0,0,'2023-02-14 15:01:51.000000','2023-02-14 15:01:51.000000',0,0),(238,4,20,'자바스크립트 window.onload 관련 질문이요','ajax로 컨트롤러에서 받아온 jsp를 태그 안에 append로 추가하면 그 추가한 jsp안에 있는 window.onload가 실행이 안됩니다. 또 이상하게 새로고침 하면 실행이 되네요?\n\n그리고 $(function(){})나 $(document).ready 는 실행이 잘 되는데 window.onload에서만 안되요\n\nwindow.onload에서는 실행이 안되고 $(document).ready는 실행이 되는 이유가 뭘까요?',0,0,0,'2023-02-14 15:01:51.000000','2023-02-14 15:01:51.000000',0,0),(239,4,20,'[공지] 스터디장 하고 싶으신 분 연락주세요','싸탈합니다',0,0,0,'2023-02-14 15:01:51.000000','2023-02-14 15:01:51.000000',0,1),(240,4,20,'[공지] 오프라인 모임 시간 댓글 주세요','제목대로 입니다.',0,0,0,'2023-02-14 15:01:51.000000','2023-02-14 15:01:51.000000',0,1),(241,5,21,'자바스크립트, vue 매개변수 질문','const getUserInfo = (target = \'\') => {\n\n  const storage = getLocalStorage(\'common\')\n\n  if (storage !== null) {\n\n    return target === \'\' ? storage.userInfo : storage.userInfo[target]\n\n  }\n\n  return {}\n\n}\n\n이러한 코드가 있습니다. 근데 매개변수에 (target = \'\' ) 이렇게 되어있는데\n\n이거는 매개변수 뭐가 들어오든지 간에 무조건 \'\' 으로 셋팅 하겠다라는 말이 맞나요??',0,0,0,'2023-02-14 15:01:51.000000','2023-02-14 15:01:51.000000',0,0),(242,5,21,'Spring boot Security 멀티 로그인 페이지 구현 질문입니다','안녕하세요 선배님들\n\nspring boot security 구현중인 주니어 개발자입니다\n\njavaconfig 방식으로 admin 로그인 페이지와 user 로그인 페이지로 나누어 로그인 기능을 구현하고자 합니다.\n\nSecurityConfig.java 클래스 내부에\n\n@Order(1)\n\npublic static class UserAdapter\n\n@Order(2)\n\npublic static class AdminAdapter\n\n와 같은 방식으로\n\n/user/** 또는 /admin/** 등으로 각자 필터 체인 적용되도록 구현한 상태입니다.\n\ncustomAuthenticationProvider와 customAuthenticationFilter등 과 같은 커스텀 클래스 또한\n\n각자 적용 시킬 수 있는 방법이 아무리 찾아도 모르겠어서 3일째 주차중입니다 ㅠ\n\n선배님들의 고견 부탁드립니다.',0,0,0,'2023-02-14 15:01:51.000000','2023-02-14 15:01:51.000000',0,0),(243,5,21,'db jpa spring','스프링 개발 중에 구글에 대부분 좋아요기능을 만드는데 이것을 다대다?관계로 보는데 저는 다대다 관계가 아닌 단지 일대다 다대일로 이루어진 관계라고 보이는데 다대다 관계인가요?\n\n사람 - 좋아요 - 게시글\n\n단지 좋아요 테이블에 fk사람,fk게시글이 있다고 해서 다대다는 아니지않나요..? (논리적인 다대다 관계를 물리적으로 일대다 다대일로 해결이 아닌)\n\n제가 연관관계를 잘 이해를 못 하는건가...\n\n그냥 단지 다대일 일대다로 이루어진 관계구나 생각했는데 다대다라고 하는분들도 있어서 갑자기 헷갈리네요..',0,0,0,'2023-02-14 15:01:51.000000','2023-02-14 15:01:51.000000',0,0),(244,5,21,'spring 멀티 모듈은 aws 배포를 어떻게 하시나요?','현재 멀티모듈을 사용해서 module-api, module-batch 를 분리 해 두었습니다.\n\n이 경우에는 각각의 모듈을 각각의 ec2 인스턴스에 배포하나요?\n\n아니면 하나의 인스턴스에서 포트번호를 다르게 한다던가, 하는 방식이 더 일반적인가요?',0,0,0,'2023-02-14 15:01:51.000000','2023-02-14 15:01:51.000000',0,0),(245,5,21,'jwt 토큰 구조는 그냥 마음대로 사용해도 되는건가요?','기본적으로 jwt는 access token, refresh token이 있고 사용자가 access token이 만료되었는지 알 필요 없이 만료되었으면 refresh token으로 access token을 생성해주는 것으로 알고 있습니다. 두 토큰 저장 위치가 달라야 하구요.\n\n현재 제가 프론트 서버를 따로 두지않아 access token, refresh token 둘 다 cookie로 전달해야 하는 상황에 있습니다. 아무리 httpOnly 옵션을 걸고 뭘 한다고 하더라도 둘 다 cookie로 받아오는 건 구조상 이상하다는 생각이 들더라구요. 보안적인 측면에서도 refresh token은 탈취되어서는 안되는데 이게 같은 위치에 존재한다는 건 같은 보안 수준을 갖고 있다는 방증인데 뭔가 이상하다고 느꼈습니다. 그렇다고 refresh token을 DB의 회원 테이블에 넣어서 만료시 DB에서 꺼내서 갱신해준다는 건 \'토큰\'을 사용하는 의미가 퇴색된다고 생각하구요.\n\naccess token, refresh token의 위치가 달라야 하는데 저는 무조건 쿠키로만 보낼 수 없는 상황입니다. 토큰 구조도 무조건 사용이 되어야 합니다. 브라우저만 서버를 이용하는 게 아니라 응용 프로그램에서도 서버로 요청을 보내는 구조여서요... (사내 시스템입니다) 응용 프로그램에서 서버로 요청을 보낼 때도 토큰을 사용하고, 브라우저에서도 토큰을 사용해서 통신을 하는 구조로 생각하고 있는데 이럴 경우에 그냥 access token을 3시간 정도로 제한하고 refresh token을 두지 않고 접근만 하고 매번 갱신하는 구조로 하는 것도 생각 중입니다. 정답이 있는 건 아니라고 해도 대부분 비슷한 식으로 구현을 하시더라구요... 둘 다 cookie로 넣고 사용해도 괜찮을까요? 아니면 access token만 3시간 정도로 제한하고 만료될 때마다 토큰을 발급해주는 형태로 하는 게 나을까요 ㅠㅠ\n\n(제가 뭐 분산 서버 구조가 있어서 토큰을 사용하는 것은 아니고 브라우저랑 로컬 응용 프로그램 모두 서버에 접근을 해야해서 토큰 구조를 이용하게 되었습니다.)\n\n계속 고민하다가 질문 남깁니다 ㅠㅠ 긴 글 읽어주셔서 감사합니다!',0,0,0,'2023-02-14 15:01:51.000000','2023-02-14 15:01:51.000000',0,0),(246,5,21,'페이지 이동을 해도 리스너가 저장되는 방법이 있을까요? (SPA 아님)','기존에 SPA로 했더니, 좀 문제가 이것저것 많아서 이번에는 전통적인 방식으로 만들려는데요.\n\n한가지 걸리는 게 전역적으로 이벤트 수신해야 되는 리스너가 하나 있습니다.\n\n이 리스너를 처음 연결된 상태로 페이지 이동해도 그대로 상태를 갖고 갈 수 있는 방법이 있을까요?\n\n일반 값들은 localStorage, sessionStorage 등을 쓰면 되는데, 리스너는 저런 비슷한 게 혹시 있을까요?',0,0,0,'2023-02-14 15:01:51.000000','2023-02-14 15:01:51.000000',0,0),(247,5,21,'스프링부트에서 thymleaf 없이 controller를 호출해서 context 파일의 html로 가는 방법이 있나요?','제목그대로 입니다\n\nthymleaf 사용하지 않고, url로 html 하지않고 controller에서 가고싶은데 계속 페이지를 못찾네요.',0,0,0,'2023-02-14 15:01:51.000000','2023-02-14 15:01:51.000000',0,0),(248,5,21,'import 경로 질문','import { instance, fileInstance } from \'./common/request\'\n\nimport { getUserInfo } from \'~/common/service/com/util\'\n\n이런 코드가 있는데\n\n./ 이거랑\n\n~/ 이거랑\n\n@/ 이거랑\n\n차이를 잘 모르겠는데 알려주시면 감사드리겠습니다 검색해도 잘 안나오네요..',0,0,0,'2023-02-14 15:01:51.000000','2023-02-14 15:01:51.000000',0,0),(249,5,21,'우분투 리눅스 lts 웹서버 하기위해 필요한것','리눅스 웹 페이지를 하기위해 필요한 것들이 뭐가 있을까요?....\n\n제가 아는거로는 아파치, 자바, 톰캣 밖에 없는데....다른게 더 필요할까요?',0,0,0,'2023-02-14 15:01:51.000000','2023-02-14 15:01:51.000000',0,0),(250,5,21,'자바스크립트 window.onload 관련 질문이요','ajax로 컨트롤러에서 받아온 jsp를 태그 안에 append로 추가하면 그 추가한 jsp안에 있는 window.onload가 실행이 안됩니다. 또 이상하게 새로고침 하면 실행이 되네요?\n\n그리고 $(function(){})나 $(document).ready 는 실행이 잘 되는데 window.onload에서만 안되요\n\nwindow.onload에서는 실행이 안되고 $(document).ready는 실행이 되는 이유가 뭘까요?',0,0,0,'2023-02-14 15:01:51.000000','2023-02-14 15:01:51.000000',0,0),(251,5,21,'[공지] 스터디장 하고 싶으신 분 연락주세요','싸탈합니다',0,0,0,'2023-02-14 15:01:51.000000','2023-02-14 15:01:51.000000',0,1),(252,5,21,'[공지] 오프라인 모임 시간 댓글 주세요','제목대로 입니다.',0,0,0,'2023-02-14 15:01:51.000000','2023-02-14 15:01:51.000000',0,1),(253,5,22,'자바스크립트, vue 매개변수 질문','const getUserInfo = (target = \'\') => {\n\n  const storage = getLocalStorage(\'common\')\n\n  if (storage !== null) {\n\n    return target === \'\' ? storage.userInfo : storage.userInfo[target]\n\n  }\n\n  return {}\n\n}\n\n이러한 코드가 있습니다. 근데 매개변수에 (target = \'\' ) 이렇게 되어있는데\n\n이거는 매개변수 뭐가 들어오든지 간에 무조건 \'\' 으로 셋팅 하겠다라는 말이 맞나요??',0,0,0,'2023-02-14 15:01:51.000000','2023-02-14 15:01:51.000000',0,0),(254,5,22,'Spring boot Security 멀티 로그인 페이지 구현 질문입니다','안녕하세요 선배님들\n\nspring boot security 구현중인 주니어 개발자입니다\n\njavaconfig 방식으로 admin 로그인 페이지와 user 로그인 페이지로 나누어 로그인 기능을 구현하고자 합니다.\n\nSecurityConfig.java 클래스 내부에\n\n@Order(1)\n\npublic static class UserAdapter\n\n@Order(2)\n\npublic static class AdminAdapter\n\n와 같은 방식으로\n\n/user/** 또는 /admin/** 등으로 각자 필터 체인 적용되도록 구현한 상태입니다.\n\ncustomAuthenticationProvider와 customAuthenticationFilter등 과 같은 커스텀 클래스 또한\n\n각자 적용 시킬 수 있는 방법이 아무리 찾아도 모르겠어서 3일째 주차중입니다 ㅠ\n\n선배님들의 고견 부탁드립니다.',0,0,0,'2023-02-14 15:01:51.000000','2023-02-14 15:01:51.000000',0,0),(255,5,22,'db jpa spring','스프링 개발 중에 구글에 대부분 좋아요기능을 만드는데 이것을 다대다?관계로 보는데 저는 다대다 관계가 아닌 단지 일대다 다대일로 이루어진 관계라고 보이는데 다대다 관계인가요?\n\n사람 - 좋아요 - 게시글\n\n단지 좋아요 테이블에 fk사람,fk게시글이 있다고 해서 다대다는 아니지않나요..? (논리적인 다대다 관계를 물리적으로 일대다 다대일로 해결이 아닌)\n\n제가 연관관계를 잘 이해를 못 하는건가...\n\n그냥 단지 다대일 일대다로 이루어진 관계구나 생각했는데 다대다라고 하는분들도 있어서 갑자기 헷갈리네요..',0,0,0,'2023-02-14 15:01:51.000000','2023-02-14 15:01:51.000000',0,0),(256,5,22,'spring 멀티 모듈은 aws 배포를 어떻게 하시나요?','현재 멀티모듈을 사용해서 module-api, module-batch 를 분리 해 두었습니다.\n\n이 경우에는 각각의 모듈을 각각의 ec2 인스턴스에 배포하나요?\n\n아니면 하나의 인스턴스에서 포트번호를 다르게 한다던가, 하는 방식이 더 일반적인가요?',0,0,0,'2023-02-14 15:01:51.000000','2023-02-14 15:01:51.000000',0,0),(257,5,22,'jwt 토큰 구조는 그냥 마음대로 사용해도 되는건가요?','기본적으로 jwt는 access token, refresh token이 있고 사용자가 access token이 만료되었는지 알 필요 없이 만료되었으면 refresh token으로 access token을 생성해주는 것으로 알고 있습니다. 두 토큰 저장 위치가 달라야 하구요.\n\n현재 제가 프론트 서버를 따로 두지않아 access token, refresh token 둘 다 cookie로 전달해야 하는 상황에 있습니다. 아무리 httpOnly 옵션을 걸고 뭘 한다고 하더라도 둘 다 cookie로 받아오는 건 구조상 이상하다는 생각이 들더라구요. 보안적인 측면에서도 refresh token은 탈취되어서는 안되는데 이게 같은 위치에 존재한다는 건 같은 보안 수준을 갖고 있다는 방증인데 뭔가 이상하다고 느꼈습니다. 그렇다고 refresh token을 DB의 회원 테이블에 넣어서 만료시 DB에서 꺼내서 갱신해준다는 건 \'토큰\'을 사용하는 의미가 퇴색된다고 생각하구요.\n\naccess token, refresh token의 위치가 달라야 하는데 저는 무조건 쿠키로만 보낼 수 없는 상황입니다. 토큰 구조도 무조건 사용이 되어야 합니다. 브라우저만 서버를 이용하는 게 아니라 응용 프로그램에서도 서버로 요청을 보내는 구조여서요... (사내 시스템입니다) 응용 프로그램에서 서버로 요청을 보낼 때도 토큰을 사용하고, 브라우저에서도 토큰을 사용해서 통신을 하는 구조로 생각하고 있는데 이럴 경우에 그냥 access token을 3시간 정도로 제한하고 refresh token을 두지 않고 접근만 하고 매번 갱신하는 구조로 하는 것도 생각 중입니다. 정답이 있는 건 아니라고 해도 대부분 비슷한 식으로 구현을 하시더라구요... 둘 다 cookie로 넣고 사용해도 괜찮을까요? 아니면 access token만 3시간 정도로 제한하고 만료될 때마다 토큰을 발급해주는 형태로 하는 게 나을까요 ㅠㅠ\n\n(제가 뭐 분산 서버 구조가 있어서 토큰을 사용하는 것은 아니고 브라우저랑 로컬 응용 프로그램 모두 서버에 접근을 해야해서 토큰 구조를 이용하게 되었습니다.)\n\n계속 고민하다가 질문 남깁니다 ㅠㅠ 긴 글 읽어주셔서 감사합니다!',0,0,0,'2023-02-14 15:01:51.000000','2023-02-14 15:01:51.000000',0,0),(258,5,22,'페이지 이동을 해도 리스너가 저장되는 방법이 있을까요? (SPA 아님)','기존에 SPA로 했더니, 좀 문제가 이것저것 많아서 이번에는 전통적인 방식으로 만들려는데요.\n\n한가지 걸리는 게 전역적으로 이벤트 수신해야 되는 리스너가 하나 있습니다.\n\n이 리스너를 처음 연결된 상태로 페이지 이동해도 그대로 상태를 갖고 갈 수 있는 방법이 있을까요?\n\n일반 값들은 localStorage, sessionStorage 등을 쓰면 되는데, 리스너는 저런 비슷한 게 혹시 있을까요?',0,0,0,'2023-02-14 15:01:51.000000','2023-02-14 15:01:51.000000',0,0),(259,5,22,'스프링부트에서 thymleaf 없이 controller를 호출해서 context 파일의 html로 가는 방법이 있나요?','제목그대로 입니다\n\nthymleaf 사용하지 않고, url로 html 하지않고 controller에서 가고싶은데 계속 페이지를 못찾네요.',0,0,0,'2023-02-14 15:01:51.000000','2023-02-14 15:01:51.000000',0,0),(260,5,22,'import 경로 질문','import { instance, fileInstance } from \'./common/request\'\n\nimport { getUserInfo } from \'~/common/service/com/util\'\n\n이런 코드가 있는데\n\n./ 이거랑\n\n~/ 이거랑\n\n@/ 이거랑\n\n차이를 잘 모르겠는데 알려주시면 감사드리겠습니다 검색해도 잘 안나오네요..',0,0,0,'2023-02-14 15:01:51.000000','2023-02-14 15:01:51.000000',0,0),(261,5,22,'우분투 리눅스 lts 웹서버 하기위해 필요한것','리눅스 웹 페이지를 하기위해 필요한 것들이 뭐가 있을까요?....\n\n제가 아는거로는 아파치, 자바, 톰캣 밖에 없는데....다른게 더 필요할까요?',0,0,0,'2023-02-14 15:01:51.000000','2023-02-14 15:01:51.000000',0,0),(262,5,22,'자바스크립트 window.onload 관련 질문이요','ajax로 컨트롤러에서 받아온 jsp를 태그 안에 append로 추가하면 그 추가한 jsp안에 있는 window.onload가 실행이 안됩니다. 또 이상하게 새로고침 하면 실행이 되네요?\n\n그리고 $(function(){})나 $(document).ready 는 실행이 잘 되는데 window.onload에서만 안되요\n\nwindow.onload에서는 실행이 안되고 $(document).ready는 실행이 되는 이유가 뭘까요?',0,0,0,'2023-02-14 15:01:51.000000','2023-02-14 15:01:51.000000',0,0),(263,5,22,'[공지] 스터디장 하고 싶으신 분 연락주세요','싸탈합니다',0,0,0,'2023-02-14 15:01:51.000000','2023-02-14 15:01:51.000000',0,1),(264,5,22,'[공지] 오프라인 모임 시간 댓글 주세요','제목대로 입니다.',0,0,0,'2023-02-14 15:01:51.000000','2023-02-14 15:01:51.000000',0,1),(265,5,23,'자바스크립트, vue 매개변수 질문','const getUserInfo = (target = \'\') => {\n\n  const storage = getLocalStorage(\'common\')\n\n  if (storage !== null) {\n\n    return target === \'\' ? storage.userInfo : storage.userInfo[target]\n\n  }\n\n  return {}\n\n}\n\n이러한 코드가 있습니다. 근데 매개변수에 (target = \'\' ) 이렇게 되어있는데\n\n이거는 매개변수 뭐가 들어오든지 간에 무조건 \'\' 으로 셋팅 하겠다라는 말이 맞나요??',0,0,0,'2023-02-14 15:01:51.000000','2023-02-14 15:01:51.000000',0,0),(266,5,23,'Spring boot Security 멀티 로그인 페이지 구현 질문입니다','안녕하세요 선배님들\n\nspring boot security 구현중인 주니어 개발자입니다\n\njavaconfig 방식으로 admin 로그인 페이지와 user 로그인 페이지로 나누어 로그인 기능을 구현하고자 합니다.\n\nSecurityConfig.java 클래스 내부에\n\n@Order(1)\n\npublic static class UserAdapter\n\n@Order(2)\n\npublic static class AdminAdapter\n\n와 같은 방식으로\n\n/user/** 또는 /admin/** 등으로 각자 필터 체인 적용되도록 구현한 상태입니다.\n\ncustomAuthenticationProvider와 customAuthenticationFilter등 과 같은 커스텀 클래스 또한\n\n각자 적용 시킬 수 있는 방법이 아무리 찾아도 모르겠어서 3일째 주차중입니다 ㅠ\n\n선배님들의 고견 부탁드립니다.',0,0,0,'2023-02-14 15:01:51.000000','2023-02-14 15:01:51.000000',0,0),(267,5,23,'db jpa spring','스프링 개발 중에 구글에 대부분 좋아요기능을 만드는데 이것을 다대다?관계로 보는데 저는 다대다 관계가 아닌 단지 일대다 다대일로 이루어진 관계라고 보이는데 다대다 관계인가요?\n\n사람 - 좋아요 - 게시글\n\n단지 좋아요 테이블에 fk사람,fk게시글이 있다고 해서 다대다는 아니지않나요..? (논리적인 다대다 관계를 물리적으로 일대다 다대일로 해결이 아닌)\n\n제가 연관관계를 잘 이해를 못 하는건가...\n\n그냥 단지 다대일 일대다로 이루어진 관계구나 생각했는데 다대다라고 하는분들도 있어서 갑자기 헷갈리네요..',0,0,0,'2023-02-14 15:01:51.000000','2023-02-14 15:01:51.000000',0,0),(268,5,23,'spring 멀티 모듈은 aws 배포를 어떻게 하시나요?','현재 멀티모듈을 사용해서 module-api, module-batch 를 분리 해 두었습니다.\n\n이 경우에는 각각의 모듈을 각각의 ec2 인스턴스에 배포하나요?\n\n아니면 하나의 인스턴스에서 포트번호를 다르게 한다던가, 하는 방식이 더 일반적인가요?',0,0,0,'2023-02-14 15:01:51.000000','2023-02-14 15:01:51.000000',0,0),(269,5,23,'jwt 토큰 구조는 그냥 마음대로 사용해도 되는건가요?','기본적으로 jwt는 access token, refresh token이 있고 사용자가 access token이 만료되었는지 알 필요 없이 만료되었으면 refresh token으로 access token을 생성해주는 것으로 알고 있습니다. 두 토큰 저장 위치가 달라야 하구요.\n\n현재 제가 프론트 서버를 따로 두지않아 access token, refresh token 둘 다 cookie로 전달해야 하는 상황에 있습니다. 아무리 httpOnly 옵션을 걸고 뭘 한다고 하더라도 둘 다 cookie로 받아오는 건 구조상 이상하다는 생각이 들더라구요. 보안적인 측면에서도 refresh token은 탈취되어서는 안되는데 이게 같은 위치에 존재한다는 건 같은 보안 수준을 갖고 있다는 방증인데 뭔가 이상하다고 느꼈습니다. 그렇다고 refresh token을 DB의 회원 테이블에 넣어서 만료시 DB에서 꺼내서 갱신해준다는 건 \'토큰\'을 사용하는 의미가 퇴색된다고 생각하구요.\n\naccess token, refresh token의 위치가 달라야 하는데 저는 무조건 쿠키로만 보낼 수 없는 상황입니다. 토큰 구조도 무조건 사용이 되어야 합니다. 브라우저만 서버를 이용하는 게 아니라 응용 프로그램에서도 서버로 요청을 보내는 구조여서요... (사내 시스템입니다) 응용 프로그램에서 서버로 요청을 보낼 때도 토큰을 사용하고, 브라우저에서도 토큰을 사용해서 통신을 하는 구조로 생각하고 있는데 이럴 경우에 그냥 access token을 3시간 정도로 제한하고 refresh token을 두지 않고 접근만 하고 매번 갱신하는 구조로 하는 것도 생각 중입니다. 정답이 있는 건 아니라고 해도 대부분 비슷한 식으로 구현을 하시더라구요... 둘 다 cookie로 넣고 사용해도 괜찮을까요? 아니면 access token만 3시간 정도로 제한하고 만료될 때마다 토큰을 발급해주는 형태로 하는 게 나을까요 ㅠㅠ\n\n(제가 뭐 분산 서버 구조가 있어서 토큰을 사용하는 것은 아니고 브라우저랑 로컬 응용 프로그램 모두 서버에 접근을 해야해서 토큰 구조를 이용하게 되었습니다.)\n\n계속 고민하다가 질문 남깁니다 ㅠㅠ 긴 글 읽어주셔서 감사합니다!',0,0,0,'2023-02-14 15:01:51.000000','2023-02-14 15:01:51.000000',0,0),(270,5,23,'페이지 이동을 해도 리스너가 저장되는 방법이 있을까요? (SPA 아님)','기존에 SPA로 했더니, 좀 문제가 이것저것 많아서 이번에는 전통적인 방식으로 만들려는데요.\n\n한가지 걸리는 게 전역적으로 이벤트 수신해야 되는 리스너가 하나 있습니다.\n\n이 리스너를 처음 연결된 상태로 페이지 이동해도 그대로 상태를 갖고 갈 수 있는 방법이 있을까요?\n\n일반 값들은 localStorage, sessionStorage 등을 쓰면 되는데, 리스너는 저런 비슷한 게 혹시 있을까요?',0,0,0,'2023-02-14 15:01:51.000000','2023-02-14 15:01:51.000000',0,0),(271,5,23,'스프링부트에서 thymleaf 없이 controller를 호출해서 context 파일의 html로 가는 방법이 있나요?','제목그대로 입니다\n\nthymleaf 사용하지 않고, url로 html 하지않고 controller에서 가고싶은데 계속 페이지를 못찾네요.',0,0,0,'2023-02-14 15:01:51.000000','2023-02-14 15:01:51.000000',0,0),(272,5,23,'import 경로 질문','import { instance, fileInstance } from \'./common/request\'\n\nimport { getUserInfo } from \'~/common/service/com/util\'\n\n이런 코드가 있는데\n\n./ 이거랑\n\n~/ 이거랑\n\n@/ 이거랑\n\n차이를 잘 모르겠는데 알려주시면 감사드리겠습니다 검색해도 잘 안나오네요..',0,0,0,'2023-02-14 15:01:51.000000','2023-02-14 15:01:51.000000',0,0),(273,5,23,'우분투 리눅스 lts 웹서버 하기위해 필요한것','리눅스 웹 페이지를 하기위해 필요한 것들이 뭐가 있을까요?....\n\n제가 아는거로는 아파치, 자바, 톰캣 밖에 없는데....다른게 더 필요할까요?',0,0,0,'2023-02-14 15:01:51.000000','2023-02-14 15:01:51.000000',0,0),(274,5,23,'자바스크립트 window.onload 관련 질문이요','ajax로 컨트롤러에서 받아온 jsp를 태그 안에 append로 추가하면 그 추가한 jsp안에 있는 window.onload가 실행이 안됩니다. 또 이상하게 새로고침 하면 실행이 되네요?\n\n그리고 $(function(){})나 $(document).ready 는 실행이 잘 되는데 window.onload에서만 안되요\n\nwindow.onload에서는 실행이 안되고 $(document).ready는 실행이 되는 이유가 뭘까요?',0,0,0,'2023-02-14 15:01:51.000000','2023-02-14 15:01:51.000000',0,0),(275,5,23,'[공지] 스터디장 하고 싶으신 분 연락주세요','싸탈합니다',0,0,0,'2023-02-14 15:01:51.000000','2023-02-14 15:01:51.000000',0,1),(276,5,23,'[공지] 오프라인 모임 시간 댓글 주세요','제목대로 입니다.',0,0,0,'2023-02-14 15:01:51.000000','2023-02-14 15:01:51.000000',0,1),(277,5,24,'자바스크립트, vue 매개변수 질문','const getUserInfo = (target = \'\') => {\n\n  const storage = getLocalStorage(\'common\')\n\n  if (storage !== null) {\n\n    return target === \'\' ? storage.userInfo : storage.userInfo[target]\n\n  }\n\n  return {}\n\n}\n\n이러한 코드가 있습니다. 근데 매개변수에 (target = \'\' ) 이렇게 되어있는데\n\n이거는 매개변수 뭐가 들어오든지 간에 무조건 \'\' 으로 셋팅 하겠다라는 말이 맞나요??',0,0,0,'2023-02-14 15:01:51.000000','2023-02-14 15:01:51.000000',0,0),(278,5,24,'Spring boot Security 멀티 로그인 페이지 구현 질문입니다','안녕하세요 선배님들\n\nspring boot security 구현중인 주니어 개발자입니다\n\njavaconfig 방식으로 admin 로그인 페이지와 user 로그인 페이지로 나누어 로그인 기능을 구현하고자 합니다.\n\nSecurityConfig.java 클래스 내부에\n\n@Order(1)\n\npublic static class UserAdapter\n\n@Order(2)\n\npublic static class AdminAdapter\n\n와 같은 방식으로\n\n/user/** 또는 /admin/** 등으로 각자 필터 체인 적용되도록 구현한 상태입니다.\n\ncustomAuthenticationProvider와 customAuthenticationFilter등 과 같은 커스텀 클래스 또한\n\n각자 적용 시킬 수 있는 방법이 아무리 찾아도 모르겠어서 3일째 주차중입니다 ㅠ\n\n선배님들의 고견 부탁드립니다.',0,0,0,'2023-02-14 15:01:51.000000','2023-02-14 15:01:51.000000',0,0),(279,5,24,'db jpa spring','스프링 개발 중에 구글에 대부분 좋아요기능을 만드는데 이것을 다대다?관계로 보는데 저는 다대다 관계가 아닌 단지 일대다 다대일로 이루어진 관계라고 보이는데 다대다 관계인가요?\n\n사람 - 좋아요 - 게시글\n\n단지 좋아요 테이블에 fk사람,fk게시글이 있다고 해서 다대다는 아니지않나요..? (논리적인 다대다 관계를 물리적으로 일대다 다대일로 해결이 아닌)\n\n제가 연관관계를 잘 이해를 못 하는건가...\n\n그냥 단지 다대일 일대다로 이루어진 관계구나 생각했는데 다대다라고 하는분들도 있어서 갑자기 헷갈리네요..',0,0,0,'2023-02-14 15:01:51.000000','2023-02-14 15:01:51.000000',0,0),(280,5,24,'spring 멀티 모듈은 aws 배포를 어떻게 하시나요?','현재 멀티모듈을 사용해서 module-api, module-batch 를 분리 해 두었습니다.\n\n이 경우에는 각각의 모듈을 각각의 ec2 인스턴스에 배포하나요?\n\n아니면 하나의 인스턴스에서 포트번호를 다르게 한다던가, 하는 방식이 더 일반적인가요?',0,0,0,'2023-02-14 15:01:51.000000','2023-02-14 15:01:51.000000',0,0),(281,5,24,'jwt 토큰 구조는 그냥 마음대로 사용해도 되는건가요?','기본적으로 jwt는 access token, refresh token이 있고 사용자가 access token이 만료되었는지 알 필요 없이 만료되었으면 refresh token으로 access token을 생성해주는 것으로 알고 있습니다. 두 토큰 저장 위치가 달라야 하구요.\n\n현재 제가 프론트 서버를 따로 두지않아 access token, refresh token 둘 다 cookie로 전달해야 하는 상황에 있습니다. 아무리 httpOnly 옵션을 걸고 뭘 한다고 하더라도 둘 다 cookie로 받아오는 건 구조상 이상하다는 생각이 들더라구요. 보안적인 측면에서도 refresh token은 탈취되어서는 안되는데 이게 같은 위치에 존재한다는 건 같은 보안 수준을 갖고 있다는 방증인데 뭔가 이상하다고 느꼈습니다. 그렇다고 refresh token을 DB의 회원 테이블에 넣어서 만료시 DB에서 꺼내서 갱신해준다는 건 \'토큰\'을 사용하는 의미가 퇴색된다고 생각하구요.\n\naccess token, refresh token의 위치가 달라야 하는데 저는 무조건 쿠키로만 보낼 수 없는 상황입니다. 토큰 구조도 무조건 사용이 되어야 합니다. 브라우저만 서버를 이용하는 게 아니라 응용 프로그램에서도 서버로 요청을 보내는 구조여서요... (사내 시스템입니다) 응용 프로그램에서 서버로 요청을 보낼 때도 토큰을 사용하고, 브라우저에서도 토큰을 사용해서 통신을 하는 구조로 생각하고 있는데 이럴 경우에 그냥 access token을 3시간 정도로 제한하고 refresh token을 두지 않고 접근만 하고 매번 갱신하는 구조로 하는 것도 생각 중입니다. 정답이 있는 건 아니라고 해도 대부분 비슷한 식으로 구현을 하시더라구요... 둘 다 cookie로 넣고 사용해도 괜찮을까요? 아니면 access token만 3시간 정도로 제한하고 만료될 때마다 토큰을 발급해주는 형태로 하는 게 나을까요 ㅠㅠ\n\n(제가 뭐 분산 서버 구조가 있어서 토큰을 사용하는 것은 아니고 브라우저랑 로컬 응용 프로그램 모두 서버에 접근을 해야해서 토큰 구조를 이용하게 되었습니다.)\n\n계속 고민하다가 질문 남깁니다 ㅠㅠ 긴 글 읽어주셔서 감사합니다!',0,0,0,'2023-02-14 15:01:51.000000','2023-02-14 15:01:51.000000',0,0),(282,5,24,'페이지 이동을 해도 리스너가 저장되는 방법이 있을까요? (SPA 아님)','기존에 SPA로 했더니, 좀 문제가 이것저것 많아서 이번에는 전통적인 방식으로 만들려는데요.\n\n한가지 걸리는 게 전역적으로 이벤트 수신해야 되는 리스너가 하나 있습니다.\n\n이 리스너를 처음 연결된 상태로 페이지 이동해도 그대로 상태를 갖고 갈 수 있는 방법이 있을까요?\n\n일반 값들은 localStorage, sessionStorage 등을 쓰면 되는데, 리스너는 저런 비슷한 게 혹시 있을까요?',0,0,0,'2023-02-14 15:01:51.000000','2023-02-14 15:01:51.000000',0,0),(283,5,24,'스프링부트에서 thymleaf 없이 controller를 호출해서 context 파일의 html로 가는 방법이 있나요?','제목그대로 입니다\n\nthymleaf 사용하지 않고, url로 html 하지않고 controller에서 가고싶은데 계속 페이지를 못찾네요.',0,0,0,'2023-02-14 15:01:51.000000','2023-02-14 15:01:51.000000',0,0),(284,5,24,'import 경로 질문','import { instance, fileInstance } from \'./common/request\'\n\nimport { getUserInfo } from \'~/common/service/com/util\'\n\n이런 코드가 있는데\n\n./ 이거랑\n\n~/ 이거랑\n\n@/ 이거랑\n\n차이를 잘 모르겠는데 알려주시면 감사드리겠습니다 검색해도 잘 안나오네요..',0,0,0,'2023-02-14 15:01:51.000000','2023-02-14 15:01:51.000000',0,0),(285,5,24,'우분투 리눅스 lts 웹서버 하기위해 필요한것','리눅스 웹 페이지를 하기위해 필요한 것들이 뭐가 있을까요?....\n\n제가 아는거로는 아파치, 자바, 톰캣 밖에 없는데....다른게 더 필요할까요?',0,0,0,'2023-02-14 15:01:51.000000','2023-02-14 15:01:51.000000',0,0),(286,5,24,'자바스크립트 window.onload 관련 질문이요','ajax로 컨트롤러에서 받아온 jsp를 태그 안에 append로 추가하면 그 추가한 jsp안에 있는 window.onload가 실행이 안됩니다. 또 이상하게 새로고침 하면 실행이 되네요?\n\n그리고 $(function(){})나 $(document).ready 는 실행이 잘 되는데 window.onload에서만 안되요\n\nwindow.onload에서는 실행이 안되고 $(document).ready는 실행이 되는 이유가 뭘까요?',0,0,0,'2023-02-14 15:01:51.000000','2023-02-14 15:01:51.000000',0,0),(287,5,24,'[공지] 스터디장 하고 싶으신 분 연락주세요','싸탈합니다',0,0,0,'2023-02-14 15:01:51.000000','2023-02-14 15:01:51.000000',0,1),(288,5,24,'[공지] 오프라인 모임 시간 댓글 주세요','제목대로 입니다.',0,0,0,'2023-02-14 15:01:51.000000','2023-02-14 15:01:51.000000',0,1),(289,5,25,'자바스크립트, vue 매개변수 질문','const getUserInfo = (target = \'\') => {\n\n  const storage = getLocalStorage(\'common\')\n\n  if (storage !== null) {\n\n    return target === \'\' ? storage.userInfo : storage.userInfo[target]\n\n  }\n\n  return {}\n\n}\n\n이러한 코드가 있습니다. 근데 매개변수에 (target = \'\' ) 이렇게 되어있는데\n\n이거는 매개변수 뭐가 들어오든지 간에 무조건 \'\' 으로 셋팅 하겠다라는 말이 맞나요??',0,0,0,'2023-02-14 15:01:51.000000','2023-02-14 15:01:51.000000',0,0),(290,5,25,'Spring boot Security 멀티 로그인 페이지 구현 질문입니다','안녕하세요 선배님들\n\nspring boot security 구현중인 주니어 개발자입니다\n\njavaconfig 방식으로 admin 로그인 페이지와 user 로그인 페이지로 나누어 로그인 기능을 구현하고자 합니다.\n\nSecurityConfig.java 클래스 내부에\n\n@Order(1)\n\npublic static class UserAdapter\n\n@Order(2)\n\npublic static class AdminAdapter\n\n와 같은 방식으로\n\n/user/** 또는 /admin/** 등으로 각자 필터 체인 적용되도록 구현한 상태입니다.\n\ncustomAuthenticationProvider와 customAuthenticationFilter등 과 같은 커스텀 클래스 또한\n\n각자 적용 시킬 수 있는 방법이 아무리 찾아도 모르겠어서 3일째 주차중입니다 ㅠ\n\n선배님들의 고견 부탁드립니다.',0,0,0,'2023-02-14 15:01:51.000000','2023-02-14 15:01:51.000000',0,0),(291,5,25,'db jpa spring','스프링 개발 중에 구글에 대부분 좋아요기능을 만드는데 이것을 다대다?관계로 보는데 저는 다대다 관계가 아닌 단지 일대다 다대일로 이루어진 관계라고 보이는데 다대다 관계인가요?\n\n사람 - 좋아요 - 게시글\n\n단지 좋아요 테이블에 fk사람,fk게시글이 있다고 해서 다대다는 아니지않나요..? (논리적인 다대다 관계를 물리적으로 일대다 다대일로 해결이 아닌)\n\n제가 연관관계를 잘 이해를 못 하는건가...\n\n그냥 단지 다대일 일대다로 이루어진 관계구나 생각했는데 다대다라고 하는분들도 있어서 갑자기 헷갈리네요..',0,0,0,'2023-02-14 15:01:51.000000','2023-02-14 15:01:51.000000',0,0),(292,5,25,'spring 멀티 모듈은 aws 배포를 어떻게 하시나요?','현재 멀티모듈을 사용해서 module-api, module-batch 를 분리 해 두었습니다.\n\n이 경우에는 각각의 모듈을 각각의 ec2 인스턴스에 배포하나요?\n\n아니면 하나의 인스턴스에서 포트번호를 다르게 한다던가, 하는 방식이 더 일반적인가요?',0,0,0,'2023-02-14 15:01:51.000000','2023-02-14 15:01:51.000000',0,0),(293,5,25,'jwt 토큰 구조는 그냥 마음대로 사용해도 되는건가요?','기본적으로 jwt는 access token, refresh token이 있고 사용자가 access token이 만료되었는지 알 필요 없이 만료되었으면 refresh token으로 access token을 생성해주는 것으로 알고 있습니다. 두 토큰 저장 위치가 달라야 하구요.\n\n현재 제가 프론트 서버를 따로 두지않아 access token, refresh token 둘 다 cookie로 전달해야 하는 상황에 있습니다. 아무리 httpOnly 옵션을 걸고 뭘 한다고 하더라도 둘 다 cookie로 받아오는 건 구조상 이상하다는 생각이 들더라구요. 보안적인 측면에서도 refresh token은 탈취되어서는 안되는데 이게 같은 위치에 존재한다는 건 같은 보안 수준을 갖고 있다는 방증인데 뭔가 이상하다고 느꼈습니다. 그렇다고 refresh token을 DB의 회원 테이블에 넣어서 만료시 DB에서 꺼내서 갱신해준다는 건 \'토큰\'을 사용하는 의미가 퇴색된다고 생각하구요.\n\naccess token, refresh token의 위치가 달라야 하는데 저는 무조건 쿠키로만 보낼 수 없는 상황입니다. 토큰 구조도 무조건 사용이 되어야 합니다. 브라우저만 서버를 이용하는 게 아니라 응용 프로그램에서도 서버로 요청을 보내는 구조여서요... (사내 시스템입니다) 응용 프로그램에서 서버로 요청을 보낼 때도 토큰을 사용하고, 브라우저에서도 토큰을 사용해서 통신을 하는 구조로 생각하고 있는데 이럴 경우에 그냥 access token을 3시간 정도로 제한하고 refresh token을 두지 않고 접근만 하고 매번 갱신하는 구조로 하는 것도 생각 중입니다. 정답이 있는 건 아니라고 해도 대부분 비슷한 식으로 구현을 하시더라구요... 둘 다 cookie로 넣고 사용해도 괜찮을까요? 아니면 access token만 3시간 정도로 제한하고 만료될 때마다 토큰을 발급해주는 형태로 하는 게 나을까요 ㅠㅠ\n\n(제가 뭐 분산 서버 구조가 있어서 토큰을 사용하는 것은 아니고 브라우저랑 로컬 응용 프로그램 모두 서버에 접근을 해야해서 토큰 구조를 이용하게 되었습니다.)\n\n계속 고민하다가 질문 남깁니다 ㅠㅠ 긴 글 읽어주셔서 감사합니다!',0,0,0,'2023-02-14 15:01:51.000000','2023-02-14 15:01:51.000000',0,0),(294,5,25,'페이지 이동을 해도 리스너가 저장되는 방법이 있을까요? (SPA 아님)','기존에 SPA로 했더니, 좀 문제가 이것저것 많아서 이번에는 전통적인 방식으로 만들려는데요.\n\n한가지 걸리는 게 전역적으로 이벤트 수신해야 되는 리스너가 하나 있습니다.\n\n이 리스너를 처음 연결된 상태로 페이지 이동해도 그대로 상태를 갖고 갈 수 있는 방법이 있을까요?\n\n일반 값들은 localStorage, sessionStorage 등을 쓰면 되는데, 리스너는 저런 비슷한 게 혹시 있을까요?',0,0,0,'2023-02-14 15:01:51.000000','2023-02-14 15:01:51.000000',0,0),(295,5,25,'스프링부트에서 thymleaf 없이 controller를 호출해서 context 파일의 html로 가는 방법이 있나요?','제목그대로 입니다\n\nthymleaf 사용하지 않고, url로 html 하지않고 controller에서 가고싶은데 계속 페이지를 못찾네요.',0,0,0,'2023-02-14 15:01:51.000000','2023-02-14 15:01:51.000000',0,0),(296,5,25,'import 경로 질문','import { instance, fileInstance } from \'./common/request\'\n\nimport { getUserInfo } from \'~/common/service/com/util\'\n\n이런 코드가 있는데\n\n./ 이거랑\n\n~/ 이거랑\n\n@/ 이거랑\n\n차이를 잘 모르겠는데 알려주시면 감사드리겠습니다 검색해도 잘 안나오네요..',0,0,0,'2023-02-14 15:01:51.000000','2023-02-14 15:01:51.000000',0,0),(297,5,25,'우분투 리눅스 lts 웹서버 하기위해 필요한것','리눅스 웹 페이지를 하기위해 필요한 것들이 뭐가 있을까요?....\n\n제가 아는거로는 아파치, 자바, 톰캣 밖에 없는데....다른게 더 필요할까요?',0,0,0,'2023-02-14 15:01:51.000000','2023-02-14 15:01:51.000000',0,0),(298,5,25,'자바스크립트 window.onload 관련 질문이요','ajax로 컨트롤러에서 받아온 jsp를 태그 안에 append로 추가하면 그 추가한 jsp안에 있는 window.onload가 실행이 안됩니다. 또 이상하게 새로고침 하면 실행이 되네요?\n\n그리고 $(function(){})나 $(document).ready 는 실행이 잘 되는데 window.onload에서만 안되요\n\nwindow.onload에서는 실행이 안되고 $(document).ready는 실행이 되는 이유가 뭘까요?',0,0,0,'2023-02-14 15:01:51.000000','2023-02-14 15:01:51.000000',0,0),(299,5,25,'[공지] 스터디장 하고 싶으신 분 연락주세요','싸탈합니다',0,0,0,'2023-02-14 15:01:51.000000','2023-02-14 15:01:51.000000',0,1),(300,5,25,'[공지] 오프라인 모임 시간 댓글 주세요','제목대로 입니다.',0,0,0,'2023-02-14 15:01:51.000000','2023-02-14 15:01:51.000000',0,1),(301,6,26,'자바스크립트, vue 매개변수 질문','const getUserInfo = (target = \'\') => {\n\n  const storage = getLocalStorage(\'common\')\n\n  if (storage !== null) {\n\n    return target === \'\' ? storage.userInfo : storage.userInfo[target]\n\n  }\n\n  return {}\n\n}\n\n이러한 코드가 있습니다. 근데 매개변수에 (target = \'\' ) 이렇게 되어있는데\n\n이거는 매개변수 뭐가 들어오든지 간에 무조건 \'\' 으로 셋팅 하겠다라는 말이 맞나요??',0,0,0,'2023-02-14 15:01:51.000000','2023-02-14 15:01:51.000000',0,0),(302,6,26,'Spring boot Security 멀티 로그인 페이지 구현 질문입니다','안녕하세요 선배님들\n\nspring boot security 구현중인 주니어 개발자입니다\n\njavaconfig 방식으로 admin 로그인 페이지와 user 로그인 페이지로 나누어 로그인 기능을 구현하고자 합니다.\n\nSecurityConfig.java 클래스 내부에\n\n@Order(1)\n\npublic static class UserAdapter\n\n@Order(2)\n\npublic static class AdminAdapter\n\n와 같은 방식으로\n\n/user/** 또는 /admin/** 등으로 각자 필터 체인 적용되도록 구현한 상태입니다.\n\ncustomAuthenticationProvider와 customAuthenticationFilter등 과 같은 커스텀 클래스 또한\n\n각자 적용 시킬 수 있는 방법이 아무리 찾아도 모르겠어서 3일째 주차중입니다 ㅠ\n\n선배님들의 고견 부탁드립니다.',0,0,0,'2023-02-14 15:01:51.000000','2023-02-14 15:01:51.000000',0,0),(303,6,26,'db jpa spring','스프링 개발 중에 구글에 대부분 좋아요기능을 만드는데 이것을 다대다?관계로 보는데 저는 다대다 관계가 아닌 단지 일대다 다대일로 이루어진 관계라고 보이는데 다대다 관계인가요?\n\n사람 - 좋아요 - 게시글\n\n단지 좋아요 테이블에 fk사람,fk게시글이 있다고 해서 다대다는 아니지않나요..? (논리적인 다대다 관계를 물리적으로 일대다 다대일로 해결이 아닌)\n\n제가 연관관계를 잘 이해를 못 하는건가...\n\n그냥 단지 다대일 일대다로 이루어진 관계구나 생각했는데 다대다라고 하는분들도 있어서 갑자기 헷갈리네요..',0,0,0,'2023-02-14 15:01:51.000000','2023-02-14 15:01:51.000000',0,0),(304,6,26,'spring 멀티 모듈은 aws 배포를 어떻게 하시나요?','현재 멀티모듈을 사용해서 module-api, module-batch 를 분리 해 두었습니다.\n\n이 경우에는 각각의 모듈을 각각의 ec2 인스턴스에 배포하나요?\n\n아니면 하나의 인스턴스에서 포트번호를 다르게 한다던가, 하는 방식이 더 일반적인가요?',0,0,0,'2023-02-14 15:01:51.000000','2023-02-14 15:01:51.000000',0,0),(305,6,26,'jwt 토큰 구조는 그냥 마음대로 사용해도 되는건가요?','기본적으로 jwt는 access token, refresh token이 있고 사용자가 access token이 만료되었는지 알 필요 없이 만료되었으면 refresh token으로 access token을 생성해주는 것으로 알고 있습니다. 두 토큰 저장 위치가 달라야 하구요.\n\n현재 제가 프론트 서버를 따로 두지않아 access token, refresh token 둘 다 cookie로 전달해야 하는 상황에 있습니다. 아무리 httpOnly 옵션을 걸고 뭘 한다고 하더라도 둘 다 cookie로 받아오는 건 구조상 이상하다는 생각이 들더라구요. 보안적인 측면에서도 refresh token은 탈취되어서는 안되는데 이게 같은 위치에 존재한다는 건 같은 보안 수준을 갖고 있다는 방증인데 뭔가 이상하다고 느꼈습니다. 그렇다고 refresh token을 DB의 회원 테이블에 넣어서 만료시 DB에서 꺼내서 갱신해준다는 건 \'토큰\'을 사용하는 의미가 퇴색된다고 생각하구요.\n\naccess token, refresh token의 위치가 달라야 하는데 저는 무조건 쿠키로만 보낼 수 없는 상황입니다. 토큰 구조도 무조건 사용이 되어야 합니다. 브라우저만 서버를 이용하는 게 아니라 응용 프로그램에서도 서버로 요청을 보내는 구조여서요... (사내 시스템입니다) 응용 프로그램에서 서버로 요청을 보낼 때도 토큰을 사용하고, 브라우저에서도 토큰을 사용해서 통신을 하는 구조로 생각하고 있는데 이럴 경우에 그냥 access token을 3시간 정도로 제한하고 refresh token을 두지 않고 접근만 하고 매번 갱신하는 구조로 하는 것도 생각 중입니다. 정답이 있는 건 아니라고 해도 대부분 비슷한 식으로 구현을 하시더라구요... 둘 다 cookie로 넣고 사용해도 괜찮을까요? 아니면 access token만 3시간 정도로 제한하고 만료될 때마다 토큰을 발급해주는 형태로 하는 게 나을까요 ㅠㅠ\n\n(제가 뭐 분산 서버 구조가 있어서 토큰을 사용하는 것은 아니고 브라우저랑 로컬 응용 프로그램 모두 서버에 접근을 해야해서 토큰 구조를 이용하게 되었습니다.)\n\n계속 고민하다가 질문 남깁니다 ㅠㅠ 긴 글 읽어주셔서 감사합니다!',0,0,0,'2023-02-14 15:01:51.000000','2023-02-14 15:01:51.000000',0,0),(306,6,26,'페이지 이동을 해도 리스너가 저장되는 방법이 있을까요? (SPA 아님)','기존에 SPA로 했더니, 좀 문제가 이것저것 많아서 이번에는 전통적인 방식으로 만들려는데요.\n\n한가지 걸리는 게 전역적으로 이벤트 수신해야 되는 리스너가 하나 있습니다.\n\n이 리스너를 처음 연결된 상태로 페이지 이동해도 그대로 상태를 갖고 갈 수 있는 방법이 있을까요?\n\n일반 값들은 localStorage, sessionStorage 등을 쓰면 되는데, 리스너는 저런 비슷한 게 혹시 있을까요?',0,0,0,'2023-02-14 15:01:51.000000','2023-02-14 15:01:51.000000',0,0),(307,6,26,'스프링부트에서 thymleaf 없이 controller를 호출해서 context 파일의 html로 가는 방법이 있나요?','제목그대로 입니다\n\nthymleaf 사용하지 않고, url로 html 하지않고 controller에서 가고싶은데 계속 페이지를 못찾네요.',0,0,0,'2023-02-14 15:01:51.000000','2023-02-14 15:01:51.000000',0,0),(308,6,26,'import 경로 질문','import { instance, fileInstance } from \'./common/request\'\n\nimport { getUserInfo } from \'~/common/service/com/util\'\n\n이런 코드가 있는데\n\n./ 이거랑\n\n~/ 이거랑\n\n@/ 이거랑\n\n차이를 잘 모르겠는데 알려주시면 감사드리겠습니다 검색해도 잘 안나오네요..',0,0,0,'2023-02-14 15:01:51.000000','2023-02-14 15:01:51.000000',0,0),(309,6,26,'우분투 리눅스 lts 웹서버 하기위해 필요한것','리눅스 웹 페이지를 하기위해 필요한 것들이 뭐가 있을까요?....\n\n제가 아는거로는 아파치, 자바, 톰캣 밖에 없는데....다른게 더 필요할까요?',0,0,0,'2023-02-14 15:01:51.000000','2023-02-14 15:01:51.000000',0,0),(310,6,26,'자바스크립트 window.onload 관련 질문이요','ajax로 컨트롤러에서 받아온 jsp를 태그 안에 append로 추가하면 그 추가한 jsp안에 있는 window.onload가 실행이 안됩니다. 또 이상하게 새로고침 하면 실행이 되네요?\n\n그리고 $(function(){})나 $(document).ready 는 실행이 잘 되는데 window.onload에서만 안되요\n\nwindow.onload에서는 실행이 안되고 $(document).ready는 실행이 되는 이유가 뭘까요?',0,0,0,'2023-02-14 15:01:51.000000','2023-02-14 15:01:51.000000',0,0),(311,6,26,'[공지] 스터디장 하고 싶으신 분 연락주세요','싸탈합니다',0,0,0,'2023-02-14 15:01:51.000000','2023-02-14 15:01:51.000000',0,1),(312,6,26,'[공지] 오프라인 모임 시간 댓글 주세요','제목대로 입니다.',0,0,0,'2023-02-14 15:01:51.000000','2023-02-14 15:01:51.000000',0,1),(313,6,27,'자바스크립트, vue 매개변수 질문','const getUserInfo = (target = \'\') => {\n\n  const storage = getLocalStorage(\'common\')\n\n  if (storage !== null) {\n\n    return target === \'\' ? storage.userInfo : storage.userInfo[target]\n\n  }\n\n  return {}\n\n}\n\n이러한 코드가 있습니다. 근데 매개변수에 (target = \'\' ) 이렇게 되어있는데\n\n이거는 매개변수 뭐가 들어오든지 간에 무조건 \'\' 으로 셋팅 하겠다라는 말이 맞나요??',0,0,0,'2023-02-14 15:01:51.000000','2023-02-14 15:01:51.000000',0,0),(314,6,27,'Spring boot Security 멀티 로그인 페이지 구현 질문입니다','안녕하세요 선배님들\n\nspring boot security 구현중인 주니어 개발자입니다\n\njavaconfig 방식으로 admin 로그인 페이지와 user 로그인 페이지로 나누어 로그인 기능을 구현하고자 합니다.\n\nSecurityConfig.java 클래스 내부에\n\n@Order(1)\n\npublic static class UserAdapter\n\n@Order(2)\n\npublic static class AdminAdapter\n\n와 같은 방식으로\n\n/user/** 또는 /admin/** 등으로 각자 필터 체인 적용되도록 구현한 상태입니다.\n\ncustomAuthenticationProvider와 customAuthenticationFilter등 과 같은 커스텀 클래스 또한\n\n각자 적용 시킬 수 있는 방법이 아무리 찾아도 모르겠어서 3일째 주차중입니다 ㅠ\n\n선배님들의 고견 부탁드립니다.',0,0,0,'2023-02-14 15:01:51.000000','2023-02-14 15:01:51.000000',0,0),(315,6,27,'db jpa spring','스프링 개발 중에 구글에 대부분 좋아요기능을 만드는데 이것을 다대다?관계로 보는데 저는 다대다 관계가 아닌 단지 일대다 다대일로 이루어진 관계라고 보이는데 다대다 관계인가요?\n\n사람 - 좋아요 - 게시글\n\n단지 좋아요 테이블에 fk사람,fk게시글이 있다고 해서 다대다는 아니지않나요..? (논리적인 다대다 관계를 물리적으로 일대다 다대일로 해결이 아닌)\n\n제가 연관관계를 잘 이해를 못 하는건가...\n\n그냥 단지 다대일 일대다로 이루어진 관계구나 생각했는데 다대다라고 하는분들도 있어서 갑자기 헷갈리네요..',0,0,0,'2023-02-14 15:01:51.000000','2023-02-14 15:01:51.000000',0,0),(316,6,27,'spring 멀티 모듈은 aws 배포를 어떻게 하시나요?','현재 멀티모듈을 사용해서 module-api, module-batch 를 분리 해 두었습니다.\n\n이 경우에는 각각의 모듈을 각각의 ec2 인스턴스에 배포하나요?\n\n아니면 하나의 인스턴스에서 포트번호를 다르게 한다던가, 하는 방식이 더 일반적인가요?',0,0,0,'2023-02-14 15:01:51.000000','2023-02-14 15:01:51.000000',0,0),(317,6,27,'jwt 토큰 구조는 그냥 마음대로 사용해도 되는건가요?','기본적으로 jwt는 access token, refresh token이 있고 사용자가 access token이 만료되었는지 알 필요 없이 만료되었으면 refresh token으로 access token을 생성해주는 것으로 알고 있습니다. 두 토큰 저장 위치가 달라야 하구요.\n\n현재 제가 프론트 서버를 따로 두지않아 access token, refresh token 둘 다 cookie로 전달해야 하는 상황에 있습니다. 아무리 httpOnly 옵션을 걸고 뭘 한다고 하더라도 둘 다 cookie로 받아오는 건 구조상 이상하다는 생각이 들더라구요. 보안적인 측면에서도 refresh token은 탈취되어서는 안되는데 이게 같은 위치에 존재한다는 건 같은 보안 수준을 갖고 있다는 방증인데 뭔가 이상하다고 느꼈습니다. 그렇다고 refresh token을 DB의 회원 테이블에 넣어서 만료시 DB에서 꺼내서 갱신해준다는 건 \'토큰\'을 사용하는 의미가 퇴색된다고 생각하구요.\n\naccess token, refresh token의 위치가 달라야 하는데 저는 무조건 쿠키로만 보낼 수 없는 상황입니다. 토큰 구조도 무조건 사용이 되어야 합니다. 브라우저만 서버를 이용하는 게 아니라 응용 프로그램에서도 서버로 요청을 보내는 구조여서요... (사내 시스템입니다) 응용 프로그램에서 서버로 요청을 보낼 때도 토큰을 사용하고, 브라우저에서도 토큰을 사용해서 통신을 하는 구조로 생각하고 있는데 이럴 경우에 그냥 access token을 3시간 정도로 제한하고 refresh token을 두지 않고 접근만 하고 매번 갱신하는 구조로 하는 것도 생각 중입니다. 정답이 있는 건 아니라고 해도 대부분 비슷한 식으로 구현을 하시더라구요... 둘 다 cookie로 넣고 사용해도 괜찮을까요? 아니면 access token만 3시간 정도로 제한하고 만료될 때마다 토큰을 발급해주는 형태로 하는 게 나을까요 ㅠㅠ\n\n(제가 뭐 분산 서버 구조가 있어서 토큰을 사용하는 것은 아니고 브라우저랑 로컬 응용 프로그램 모두 서버에 접근을 해야해서 토큰 구조를 이용하게 되었습니다.)\n\n계속 고민하다가 질문 남깁니다 ㅠㅠ 긴 글 읽어주셔서 감사합니다!',0,0,0,'2023-02-14 15:01:51.000000','2023-02-14 15:01:51.000000',0,0),(318,6,27,'페이지 이동을 해도 리스너가 저장되는 방법이 있을까요? (SPA 아님)','기존에 SPA로 했더니, 좀 문제가 이것저것 많아서 이번에는 전통적인 방식으로 만들려는데요.\n\n한가지 걸리는 게 전역적으로 이벤트 수신해야 되는 리스너가 하나 있습니다.\n\n이 리스너를 처음 연결된 상태로 페이지 이동해도 그대로 상태를 갖고 갈 수 있는 방법이 있을까요?\n\n일반 값들은 localStorage, sessionStorage 등을 쓰면 되는데, 리스너는 저런 비슷한 게 혹시 있을까요?',0,0,0,'2023-02-14 15:01:51.000000','2023-02-14 15:01:51.000000',0,0),(319,6,27,'스프링부트에서 thymleaf 없이 controller를 호출해서 context 파일의 html로 가는 방법이 있나요?','제목그대로 입니다\n\nthymleaf 사용하지 않고, url로 html 하지않고 controller에서 가고싶은데 계속 페이지를 못찾네요.',0,0,0,'2023-02-14 15:01:51.000000','2023-02-14 15:01:51.000000',0,0),(320,6,27,'import 경로 질문','import { instance, fileInstance } from \'./common/request\'\n\nimport { getUserInfo } from \'~/common/service/com/util\'\n\n이런 코드가 있는데\n\n./ 이거랑\n\n~/ 이거랑\n\n@/ 이거랑\n\n차이를 잘 모르겠는데 알려주시면 감사드리겠습니다 검색해도 잘 안나오네요..',0,0,0,'2023-02-14 15:01:51.000000','2023-02-14 15:01:51.000000',0,0),(321,6,27,'우분투 리눅스 lts 웹서버 하기위해 필요한것','리눅스 웹 페이지를 하기위해 필요한 것들이 뭐가 있을까요?....\n\n제가 아는거로는 아파치, 자바, 톰캣 밖에 없는데....다른게 더 필요할까요?',0,0,0,'2023-02-14 15:01:51.000000','2023-02-14 15:01:51.000000',0,0),(322,6,27,'자바스크립트 window.onload 관련 질문이요','ajax로 컨트롤러에서 받아온 jsp를 태그 안에 append로 추가하면 그 추가한 jsp안에 있는 window.onload가 실행이 안됩니다. 또 이상하게 새로고침 하면 실행이 되네요?\n\n그리고 $(function(){})나 $(document).ready 는 실행이 잘 되는데 window.onload에서만 안되요\n\nwindow.onload에서는 실행이 안되고 $(document).ready는 실행이 되는 이유가 뭘까요?',0,0,0,'2023-02-14 15:01:51.000000','2023-02-14 15:01:51.000000',0,0),(323,6,27,'[공지] 스터디장 하고 싶으신 분 연락주세요','싸탈합니다',0,0,0,'2023-02-14 15:01:51.000000','2023-02-14 15:01:51.000000',0,1),(324,6,27,'[공지] 오프라인 모임 시간 댓글 주세요','제목대로 입니다.',0,0,0,'2023-02-14 15:01:51.000000','2023-02-14 15:01:51.000000',0,1),(325,6,28,'자바스크립트, vue 매개변수 질문','const getUserInfo = (target = \'\') => {\n\n  const storage = getLocalStorage(\'common\')\n\n  if (storage !== null) {\n\n    return target === \'\' ? storage.userInfo : storage.userInfo[target]\n\n  }\n\n  return {}\n\n}\n\n이러한 코드가 있습니다. 근데 매개변수에 (target = \'\' ) 이렇게 되어있는데\n\n이거는 매개변수 뭐가 들어오든지 간에 무조건 \'\' 으로 셋팅 하겠다라는 말이 맞나요??',0,0,0,'2023-02-14 15:01:51.000000','2023-02-14 15:01:51.000000',0,0),(326,6,28,'Spring boot Security 멀티 로그인 페이지 구현 질문입니다','안녕하세요 선배님들\n\nspring boot security 구현중인 주니어 개발자입니다\n\njavaconfig 방식으로 admin 로그인 페이지와 user 로그인 페이지로 나누어 로그인 기능을 구현하고자 합니다.\n\nSecurityConfig.java 클래스 내부에\n\n@Order(1)\n\npublic static class UserAdapter\n\n@Order(2)\n\npublic static class AdminAdapter\n\n와 같은 방식으로\n\n/user/** 또는 /admin/** 등으로 각자 필터 체인 적용되도록 구현한 상태입니다.\n\ncustomAuthenticationProvider와 customAuthenticationFilter등 과 같은 커스텀 클래스 또한\n\n각자 적용 시킬 수 있는 방법이 아무리 찾아도 모르겠어서 3일째 주차중입니다 ㅠ\n\n선배님들의 고견 부탁드립니다.',0,0,0,'2023-02-14 15:01:51.000000','2023-02-14 15:01:51.000000',0,0),(327,6,28,'db jpa spring','스프링 개발 중에 구글에 대부분 좋아요기능을 만드는데 이것을 다대다?관계로 보는데 저는 다대다 관계가 아닌 단지 일대다 다대일로 이루어진 관계라고 보이는데 다대다 관계인가요?\n\n사람 - 좋아요 - 게시글\n\n단지 좋아요 테이블에 fk사람,fk게시글이 있다고 해서 다대다는 아니지않나요..? (논리적인 다대다 관계를 물리적으로 일대다 다대일로 해결이 아닌)\n\n제가 연관관계를 잘 이해를 못 하는건가...\n\n그냥 단지 다대일 일대다로 이루어진 관계구나 생각했는데 다대다라고 하는분들도 있어서 갑자기 헷갈리네요..',0,0,0,'2023-02-14 15:01:51.000000','2023-02-14 15:01:51.000000',0,0),(328,6,28,'spring 멀티 모듈은 aws 배포를 어떻게 하시나요?','현재 멀티모듈을 사용해서 module-api, module-batch 를 분리 해 두었습니다.\n\n이 경우에는 각각의 모듈을 각각의 ec2 인스턴스에 배포하나요?\n\n아니면 하나의 인스턴스에서 포트번호를 다르게 한다던가, 하는 방식이 더 일반적인가요?',0,0,0,'2023-02-14 15:01:51.000000','2023-02-14 15:01:51.000000',0,0),(329,6,28,'jwt 토큰 구조는 그냥 마음대로 사용해도 되는건가요?','기본적으로 jwt는 access token, refresh token이 있고 사용자가 access token이 만료되었는지 알 필요 없이 만료되었으면 refresh token으로 access token을 생성해주는 것으로 알고 있습니다. 두 토큰 저장 위치가 달라야 하구요.\n\n현재 제가 프론트 서버를 따로 두지않아 access token, refresh token 둘 다 cookie로 전달해야 하는 상황에 있습니다. 아무리 httpOnly 옵션을 걸고 뭘 한다고 하더라도 둘 다 cookie로 받아오는 건 구조상 이상하다는 생각이 들더라구요. 보안적인 측면에서도 refresh token은 탈취되어서는 안되는데 이게 같은 위치에 존재한다는 건 같은 보안 수준을 갖고 있다는 방증인데 뭔가 이상하다고 느꼈습니다. 그렇다고 refresh token을 DB의 회원 테이블에 넣어서 만료시 DB에서 꺼내서 갱신해준다는 건 \'토큰\'을 사용하는 의미가 퇴색된다고 생각하구요.\n\naccess token, refresh token의 위치가 달라야 하는데 저는 무조건 쿠키로만 보낼 수 없는 상황입니다. 토큰 구조도 무조건 사용이 되어야 합니다. 브라우저만 서버를 이용하는 게 아니라 응용 프로그램에서도 서버로 요청을 보내는 구조여서요... (사내 시스템입니다) 응용 프로그램에서 서버로 요청을 보낼 때도 토큰을 사용하고, 브라우저에서도 토큰을 사용해서 통신을 하는 구조로 생각하고 있는데 이럴 경우에 그냥 access token을 3시간 정도로 제한하고 refresh token을 두지 않고 접근만 하고 매번 갱신하는 구조로 하는 것도 생각 중입니다. 정답이 있는 건 아니라고 해도 대부분 비슷한 식으로 구현을 하시더라구요... 둘 다 cookie로 넣고 사용해도 괜찮을까요? 아니면 access token만 3시간 정도로 제한하고 만료될 때마다 토큰을 발급해주는 형태로 하는 게 나을까요 ㅠㅠ\n\n(제가 뭐 분산 서버 구조가 있어서 토큰을 사용하는 것은 아니고 브라우저랑 로컬 응용 프로그램 모두 서버에 접근을 해야해서 토큰 구조를 이용하게 되었습니다.)\n\n계속 고민하다가 질문 남깁니다 ㅠㅠ 긴 글 읽어주셔서 감사합니다!',0,0,0,'2023-02-14 15:01:51.000000','2023-02-14 15:01:51.000000',0,0),(330,6,28,'페이지 이동을 해도 리스너가 저장되는 방법이 있을까요? (SPA 아님)','기존에 SPA로 했더니, 좀 문제가 이것저것 많아서 이번에는 전통적인 방식으로 만들려는데요.\n\n한가지 걸리는 게 전역적으로 이벤트 수신해야 되는 리스너가 하나 있습니다.\n\n이 리스너를 처음 연결된 상태로 페이지 이동해도 그대로 상태를 갖고 갈 수 있는 방법이 있을까요?\n\n일반 값들은 localStorage, sessionStorage 등을 쓰면 되는데, 리스너는 저런 비슷한 게 혹시 있을까요?',0,0,0,'2023-02-14 15:01:51.000000','2023-02-14 15:01:51.000000',0,0),(331,6,28,'스프링부트에서 thymleaf 없이 controller를 호출해서 context 파일의 html로 가는 방법이 있나요?','제목그대로 입니다\n\nthymleaf 사용하지 않고, url로 html 하지않고 controller에서 가고싶은데 계속 페이지를 못찾네요.',0,0,0,'2023-02-14 15:01:51.000000','2023-02-14 15:01:51.000000',0,0),(332,6,28,'import 경로 질문','import { instance, fileInstance } from \'./common/request\'\n\nimport { getUserInfo } from \'~/common/service/com/util\'\n\n이런 코드가 있는데\n\n./ 이거랑\n\n~/ 이거랑\n\n@/ 이거랑\n\n차이를 잘 모르겠는데 알려주시면 감사드리겠습니다 검색해도 잘 안나오네요..',0,0,0,'2023-02-14 15:01:51.000000','2023-02-14 15:01:51.000000',0,0),(333,6,28,'우분투 리눅스 lts 웹서버 하기위해 필요한것','리눅스 웹 페이지를 하기위해 필요한 것들이 뭐가 있을까요?....\n\n제가 아는거로는 아파치, 자바, 톰캣 밖에 없는데....다른게 더 필요할까요?',0,0,0,'2023-02-14 15:01:51.000000','2023-02-14 15:01:51.000000',0,0),(334,6,28,'자바스크립트 window.onload 관련 질문이요','ajax로 컨트롤러에서 받아온 jsp를 태그 안에 append로 추가하면 그 추가한 jsp안에 있는 window.onload가 실행이 안됩니다. 또 이상하게 새로고침 하면 실행이 되네요?\n\n그리고 $(function(){})나 $(document).ready 는 실행이 잘 되는데 window.onload에서만 안되요\n\nwindow.onload에서는 실행이 안되고 $(document).ready는 실행이 되는 이유가 뭘까요?',0,0,0,'2023-02-14 15:01:51.000000','2023-02-14 15:01:51.000000',0,0),(335,6,28,'[공지] 스터디장 하고 싶으신 분 연락주세요','싸탈합니다',0,0,0,'2023-02-14 15:01:51.000000','2023-02-14 15:01:51.000000',0,1),(336,6,28,'[공지] 오프라인 모임 시간 댓글 주세요','제목대로 입니다.',0,0,0,'2023-02-14 15:01:51.000000','2023-02-14 15:01:51.000000',0,1),(337,6,29,'자바스크립트, vue 매개변수 질문','const getUserInfo = (target = \'\') => {\n\n  const storage = getLocalStorage(\'common\')\n\n  if (storage !== null) {\n\n    return target === \'\' ? storage.userInfo : storage.userInfo[target]\n\n  }\n\n  return {}\n\n}\n\n이러한 코드가 있습니다. 근데 매개변수에 (target = \'\' ) 이렇게 되어있는데\n\n이거는 매개변수 뭐가 들어오든지 간에 무조건 \'\' 으로 셋팅 하겠다라는 말이 맞나요??',0,0,0,'2023-02-14 15:01:51.000000','2023-02-14 15:01:51.000000',0,0),(338,6,29,'Spring boot Security 멀티 로그인 페이지 구현 질문입니다','안녕하세요 선배님들\n\nspring boot security 구현중인 주니어 개발자입니다\n\njavaconfig 방식으로 admin 로그인 페이지와 user 로그인 페이지로 나누어 로그인 기능을 구현하고자 합니다.\n\nSecurityConfig.java 클래스 내부에\n\n@Order(1)\n\npublic static class UserAdapter\n\n@Order(2)\n\npublic static class AdminAdapter\n\n와 같은 방식으로\n\n/user/** 또는 /admin/** 등으로 각자 필터 체인 적용되도록 구현한 상태입니다.\n\ncustomAuthenticationProvider와 customAuthenticationFilter등 과 같은 커스텀 클래스 또한\n\n각자 적용 시킬 수 있는 방법이 아무리 찾아도 모르겠어서 3일째 주차중입니다 ㅠ\n\n선배님들의 고견 부탁드립니다.',0,0,0,'2023-02-14 15:01:51.000000','2023-02-14 15:01:51.000000',0,0),(339,6,29,'db jpa spring','스프링 개발 중에 구글에 대부분 좋아요기능을 만드는데 이것을 다대다?관계로 보는데 저는 다대다 관계가 아닌 단지 일대다 다대일로 이루어진 관계라고 보이는데 다대다 관계인가요?\n\n사람 - 좋아요 - 게시글\n\n단지 좋아요 테이블에 fk사람,fk게시글이 있다고 해서 다대다는 아니지않나요..? (논리적인 다대다 관계를 물리적으로 일대다 다대일로 해결이 아닌)\n\n제가 연관관계를 잘 이해를 못 하는건가...\n\n그냥 단지 다대일 일대다로 이루어진 관계구나 생각했는데 다대다라고 하는분들도 있어서 갑자기 헷갈리네요..',0,0,0,'2023-02-14 15:01:51.000000','2023-02-14 15:01:51.000000',0,0),(340,6,29,'spring 멀티 모듈은 aws 배포를 어떻게 하시나요?','현재 멀티모듈을 사용해서 module-api, module-batch 를 분리 해 두었습니다.\n\n이 경우에는 각각의 모듈을 각각의 ec2 인스턴스에 배포하나요?\n\n아니면 하나의 인스턴스에서 포트번호를 다르게 한다던가, 하는 방식이 더 일반적인가요?',0,0,0,'2023-02-14 15:01:51.000000','2023-02-14 15:01:51.000000',0,0),(341,6,29,'jwt 토큰 구조는 그냥 마음대로 사용해도 되는건가요?','기본적으로 jwt는 access token, refresh token이 있고 사용자가 access token이 만료되었는지 알 필요 없이 만료되었으면 refresh token으로 access token을 생성해주는 것으로 알고 있습니다. 두 토큰 저장 위치가 달라야 하구요.\n\n현재 제가 프론트 서버를 따로 두지않아 access token, refresh token 둘 다 cookie로 전달해야 하는 상황에 있습니다. 아무리 httpOnly 옵션을 걸고 뭘 한다고 하더라도 둘 다 cookie로 받아오는 건 구조상 이상하다는 생각이 들더라구요. 보안적인 측면에서도 refresh token은 탈취되어서는 안되는데 이게 같은 위치에 존재한다는 건 같은 보안 수준을 갖고 있다는 방증인데 뭔가 이상하다고 느꼈습니다. 그렇다고 refresh token을 DB의 회원 테이블에 넣어서 만료시 DB에서 꺼내서 갱신해준다는 건 \'토큰\'을 사용하는 의미가 퇴색된다고 생각하구요.\n\naccess token, refresh token의 위치가 달라야 하는데 저는 무조건 쿠키로만 보낼 수 없는 상황입니다. 토큰 구조도 무조건 사용이 되어야 합니다. 브라우저만 서버를 이용하는 게 아니라 응용 프로그램에서도 서버로 요청을 보내는 구조여서요... (사내 시스템입니다) 응용 프로그램에서 서버로 요청을 보낼 때도 토큰을 사용하고, 브라우저에서도 토큰을 사용해서 통신을 하는 구조로 생각하고 있는데 이럴 경우에 그냥 access token을 3시간 정도로 제한하고 refresh token을 두지 않고 접근만 하고 매번 갱신하는 구조로 하는 것도 생각 중입니다. 정답이 있는 건 아니라고 해도 대부분 비슷한 식으로 구현을 하시더라구요... 둘 다 cookie로 넣고 사용해도 괜찮을까요? 아니면 access token만 3시간 정도로 제한하고 만료될 때마다 토큰을 발급해주는 형태로 하는 게 나을까요 ㅠㅠ\n\n(제가 뭐 분산 서버 구조가 있어서 토큰을 사용하는 것은 아니고 브라우저랑 로컬 응용 프로그램 모두 서버에 접근을 해야해서 토큰 구조를 이용하게 되었습니다.)\n\n계속 고민하다가 질문 남깁니다 ㅠㅠ 긴 글 읽어주셔서 감사합니다!',0,0,0,'2023-02-14 15:01:51.000000','2023-02-14 15:01:51.000000',0,0),(342,6,29,'페이지 이동을 해도 리스너가 저장되는 방법이 있을까요? (SPA 아님)','기존에 SPA로 했더니, 좀 문제가 이것저것 많아서 이번에는 전통적인 방식으로 만들려는데요.\n\n한가지 걸리는 게 전역적으로 이벤트 수신해야 되는 리스너가 하나 있습니다.\n\n이 리스너를 처음 연결된 상태로 페이지 이동해도 그대로 상태를 갖고 갈 수 있는 방법이 있을까요?\n\n일반 값들은 localStorage, sessionStorage 등을 쓰면 되는데, 리스너는 저런 비슷한 게 혹시 있을까요?',0,0,0,'2023-02-14 15:01:51.000000','2023-02-14 15:01:51.000000',0,0),(343,6,29,'스프링부트에서 thymleaf 없이 controller를 호출해서 context 파일의 html로 가는 방법이 있나요?','제목그대로 입니다\n\nthymleaf 사용하지 않고, url로 html 하지않고 controller에서 가고싶은데 계속 페이지를 못찾네요.',0,0,0,'2023-02-14 15:01:51.000000','2023-02-14 15:01:51.000000',0,0),(344,6,29,'import 경로 질문','import { instance, fileInstance } from \'./common/request\'\n\nimport { getUserInfo } from \'~/common/service/com/util\'\n\n이런 코드가 있는데\n\n./ 이거랑\n\n~/ 이거랑\n\n@/ 이거랑\n\n차이를 잘 모르겠는데 알려주시면 감사드리겠습니다 검색해도 잘 안나오네요..',0,0,0,'2023-02-14 15:01:51.000000','2023-02-14 15:01:51.000000',0,0),(345,6,29,'우분투 리눅스 lts 웹서버 하기위해 필요한것','리눅스 웹 페이지를 하기위해 필요한 것들이 뭐가 있을까요?....\n\n제가 아는거로는 아파치, 자바, 톰캣 밖에 없는데....다른게 더 필요할까요?',0,0,0,'2023-02-14 15:01:51.000000','2023-02-14 15:01:51.000000',0,0),(346,6,29,'자바스크립트 window.onload 관련 질문이요','ajax로 컨트롤러에서 받아온 jsp를 태그 안에 append로 추가하면 그 추가한 jsp안에 있는 window.onload가 실행이 안됩니다. 또 이상하게 새로고침 하면 실행이 되네요?\n\n그리고 $(function(){})나 $(document).ready 는 실행이 잘 되는데 window.onload에서만 안되요\n\nwindow.onload에서는 실행이 안되고 $(document).ready는 실행이 되는 이유가 뭘까요?',0,0,0,'2023-02-14 15:01:51.000000','2023-02-14 15:01:51.000000',0,0),(347,6,29,'[공지] 스터디장 하고 싶으신 분 연락주세요','싸탈합니다',0,0,0,'2023-02-14 15:01:51.000000','2023-02-14 15:01:51.000000',0,1),(348,6,29,'[공지] 오프라인 모임 시간 댓글 주세요','제목대로 입니다.',0,0,0,'2023-02-14 15:01:51.000000','2023-02-14 15:01:51.000000',0,1),(349,6,30,'자바스크립트, vue 매개변수 질문','const getUserInfo = (target = \'\') => {\n\n  const storage = getLocalStorage(\'common\')\n\n  if (storage !== null) {\n\n    return target === \'\' ? storage.userInfo : storage.userInfo[target]\n\n  }\n\n  return {}\n\n}\n\n이러한 코드가 있습니다. 근데 매개변수에 (target = \'\' ) 이렇게 되어있는데\n\n이거는 매개변수 뭐가 들어오든지 간에 무조건 \'\' 으로 셋팅 하겠다라는 말이 맞나요??',0,0,0,'2023-02-14 15:01:51.000000','2023-02-14 15:01:51.000000',0,0),(350,6,30,'Spring boot Security 멀티 로그인 페이지 구현 질문입니다','안녕하세요 선배님들\n\nspring boot security 구현중인 주니어 개발자입니다\n\njavaconfig 방식으로 admin 로그인 페이지와 user 로그인 페이지로 나누어 로그인 기능을 구현하고자 합니다.\n\nSecurityConfig.java 클래스 내부에\n\n@Order(1)\n\npublic static class UserAdapter\n\n@Order(2)\n\npublic static class AdminAdapter\n\n와 같은 방식으로\n\n/user/** 또는 /admin/** 등으로 각자 필터 체인 적용되도록 구현한 상태입니다.\n\ncustomAuthenticationProvider와 customAuthenticationFilter등 과 같은 커스텀 클래스 또한\n\n각자 적용 시킬 수 있는 방법이 아무리 찾아도 모르겠어서 3일째 주차중입니다 ㅠ\n\n선배님들의 고견 부탁드립니다.',0,0,0,'2023-02-14 15:01:51.000000','2023-02-14 15:01:51.000000',0,0),(351,6,30,'db jpa spring','스프링 개발 중에 구글에 대부분 좋아요기능을 만드는데 이것을 다대다?관계로 보는데 저는 다대다 관계가 아닌 단지 일대다 다대일로 이루어진 관계라고 보이는데 다대다 관계인가요?\n\n사람 - 좋아요 - 게시글\n\n단지 좋아요 테이블에 fk사람,fk게시글이 있다고 해서 다대다는 아니지않나요..? (논리적인 다대다 관계를 물리적으로 일대다 다대일로 해결이 아닌)\n\n제가 연관관계를 잘 이해를 못 하는건가...\n\n그냥 단지 다대일 일대다로 이루어진 관계구나 생각했는데 다대다라고 하는분들도 있어서 갑자기 헷갈리네요..',0,0,0,'2023-02-14 15:01:51.000000','2023-02-14 15:01:51.000000',0,0),(352,6,30,'spring 멀티 모듈은 aws 배포를 어떻게 하시나요?','현재 멀티모듈을 사용해서 module-api, module-batch 를 분리 해 두었습니다.\n\n이 경우에는 각각의 모듈을 각각의 ec2 인스턴스에 배포하나요?\n\n아니면 하나의 인스턴스에서 포트번호를 다르게 한다던가, 하는 방식이 더 일반적인가요?',0,0,0,'2023-02-14 15:01:51.000000','2023-02-14 15:01:51.000000',0,0),(353,6,30,'jwt 토큰 구조는 그냥 마음대로 사용해도 되는건가요?','기본적으로 jwt는 access token, refresh token이 있고 사용자가 access token이 만료되었는지 알 필요 없이 만료되었으면 refresh token으로 access token을 생성해주는 것으로 알고 있습니다. 두 토큰 저장 위치가 달라야 하구요.\n\n현재 제가 프론트 서버를 따로 두지않아 access token, refresh token 둘 다 cookie로 전달해야 하는 상황에 있습니다. 아무리 httpOnly 옵션을 걸고 뭘 한다고 하더라도 둘 다 cookie로 받아오는 건 구조상 이상하다는 생각이 들더라구요. 보안적인 측면에서도 refresh token은 탈취되어서는 안되는데 이게 같은 위치에 존재한다는 건 같은 보안 수준을 갖고 있다는 방증인데 뭔가 이상하다고 느꼈습니다. 그렇다고 refresh token을 DB의 회원 테이블에 넣어서 만료시 DB에서 꺼내서 갱신해준다는 건 \'토큰\'을 사용하는 의미가 퇴색된다고 생각하구요.\n\naccess token, refresh token의 위치가 달라야 하는데 저는 무조건 쿠키로만 보낼 수 없는 상황입니다. 토큰 구조도 무조건 사용이 되어야 합니다. 브라우저만 서버를 이용하는 게 아니라 응용 프로그램에서도 서버로 요청을 보내는 구조여서요... (사내 시스템입니다) 응용 프로그램에서 서버로 요청을 보낼 때도 토큰을 사용하고, 브라우저에서도 토큰을 사용해서 통신을 하는 구조로 생각하고 있는데 이럴 경우에 그냥 access token을 3시간 정도로 제한하고 refresh token을 두지 않고 접근만 하고 매번 갱신하는 구조로 하는 것도 생각 중입니다. 정답이 있는 건 아니라고 해도 대부분 비슷한 식으로 구현을 하시더라구요... 둘 다 cookie로 넣고 사용해도 괜찮을까요? 아니면 access token만 3시간 정도로 제한하고 만료될 때마다 토큰을 발급해주는 형태로 하는 게 나을까요 ㅠㅠ\n\n(제가 뭐 분산 서버 구조가 있어서 토큰을 사용하는 것은 아니고 브라우저랑 로컬 응용 프로그램 모두 서버에 접근을 해야해서 토큰 구조를 이용하게 되었습니다.)\n\n계속 고민하다가 질문 남깁니다 ㅠㅠ 긴 글 읽어주셔서 감사합니다!',0,0,0,'2023-02-14 15:01:51.000000','2023-02-14 15:01:51.000000',0,0),(354,6,30,'페이지 이동을 해도 리스너가 저장되는 방법이 있을까요? (SPA 아님)','기존에 SPA로 했더니, 좀 문제가 이것저것 많아서 이번에는 전통적인 방식으로 만들려는데요.\n\n한가지 걸리는 게 전역적으로 이벤트 수신해야 되는 리스너가 하나 있습니다.\n\n이 리스너를 처음 연결된 상태로 페이지 이동해도 그대로 상태를 갖고 갈 수 있는 방법이 있을까요?\n\n일반 값들은 localStorage, sessionStorage 등을 쓰면 되는데, 리스너는 저런 비슷한 게 혹시 있을까요?',0,0,0,'2023-02-14 15:01:51.000000','2023-02-14 15:01:51.000000',0,0),(355,6,30,'스프링부트에서 thymleaf 없이 controller를 호출해서 context 파일의 html로 가는 방법이 있나요?','제목그대로 입니다\n\nthymleaf 사용하지 않고, url로 html 하지않고 controller에서 가고싶은데 계속 페이지를 못찾네요.',0,0,0,'2023-02-14 15:01:51.000000','2023-02-14 15:01:51.000000',0,0),(356,6,30,'import 경로 질문','import { instance, fileInstance } from \'./common/request\'\n\nimport { getUserInfo } from \'~/common/service/com/util\'\n\n이런 코드가 있는데\n\n./ 이거랑\n\n~/ 이거랑\n\n@/ 이거랑\n\n차이를 잘 모르겠는데 알려주시면 감사드리겠습니다 검색해도 잘 안나오네요..',0,0,0,'2023-02-14 15:01:51.000000','2023-02-14 15:01:51.000000',0,0),(357,6,30,'우분투 리눅스 lts 웹서버 하기위해 필요한것','리눅스 웹 페이지를 하기위해 필요한 것들이 뭐가 있을까요?....\n\n제가 아는거로는 아파치, 자바, 톰캣 밖에 없는데....다른게 더 필요할까요?',0,0,0,'2023-02-14 15:01:51.000000','2023-02-14 15:01:51.000000',0,0),(358,6,30,'자바스크립트 window.onload 관련 질문이요','ajax로 컨트롤러에서 받아온 jsp를 태그 안에 append로 추가하면 그 추가한 jsp안에 있는 window.onload가 실행이 안됩니다. 또 이상하게 새로고침 하면 실행이 되네요?\n\n그리고 $(function(){})나 $(document).ready 는 실행이 잘 되는데 window.onload에서만 안되요\n\nwindow.onload에서는 실행이 안되고 $(document).ready는 실행이 되는 이유가 뭘까요?',0,0,0,'2023-02-14 15:01:51.000000','2023-02-14 15:01:51.000000',0,0),(359,6,30,'[공지] 스터디장 하고 싶으신 분 연락주세요','싸탈합니다',0,0,0,'2023-02-14 15:01:51.000000','2023-02-14 15:01:51.000000',0,1),(360,6,30,'[공지] 오프라인 모임 시간 댓글 주세요','제목대로 입니다.',0,0,0,'2023-02-14 15:01:51.000000','2023-02-14 15:01:51.000000',0,1),(361,7,31,'자바스크립트, vue 매개변수 질문','const getUserInfo = (target = \'\') => {\n\n  const storage = getLocalStorage(\'common\')\n\n  if (storage !== null) {\n\n    return target === \'\' ? storage.userInfo : storage.userInfo[target]\n\n  }\n\n  return {}\n\n}\n\n이러한 코드가 있습니다. 근데 매개변수에 (target = \'\' ) 이렇게 되어있는데\n\n이거는 매개변수 뭐가 들어오든지 간에 무조건 \'\' 으로 셋팅 하겠다라는 말이 맞나요??',0,0,0,'2023-02-14 15:01:51.000000','2023-02-14 15:01:51.000000',0,0),(362,7,31,'Spring boot Security 멀티 로그인 페이지 구현 질문입니다','안녕하세요 선배님들\n\nspring boot security 구현중인 주니어 개발자입니다\n\njavaconfig 방식으로 admin 로그인 페이지와 user 로그인 페이지로 나누어 로그인 기능을 구현하고자 합니다.\n\nSecurityConfig.java 클래스 내부에\n\n@Order(1)\n\npublic static class UserAdapter\n\n@Order(2)\n\npublic static class AdminAdapter\n\n와 같은 방식으로\n\n/user/** 또는 /admin/** 등으로 각자 필터 체인 적용되도록 구현한 상태입니다.\n\ncustomAuthenticationProvider와 customAuthenticationFilter등 과 같은 커스텀 클래스 또한\n\n각자 적용 시킬 수 있는 방법이 아무리 찾아도 모르겠어서 3일째 주차중입니다 ㅠ\n\n선배님들의 고견 부탁드립니다.',0,0,0,'2023-02-14 15:01:51.000000','2023-02-14 15:01:51.000000',0,0),(363,7,31,'db jpa spring','스프링 개발 중에 구글에 대부분 좋아요기능을 만드는데 이것을 다대다?관계로 보는데 저는 다대다 관계가 아닌 단지 일대다 다대일로 이루어진 관계라고 보이는데 다대다 관계인가요?\n\n사람 - 좋아요 - 게시글\n\n단지 좋아요 테이블에 fk사람,fk게시글이 있다고 해서 다대다는 아니지않나요..? (논리적인 다대다 관계를 물리적으로 일대다 다대일로 해결이 아닌)\n\n제가 연관관계를 잘 이해를 못 하는건가...\n\n그냥 단지 다대일 일대다로 이루어진 관계구나 생각했는데 다대다라고 하는분들도 있어서 갑자기 헷갈리네요..',0,0,0,'2023-02-14 15:01:51.000000','2023-02-14 15:01:51.000000',0,0),(364,7,31,'spring 멀티 모듈은 aws 배포를 어떻게 하시나요?','현재 멀티모듈을 사용해서 module-api, module-batch 를 분리 해 두었습니다.\n\n이 경우에는 각각의 모듈을 각각의 ec2 인스턴스에 배포하나요?\n\n아니면 하나의 인스턴스에서 포트번호를 다르게 한다던가, 하는 방식이 더 일반적인가요?',0,0,0,'2023-02-14 15:01:51.000000','2023-02-14 15:01:51.000000',0,0),(365,7,31,'jwt 토큰 구조는 그냥 마음대로 사용해도 되는건가요?','기본적으로 jwt는 access token, refresh token이 있고 사용자가 access token이 만료되었는지 알 필요 없이 만료되었으면 refresh token으로 access token을 생성해주는 것으로 알고 있습니다. 두 토큰 저장 위치가 달라야 하구요.\n\n현재 제가 프론트 서버를 따로 두지않아 access token, refresh token 둘 다 cookie로 전달해야 하는 상황에 있습니다. 아무리 httpOnly 옵션을 걸고 뭘 한다고 하더라도 둘 다 cookie로 받아오는 건 구조상 이상하다는 생각이 들더라구요. 보안적인 측면에서도 refresh token은 탈취되어서는 안되는데 이게 같은 위치에 존재한다는 건 같은 보안 수준을 갖고 있다는 방증인데 뭔가 이상하다고 느꼈습니다. 그렇다고 refresh token을 DB의 회원 테이블에 넣어서 만료시 DB에서 꺼내서 갱신해준다는 건 \'토큰\'을 사용하는 의미가 퇴색된다고 생각하구요.\n\naccess token, refresh token의 위치가 달라야 하는데 저는 무조건 쿠키로만 보낼 수 없는 상황입니다. 토큰 구조도 무조건 사용이 되어야 합니다. 브라우저만 서버를 이용하는 게 아니라 응용 프로그램에서도 서버로 요청을 보내는 구조여서요... (사내 시스템입니다) 응용 프로그램에서 서버로 요청을 보낼 때도 토큰을 사용하고, 브라우저에서도 토큰을 사용해서 통신을 하는 구조로 생각하고 있는데 이럴 경우에 그냥 access token을 3시간 정도로 제한하고 refresh token을 두지 않고 접근만 하고 매번 갱신하는 구조로 하는 것도 생각 중입니다. 정답이 있는 건 아니라고 해도 대부분 비슷한 식으로 구현을 하시더라구요... 둘 다 cookie로 넣고 사용해도 괜찮을까요? 아니면 access token만 3시간 정도로 제한하고 만료될 때마다 토큰을 발급해주는 형태로 하는 게 나을까요 ㅠㅠ\n\n(제가 뭐 분산 서버 구조가 있어서 토큰을 사용하는 것은 아니고 브라우저랑 로컬 응용 프로그램 모두 서버에 접근을 해야해서 토큰 구조를 이용하게 되었습니다.)\n\n계속 고민하다가 질문 남깁니다 ㅠㅠ 긴 글 읽어주셔서 감사합니다!',0,0,0,'2023-02-14 15:01:51.000000','2023-02-14 15:01:51.000000',0,0),(366,7,31,'페이지 이동을 해도 리스너가 저장되는 방법이 있을까요? (SPA 아님)','기존에 SPA로 했더니, 좀 문제가 이것저것 많아서 이번에는 전통적인 방식으로 만들려는데요.\n\n한가지 걸리는 게 전역적으로 이벤트 수신해야 되는 리스너가 하나 있습니다.\n\n이 리스너를 처음 연결된 상태로 페이지 이동해도 그대로 상태를 갖고 갈 수 있는 방법이 있을까요?\n\n일반 값들은 localStorage, sessionStorage 등을 쓰면 되는데, 리스너는 저런 비슷한 게 혹시 있을까요?',0,0,0,'2023-02-14 15:01:51.000000','2023-02-14 15:01:51.000000',0,0),(367,7,31,'스프링부트에서 thymleaf 없이 controller를 호출해서 context 파일의 html로 가는 방법이 있나요?','제목그대로 입니다\n\nthymleaf 사용하지 않고, url로 html 하지않고 controller에서 가고싶은데 계속 페이지를 못찾네요.',0,0,0,'2023-02-14 15:01:51.000000','2023-02-14 15:01:51.000000',0,0),(368,7,31,'import 경로 질문','import { instance, fileInstance } from \'./common/request\'\n\nimport { getUserInfo } from \'~/common/service/com/util\'\n\n이런 코드가 있는데\n\n./ 이거랑\n\n~/ 이거랑\n\n@/ 이거랑\n\n차이를 잘 모르겠는데 알려주시면 감사드리겠습니다 검색해도 잘 안나오네요..',0,0,0,'2023-02-14 15:01:51.000000','2023-02-14 15:01:51.000000',0,0),(369,7,31,'우분투 리눅스 lts 웹서버 하기위해 필요한것','리눅스 웹 페이지를 하기위해 필요한 것들이 뭐가 있을까요?....\n\n제가 아는거로는 아파치, 자바, 톰캣 밖에 없는데....다른게 더 필요할까요?',0,0,0,'2023-02-14 15:01:51.000000','2023-02-14 15:01:51.000000',0,0),(370,7,31,'자바스크립트 window.onload 관련 질문이요','ajax로 컨트롤러에서 받아온 jsp를 태그 안에 append로 추가하면 그 추가한 jsp안에 있는 window.onload가 실행이 안됩니다. 또 이상하게 새로고침 하면 실행이 되네요?\n\n그리고 $(function(){})나 $(document).ready 는 실행이 잘 되는데 window.onload에서만 안되요\n\nwindow.onload에서는 실행이 안되고 $(document).ready는 실행이 되는 이유가 뭘까요?',0,0,0,'2023-02-14 15:01:51.000000','2023-02-14 15:01:51.000000',0,0),(371,7,31,'[공지] 스터디장 하고 싶으신 분 연락주세요','싸탈합니다',0,0,0,'2023-02-14 15:01:51.000000','2023-02-14 15:01:51.000000',0,1),(372,7,31,'[공지] 오프라인 모임 시간 댓글 주세요','제목대로 입니다.',0,0,0,'2023-02-14 15:01:51.000000','2023-02-14 15:01:51.000000',0,1),(373,7,32,'자바스크립트, vue 매개변수 질문','const getUserInfo = (target = \'\') => {\n\n  const storage = getLocalStorage(\'common\')\n\n  if (storage !== null) {\n\n    return target === \'\' ? storage.userInfo : storage.userInfo[target]\n\n  }\n\n  return {}\n\n}\n\n이러한 코드가 있습니다. 근데 매개변수에 (target = \'\' ) 이렇게 되어있는데\n\n이거는 매개변수 뭐가 들어오든지 간에 무조건 \'\' 으로 셋팅 하겠다라는 말이 맞나요??',0,0,0,'2023-02-14 15:01:51.000000','2023-02-14 15:01:51.000000',0,0),(374,7,32,'Spring boot Security 멀티 로그인 페이지 구현 질문입니다','안녕하세요 선배님들\n\nspring boot security 구현중인 주니어 개발자입니다\n\njavaconfig 방식으로 admin 로그인 페이지와 user 로그인 페이지로 나누어 로그인 기능을 구현하고자 합니다.\n\nSecurityConfig.java 클래스 내부에\n\n@Order(1)\n\npublic static class UserAdapter\n\n@Order(2)\n\npublic static class AdminAdapter\n\n와 같은 방식으로\n\n/user/** 또는 /admin/** 등으로 각자 필터 체인 적용되도록 구현한 상태입니다.\n\ncustomAuthenticationProvider와 customAuthenticationFilter등 과 같은 커스텀 클래스 또한\n\n각자 적용 시킬 수 있는 방법이 아무리 찾아도 모르겠어서 3일째 주차중입니다 ㅠ\n\n선배님들의 고견 부탁드립니다.',0,0,0,'2023-02-14 15:01:51.000000','2023-02-14 15:01:51.000000',0,0),(375,7,32,'db jpa spring','스프링 개발 중에 구글에 대부분 좋아요기능을 만드는데 이것을 다대다?관계로 보는데 저는 다대다 관계가 아닌 단지 일대다 다대일로 이루어진 관계라고 보이는데 다대다 관계인가요?\n\n사람 - 좋아요 - 게시글\n\n단지 좋아요 테이블에 fk사람,fk게시글이 있다고 해서 다대다는 아니지않나요..? (논리적인 다대다 관계를 물리적으로 일대다 다대일로 해결이 아닌)\n\n제가 연관관계를 잘 이해를 못 하는건가...\n\n그냥 단지 다대일 일대다로 이루어진 관계구나 생각했는데 다대다라고 하는분들도 있어서 갑자기 헷갈리네요..',0,0,0,'2023-02-14 15:01:51.000000','2023-02-14 15:01:51.000000',0,0),(376,7,32,'spring 멀티 모듈은 aws 배포를 어떻게 하시나요?','현재 멀티모듈을 사용해서 module-api, module-batch 를 분리 해 두었습니다.\n\n이 경우에는 각각의 모듈을 각각의 ec2 인스턴스에 배포하나요?\n\n아니면 하나의 인스턴스에서 포트번호를 다르게 한다던가, 하는 방식이 더 일반적인가요?',0,0,0,'2023-02-14 15:01:51.000000','2023-02-14 15:01:51.000000',0,0),(377,7,32,'jwt 토큰 구조는 그냥 마음대로 사용해도 되는건가요?','기본적으로 jwt는 access token, refresh token이 있고 사용자가 access token이 만료되었는지 알 필요 없이 만료되었으면 refresh token으로 access token을 생성해주는 것으로 알고 있습니다. 두 토큰 저장 위치가 달라야 하구요.\n\n현재 제가 프론트 서버를 따로 두지않아 access token, refresh token 둘 다 cookie로 전달해야 하는 상황에 있습니다. 아무리 httpOnly 옵션을 걸고 뭘 한다고 하더라도 둘 다 cookie로 받아오는 건 구조상 이상하다는 생각이 들더라구요. 보안적인 측면에서도 refresh token은 탈취되어서는 안되는데 이게 같은 위치에 존재한다는 건 같은 보안 수준을 갖고 있다는 방증인데 뭔가 이상하다고 느꼈습니다. 그렇다고 refresh token을 DB의 회원 테이블에 넣어서 만료시 DB에서 꺼내서 갱신해준다는 건 \'토큰\'을 사용하는 의미가 퇴색된다고 생각하구요.\n\naccess token, refresh token의 위치가 달라야 하는데 저는 무조건 쿠키로만 보낼 수 없는 상황입니다. 토큰 구조도 무조건 사용이 되어야 합니다. 브라우저만 서버를 이용하는 게 아니라 응용 프로그램에서도 서버로 요청을 보내는 구조여서요... (사내 시스템입니다) 응용 프로그램에서 서버로 요청을 보낼 때도 토큰을 사용하고, 브라우저에서도 토큰을 사용해서 통신을 하는 구조로 생각하고 있는데 이럴 경우에 그냥 access token을 3시간 정도로 제한하고 refresh token을 두지 않고 접근만 하고 매번 갱신하는 구조로 하는 것도 생각 중입니다. 정답이 있는 건 아니라고 해도 대부분 비슷한 식으로 구현을 하시더라구요... 둘 다 cookie로 넣고 사용해도 괜찮을까요? 아니면 access token만 3시간 정도로 제한하고 만료될 때마다 토큰을 발급해주는 형태로 하는 게 나을까요 ㅠㅠ\n\n(제가 뭐 분산 서버 구조가 있어서 토큰을 사용하는 것은 아니고 브라우저랑 로컬 응용 프로그램 모두 서버에 접근을 해야해서 토큰 구조를 이용하게 되었습니다.)\n\n계속 고민하다가 질문 남깁니다 ㅠㅠ 긴 글 읽어주셔서 감사합니다!',0,0,0,'2023-02-14 15:01:51.000000','2023-02-14 15:01:51.000000',0,0),(378,7,32,'페이지 이동을 해도 리스너가 저장되는 방법이 있을까요? (SPA 아님)','기존에 SPA로 했더니, 좀 문제가 이것저것 많아서 이번에는 전통적인 방식으로 만들려는데요.\n\n한가지 걸리는 게 전역적으로 이벤트 수신해야 되는 리스너가 하나 있습니다.\n\n이 리스너를 처음 연결된 상태로 페이지 이동해도 그대로 상태를 갖고 갈 수 있는 방법이 있을까요?\n\n일반 값들은 localStorage, sessionStorage 등을 쓰면 되는데, 리스너는 저런 비슷한 게 혹시 있을까요?',0,0,0,'2023-02-14 15:01:51.000000','2023-02-14 15:01:51.000000',0,0),(379,7,32,'스프링부트에서 thymleaf 없이 controller를 호출해서 context 파일의 html로 가는 방법이 있나요?','제목그대로 입니다\n\nthymleaf 사용하지 않고, url로 html 하지않고 controller에서 가고싶은데 계속 페이지를 못찾네요.',0,0,0,'2023-02-14 15:01:51.000000','2023-02-14 15:01:51.000000',0,0),(380,7,32,'import 경로 질문','import { instance, fileInstance } from \'./common/request\'\n\nimport { getUserInfo } from \'~/common/service/com/util\'\n\n이런 코드가 있는데\n\n./ 이거랑\n\n~/ 이거랑\n\n@/ 이거랑\n\n차이를 잘 모르겠는데 알려주시면 감사드리겠습니다 검색해도 잘 안나오네요..',0,0,0,'2023-02-14 15:01:51.000000','2023-02-14 15:01:51.000000',0,0),(381,7,32,'우분투 리눅스 lts 웹서버 하기위해 필요한것','리눅스 웹 페이지를 하기위해 필요한 것들이 뭐가 있을까요?....\n\n제가 아는거로는 아파치, 자바, 톰캣 밖에 없는데....다른게 더 필요할까요?',0,0,0,'2023-02-14 15:01:51.000000','2023-02-14 15:01:51.000000',0,0),(382,7,32,'자바스크립트 window.onload 관련 질문이요','ajax로 컨트롤러에서 받아온 jsp를 태그 안에 append로 추가하면 그 추가한 jsp안에 있는 window.onload가 실행이 안됩니다. 또 이상하게 새로고침 하면 실행이 되네요?\n\n그리고 $(function(){})나 $(document).ready 는 실행이 잘 되는데 window.onload에서만 안되요\n\nwindow.onload에서는 실행이 안되고 $(document).ready는 실행이 되는 이유가 뭘까요?',0,0,0,'2023-02-14 15:01:51.000000','2023-02-14 15:01:51.000000',0,0),(383,7,32,'[공지] 스터디장 하고 싶으신 분 연락주세요','싸탈합니다',0,0,0,'2023-02-14 15:01:51.000000','2023-02-14 15:01:51.000000',0,1),(384,7,32,'[공지] 오프라인 모임 시간 댓글 주세요','제목대로 입니다.',0,0,0,'2023-02-14 15:01:51.000000','2023-02-14 15:01:51.000000',0,1),(385,7,33,'자바스크립트, vue 매개변수 질문','const getUserInfo = (target = \'\') => {\n\n  const storage = getLocalStorage(\'common\')\n\n  if (storage !== null) {\n\n    return target === \'\' ? storage.userInfo : storage.userInfo[target]\n\n  }\n\n  return {}\n\n}\n\n이러한 코드가 있습니다. 근데 매개변수에 (target = \'\' ) 이렇게 되어있는데\n\n이거는 매개변수 뭐가 들어오든지 간에 무조건 \'\' 으로 셋팅 하겠다라는 말이 맞나요??',0,0,0,'2023-02-14 15:01:51.000000','2023-02-14 15:01:51.000000',0,0),(386,7,33,'Spring boot Security 멀티 로그인 페이지 구현 질문입니다','안녕하세요 선배님들\n\nspring boot security 구현중인 주니어 개발자입니다\n\njavaconfig 방식으로 admin 로그인 페이지와 user 로그인 페이지로 나누어 로그인 기능을 구현하고자 합니다.\n\nSecurityConfig.java 클래스 내부에\n\n@Order(1)\n\npublic static class UserAdapter\n\n@Order(2)\n\npublic static class AdminAdapter\n\n와 같은 방식으로\n\n/user/** 또는 /admin/** 등으로 각자 필터 체인 적용되도록 구현한 상태입니다.\n\ncustomAuthenticationProvider와 customAuthenticationFilter등 과 같은 커스텀 클래스 또한\n\n각자 적용 시킬 수 있는 방법이 아무리 찾아도 모르겠어서 3일째 주차중입니다 ㅠ\n\n선배님들의 고견 부탁드립니다.',0,0,0,'2023-02-14 15:01:51.000000','2023-02-14 15:01:51.000000',0,0),(387,7,33,'db jpa spring','스프링 개발 중에 구글에 대부분 좋아요기능을 만드는데 이것을 다대다?관계로 보는데 저는 다대다 관계가 아닌 단지 일대다 다대일로 이루어진 관계라고 보이는데 다대다 관계인가요?\n\n사람 - 좋아요 - 게시글\n\n단지 좋아요 테이블에 fk사람,fk게시글이 있다고 해서 다대다는 아니지않나요..? (논리적인 다대다 관계를 물리적으로 일대다 다대일로 해결이 아닌)\n\n제가 연관관계를 잘 이해를 못 하는건가...\n\n그냥 단지 다대일 일대다로 이루어진 관계구나 생각했는데 다대다라고 하는분들도 있어서 갑자기 헷갈리네요..',0,0,0,'2023-02-14 15:01:51.000000','2023-02-14 15:01:51.000000',0,0),(388,7,33,'spring 멀티 모듈은 aws 배포를 어떻게 하시나요?','현재 멀티모듈을 사용해서 module-api, module-batch 를 분리 해 두었습니다.\n\n이 경우에는 각각의 모듈을 각각의 ec2 인스턴스에 배포하나요?\n\n아니면 하나의 인스턴스에서 포트번호를 다르게 한다던가, 하는 방식이 더 일반적인가요?',0,0,0,'2023-02-14 15:01:51.000000','2023-02-14 15:01:51.000000',0,0),(389,7,33,'jwt 토큰 구조는 그냥 마음대로 사용해도 되는건가요?','기본적으로 jwt는 access token, refresh token이 있고 사용자가 access token이 만료되었는지 알 필요 없이 만료되었으면 refresh token으로 access token을 생성해주는 것으로 알고 있습니다. 두 토큰 저장 위치가 달라야 하구요.\n\n현재 제가 프론트 서버를 따로 두지않아 access token, refresh token 둘 다 cookie로 전달해야 하는 상황에 있습니다. 아무리 httpOnly 옵션을 걸고 뭘 한다고 하더라도 둘 다 cookie로 받아오는 건 구조상 이상하다는 생각이 들더라구요. 보안적인 측면에서도 refresh token은 탈취되어서는 안되는데 이게 같은 위치에 존재한다는 건 같은 보안 수준을 갖고 있다는 방증인데 뭔가 이상하다고 느꼈습니다. 그렇다고 refresh token을 DB의 회원 테이블에 넣어서 만료시 DB에서 꺼내서 갱신해준다는 건 \'토큰\'을 사용하는 의미가 퇴색된다고 생각하구요.\n\naccess token, refresh token의 위치가 달라야 하는데 저는 무조건 쿠키로만 보낼 수 없는 상황입니다. 토큰 구조도 무조건 사용이 되어야 합니다. 브라우저만 서버를 이용하는 게 아니라 응용 프로그램에서도 서버로 요청을 보내는 구조여서요... (사내 시스템입니다) 응용 프로그램에서 서버로 요청을 보낼 때도 토큰을 사용하고, 브라우저에서도 토큰을 사용해서 통신을 하는 구조로 생각하고 있는데 이럴 경우에 그냥 access token을 3시간 정도로 제한하고 refresh token을 두지 않고 접근만 하고 매번 갱신하는 구조로 하는 것도 생각 중입니다. 정답이 있는 건 아니라고 해도 대부분 비슷한 식으로 구현을 하시더라구요... 둘 다 cookie로 넣고 사용해도 괜찮을까요? 아니면 access token만 3시간 정도로 제한하고 만료될 때마다 토큰을 발급해주는 형태로 하는 게 나을까요 ㅠㅠ\n\n(제가 뭐 분산 서버 구조가 있어서 토큰을 사용하는 것은 아니고 브라우저랑 로컬 응용 프로그램 모두 서버에 접근을 해야해서 토큰 구조를 이용하게 되었습니다.)\n\n계속 고민하다가 질문 남깁니다 ㅠㅠ 긴 글 읽어주셔서 감사합니다!',0,0,0,'2023-02-14 15:01:51.000000','2023-02-14 15:01:51.000000',0,0),(390,7,33,'페이지 이동을 해도 리스너가 저장되는 방법이 있을까요? (SPA 아님)','기존에 SPA로 했더니, 좀 문제가 이것저것 많아서 이번에는 전통적인 방식으로 만들려는데요.\n\n한가지 걸리는 게 전역적으로 이벤트 수신해야 되는 리스너가 하나 있습니다.\n\n이 리스너를 처음 연결된 상태로 페이지 이동해도 그대로 상태를 갖고 갈 수 있는 방법이 있을까요?\n\n일반 값들은 localStorage, sessionStorage 등을 쓰면 되는데, 리스너는 저런 비슷한 게 혹시 있을까요?',0,0,0,'2023-02-14 15:01:51.000000','2023-02-14 15:01:51.000000',0,0),(391,7,33,'스프링부트에서 thymleaf 없이 controller를 호출해서 context 파일의 html로 가는 방법이 있나요?','제목그대로 입니다\n\nthymleaf 사용하지 않고, url로 html 하지않고 controller에서 가고싶은데 계속 페이지를 못찾네요.',0,0,0,'2023-02-14 15:01:51.000000','2023-02-14 15:01:51.000000',0,0),(392,7,33,'import 경로 질문','import { instance, fileInstance } from \'./common/request\'\n\nimport { getUserInfo } from \'~/common/service/com/util\'\n\n이런 코드가 있는데\n\n./ 이거랑\n\n~/ 이거랑\n\n@/ 이거랑\n\n차이를 잘 모르겠는데 알려주시면 감사드리겠습니다 검색해도 잘 안나오네요..',0,0,0,'2023-02-14 15:01:51.000000','2023-02-14 15:01:51.000000',0,0),(393,7,33,'우분투 리눅스 lts 웹서버 하기위해 필요한것','리눅스 웹 페이지를 하기위해 필요한 것들이 뭐가 있을까요?....\n\n제가 아는거로는 아파치, 자바, 톰캣 밖에 없는데....다른게 더 필요할까요?',0,0,0,'2023-02-14 15:01:51.000000','2023-02-14 15:01:51.000000',0,0),(394,7,33,'자바스크립트 window.onload 관련 질문이요','ajax로 컨트롤러에서 받아온 jsp를 태그 안에 append로 추가하면 그 추가한 jsp안에 있는 window.onload가 실행이 안됩니다. 또 이상하게 새로고침 하면 실행이 되네요?\n\n그리고 $(function(){})나 $(document).ready 는 실행이 잘 되는데 window.onload에서만 안되요\n\nwindow.onload에서는 실행이 안되고 $(document).ready는 실행이 되는 이유가 뭘까요?',0,0,0,'2023-02-14 15:01:51.000000','2023-02-14 15:01:51.000000',0,0),(395,7,33,'[공지] 스터디장 하고 싶으신 분 연락주세요','싸탈합니다',0,0,0,'2023-02-14 15:01:51.000000','2023-02-14 15:01:51.000000',0,1),(396,7,33,'[공지] 오프라인 모임 시간 댓글 주세요','제목대로 입니다.',0,0,0,'2023-02-14 15:01:51.000000','2023-02-14 15:01:51.000000',0,1),(397,7,34,'자바스크립트, vue 매개변수 질문','const getUserInfo = (target = \'\') => {\n\n  const storage = getLocalStorage(\'common\')\n\n  if (storage !== null) {\n\n    return target === \'\' ? storage.userInfo : storage.userInfo[target]\n\n  }\n\n  return {}\n\n}\n\n이러한 코드가 있습니다. 근데 매개변수에 (target = \'\' ) 이렇게 되어있는데\n\n이거는 매개변수 뭐가 들어오든지 간에 무조건 \'\' 으로 셋팅 하겠다라는 말이 맞나요??',0,0,0,'2023-02-14 15:01:51.000000','2023-02-14 15:01:51.000000',0,0),(398,7,34,'Spring boot Security 멀티 로그인 페이지 구현 질문입니다','안녕하세요 선배님들\n\nspring boot security 구현중인 주니어 개발자입니다\n\njavaconfig 방식으로 admin 로그인 페이지와 user 로그인 페이지로 나누어 로그인 기능을 구현하고자 합니다.\n\nSecurityConfig.java 클래스 내부에\n\n@Order(1)\n\npublic static class UserAdapter\n\n@Order(2)\n\npublic static class AdminAdapter\n\n와 같은 방식으로\n\n/user/** 또는 /admin/** 등으로 각자 필터 체인 적용되도록 구현한 상태입니다.\n\ncustomAuthenticationProvider와 customAuthenticationFilter등 과 같은 커스텀 클래스 또한\n\n각자 적용 시킬 수 있는 방법이 아무리 찾아도 모르겠어서 3일째 주차중입니다 ㅠ\n\n선배님들의 고견 부탁드립니다.',0,0,0,'2023-02-14 15:01:51.000000','2023-02-14 15:01:51.000000',0,0),(399,7,34,'db jpa spring','스프링 개발 중에 구글에 대부분 좋아요기능을 만드는데 이것을 다대다?관계로 보는데 저는 다대다 관계가 아닌 단지 일대다 다대일로 이루어진 관계라고 보이는데 다대다 관계인가요?\n\n사람 - 좋아요 - 게시글\n\n단지 좋아요 테이블에 fk사람,fk게시글이 있다고 해서 다대다는 아니지않나요..? (논리적인 다대다 관계를 물리적으로 일대다 다대일로 해결이 아닌)\n\n제가 연관관계를 잘 이해를 못 하는건가...\n\n그냥 단지 다대일 일대다로 이루어진 관계구나 생각했는데 다대다라고 하는분들도 있어서 갑자기 헷갈리네요..',0,0,0,'2023-02-14 15:01:51.000000','2023-02-14 15:01:51.000000',0,0),(400,7,34,'spring 멀티 모듈은 aws 배포를 어떻게 하시나요?','현재 멀티모듈을 사용해서 module-api, module-batch 를 분리 해 두었습니다.\n\n이 경우에는 각각의 모듈을 각각의 ec2 인스턴스에 배포하나요?\n\n아니면 하나의 인스턴스에서 포트번호를 다르게 한다던가, 하는 방식이 더 일반적인가요?',0,0,0,'2023-02-14 15:01:51.000000','2023-02-14 15:01:51.000000',0,0),(401,7,34,'jwt 토큰 구조는 그냥 마음대로 사용해도 되는건가요?','기본적으로 jwt는 access token, refresh token이 있고 사용자가 access token이 만료되었는지 알 필요 없이 만료되었으면 refresh token으로 access token을 생성해주는 것으로 알고 있습니다. 두 토큰 저장 위치가 달라야 하구요.\n\n현재 제가 프론트 서버를 따로 두지않아 access token, refresh token 둘 다 cookie로 전달해야 하는 상황에 있습니다. 아무리 httpOnly 옵션을 걸고 뭘 한다고 하더라도 둘 다 cookie로 받아오는 건 구조상 이상하다는 생각이 들더라구요. 보안적인 측면에서도 refresh token은 탈취되어서는 안되는데 이게 같은 위치에 존재한다는 건 같은 보안 수준을 갖고 있다는 방증인데 뭔가 이상하다고 느꼈습니다. 그렇다고 refresh token을 DB의 회원 테이블에 넣어서 만료시 DB에서 꺼내서 갱신해준다는 건 \'토큰\'을 사용하는 의미가 퇴색된다고 생각하구요.\n\naccess token, refresh token의 위치가 달라야 하는데 저는 무조건 쿠키로만 보낼 수 없는 상황입니다. 토큰 구조도 무조건 사용이 되어야 합니다. 브라우저만 서버를 이용하는 게 아니라 응용 프로그램에서도 서버로 요청을 보내는 구조여서요... (사내 시스템입니다) 응용 프로그램에서 서버로 요청을 보낼 때도 토큰을 사용하고, 브라우저에서도 토큰을 사용해서 통신을 하는 구조로 생각하고 있는데 이럴 경우에 그냥 access token을 3시간 정도로 제한하고 refresh token을 두지 않고 접근만 하고 매번 갱신하는 구조로 하는 것도 생각 중입니다. 정답이 있는 건 아니라고 해도 대부분 비슷한 식으로 구현을 하시더라구요... 둘 다 cookie로 넣고 사용해도 괜찮을까요? 아니면 access token만 3시간 정도로 제한하고 만료될 때마다 토큰을 발급해주는 형태로 하는 게 나을까요 ㅠㅠ\n\n(제가 뭐 분산 서버 구조가 있어서 토큰을 사용하는 것은 아니고 브라우저랑 로컬 응용 프로그램 모두 서버에 접근을 해야해서 토큰 구조를 이용하게 되었습니다.)\n\n계속 고민하다가 질문 남깁니다 ㅠㅠ 긴 글 읽어주셔서 감사합니다!',0,0,0,'2023-02-14 15:01:51.000000','2023-02-14 15:01:51.000000',0,0),(402,7,34,'페이지 이동을 해도 리스너가 저장되는 방법이 있을까요? (SPA 아님)','기존에 SPA로 했더니, 좀 문제가 이것저것 많아서 이번에는 전통적인 방식으로 만들려는데요.\n\n한가지 걸리는 게 전역적으로 이벤트 수신해야 되는 리스너가 하나 있습니다.\n\n이 리스너를 처음 연결된 상태로 페이지 이동해도 그대로 상태를 갖고 갈 수 있는 방법이 있을까요?\n\n일반 값들은 localStorage, sessionStorage 등을 쓰면 되는데, 리스너는 저런 비슷한 게 혹시 있을까요?',0,0,0,'2023-02-14 15:01:51.000000','2023-02-14 15:01:51.000000',0,0),(403,7,34,'스프링부트에서 thymleaf 없이 controller를 호출해서 context 파일의 html로 가는 방법이 있나요?','제목그대로 입니다\n\nthymleaf 사용하지 않고, url로 html 하지않고 controller에서 가고싶은데 계속 페이지를 못찾네요.',0,0,0,'2023-02-14 15:01:51.000000','2023-02-14 15:01:51.000000',0,0),(404,7,34,'import 경로 질문','import { instance, fileInstance } from \'./common/request\'\n\nimport { getUserInfo } from \'~/common/service/com/util\'\n\n이런 코드가 있는데\n\n./ 이거랑\n\n~/ 이거랑\n\n@/ 이거랑\n\n차이를 잘 모르겠는데 알려주시면 감사드리겠습니다 검색해도 잘 안나오네요..',0,0,0,'2023-02-14 15:01:51.000000','2023-02-14 15:01:51.000000',0,0),(405,7,34,'우분투 리눅스 lts 웹서버 하기위해 필요한것','리눅스 웹 페이지를 하기위해 필요한 것들이 뭐가 있을까요?....\n\n제가 아는거로는 아파치, 자바, 톰캣 밖에 없는데....다른게 더 필요할까요?',0,0,0,'2023-02-14 15:01:51.000000','2023-02-14 15:01:51.000000',0,0),(406,7,34,'자바스크립트 window.onload 관련 질문이요','ajax로 컨트롤러에서 받아온 jsp를 태그 안에 append로 추가하면 그 추가한 jsp안에 있는 window.onload가 실행이 안됩니다. 또 이상하게 새로고침 하면 실행이 되네요?\n\n그리고 $(function(){})나 $(document).ready 는 실행이 잘 되는데 window.onload에서만 안되요\n\nwindow.onload에서는 실행이 안되고 $(document).ready는 실행이 되는 이유가 뭘까요?',0,0,0,'2023-02-14 15:01:51.000000','2023-02-14 15:01:51.000000',0,0),(407,7,34,'[공지] 스터디장 하고 싶으신 분 연락주세요','싸탈합니다',0,0,0,'2023-02-14 15:01:51.000000','2023-02-14 15:01:51.000000',0,1),(408,7,34,'[공지] 오프라인 모임 시간 댓글 주세요','제목대로 입니다.',0,0,0,'2023-02-14 15:01:51.000000','2023-02-14 15:01:51.000000',0,1),(409,7,35,'자바스크립트, vue 매개변수 질문','const getUserInfo = (target = \'\') => {\n\n  const storage = getLocalStorage(\'common\')\n\n  if (storage !== null) {\n\n    return target === \'\' ? storage.userInfo : storage.userInfo[target]\n\n  }\n\n  return {}\n\n}\n\n이러한 코드가 있습니다. 근데 매개변수에 (target = \'\' ) 이렇게 되어있는데\n\n이거는 매개변수 뭐가 들어오든지 간에 무조건 \'\' 으로 셋팅 하겠다라는 말이 맞나요??',0,0,0,'2023-02-14 15:01:51.000000','2023-02-14 15:01:51.000000',0,0),(410,7,35,'Spring boot Security 멀티 로그인 페이지 구현 질문입니다','안녕하세요 선배님들\n\nspring boot security 구현중인 주니어 개발자입니다\n\njavaconfig 방식으로 admin 로그인 페이지와 user 로그인 페이지로 나누어 로그인 기능을 구현하고자 합니다.\n\nSecurityConfig.java 클래스 내부에\n\n@Order(1)\n\npublic static class UserAdapter\n\n@Order(2)\n\npublic static class AdminAdapter\n\n와 같은 방식으로\n\n/user/** 또는 /admin/** 등으로 각자 필터 체인 적용되도록 구현한 상태입니다.\n\ncustomAuthenticationProvider와 customAuthenticationFilter등 과 같은 커스텀 클래스 또한\n\n각자 적용 시킬 수 있는 방법이 아무리 찾아도 모르겠어서 3일째 주차중입니다 ㅠ\n\n선배님들의 고견 부탁드립니다.',0,0,0,'2023-02-14 15:01:51.000000','2023-02-14 15:01:51.000000',0,0),(411,7,35,'db jpa spring','스프링 개발 중에 구글에 대부분 좋아요기능을 만드는데 이것을 다대다?관계로 보는데 저는 다대다 관계가 아닌 단지 일대다 다대일로 이루어진 관계라고 보이는데 다대다 관계인가요?\n\n사람 - 좋아요 - 게시글\n\n단지 좋아요 테이블에 fk사람,fk게시글이 있다고 해서 다대다는 아니지않나요..? (논리적인 다대다 관계를 물리적으로 일대다 다대일로 해결이 아닌)\n\n제가 연관관계를 잘 이해를 못 하는건가...\n\n그냥 단지 다대일 일대다로 이루어진 관계구나 생각했는데 다대다라고 하는분들도 있어서 갑자기 헷갈리네요..',0,0,0,'2023-02-14 15:01:51.000000','2023-02-14 15:01:51.000000',0,0),(412,7,35,'spring 멀티 모듈은 aws 배포를 어떻게 하시나요?','현재 멀티모듈을 사용해서 module-api, module-batch 를 분리 해 두었습니다.\n\n이 경우에는 각각의 모듈을 각각의 ec2 인스턴스에 배포하나요?\n\n아니면 하나의 인스턴스에서 포트번호를 다르게 한다던가, 하는 방식이 더 일반적인가요?',0,0,0,'2023-02-14 15:01:51.000000','2023-02-14 15:01:51.000000',0,0),(413,7,35,'jwt 토큰 구조는 그냥 마음대로 사용해도 되는건가요?','기본적으로 jwt는 access token, refresh token이 있고 사용자가 access token이 만료되었는지 알 필요 없이 만료되었으면 refresh token으로 access token을 생성해주는 것으로 알고 있습니다. 두 토큰 저장 위치가 달라야 하구요.\n\n현재 제가 프론트 서버를 따로 두지않아 access token, refresh token 둘 다 cookie로 전달해야 하는 상황에 있습니다. 아무리 httpOnly 옵션을 걸고 뭘 한다고 하더라도 둘 다 cookie로 받아오는 건 구조상 이상하다는 생각이 들더라구요. 보안적인 측면에서도 refresh token은 탈취되어서는 안되는데 이게 같은 위치에 존재한다는 건 같은 보안 수준을 갖고 있다는 방증인데 뭔가 이상하다고 느꼈습니다. 그렇다고 refresh token을 DB의 회원 테이블에 넣어서 만료시 DB에서 꺼내서 갱신해준다는 건 \'토큰\'을 사용하는 의미가 퇴색된다고 생각하구요.\n\naccess token, refresh token의 위치가 달라야 하는데 저는 무조건 쿠키로만 보낼 수 없는 상황입니다. 토큰 구조도 무조건 사용이 되어야 합니다. 브라우저만 서버를 이용하는 게 아니라 응용 프로그램에서도 서버로 요청을 보내는 구조여서요... (사내 시스템입니다) 응용 프로그램에서 서버로 요청을 보낼 때도 토큰을 사용하고, 브라우저에서도 토큰을 사용해서 통신을 하는 구조로 생각하고 있는데 이럴 경우에 그냥 access token을 3시간 정도로 제한하고 refresh token을 두지 않고 접근만 하고 매번 갱신하는 구조로 하는 것도 생각 중입니다. 정답이 있는 건 아니라고 해도 대부분 비슷한 식으로 구현을 하시더라구요... 둘 다 cookie로 넣고 사용해도 괜찮을까요? 아니면 access token만 3시간 정도로 제한하고 만료될 때마다 토큰을 발급해주는 형태로 하는 게 나을까요 ㅠㅠ\n\n(제가 뭐 분산 서버 구조가 있어서 토큰을 사용하는 것은 아니고 브라우저랑 로컬 응용 프로그램 모두 서버에 접근을 해야해서 토큰 구조를 이용하게 되었습니다.)\n\n계속 고민하다가 질문 남깁니다 ㅠㅠ 긴 글 읽어주셔서 감사합니다!',0,0,0,'2023-02-14 15:01:51.000000','2023-02-14 15:01:51.000000',0,0),(414,7,35,'페이지 이동을 해도 리스너가 저장되는 방법이 있을까요? (SPA 아님)','기존에 SPA로 했더니, 좀 문제가 이것저것 많아서 이번에는 전통적인 방식으로 만들려는데요.\n\n한가지 걸리는 게 전역적으로 이벤트 수신해야 되는 리스너가 하나 있습니다.\n\n이 리스너를 처음 연결된 상태로 페이지 이동해도 그대로 상태를 갖고 갈 수 있는 방법이 있을까요?\n\n일반 값들은 localStorage, sessionStorage 등을 쓰면 되는데, 리스너는 저런 비슷한 게 혹시 있을까요?',0,0,0,'2023-02-14 15:01:51.000000','2023-02-14 15:01:51.000000',0,0),(415,7,35,'스프링부트에서 thymleaf 없이 controller를 호출해서 context 파일의 html로 가는 방법이 있나요?','제목그대로 입니다\n\nthymleaf 사용하지 않고, url로 html 하지않고 controller에서 가고싶은데 계속 페이지를 못찾네요.',0,0,0,'2023-02-14 15:01:51.000000','2023-02-14 15:01:51.000000',0,0),(416,7,35,'import 경로 질문','import { instance, fileInstance } from \'./common/request\'\n\nimport { getUserInfo } from \'~/common/service/com/util\'\n\n이런 코드가 있는데\n\n./ 이거랑\n\n~/ 이거랑\n\n@/ 이거랑\n\n차이를 잘 모르겠는데 알려주시면 감사드리겠습니다 검색해도 잘 안나오네요..',0,0,0,'2023-02-14 15:01:51.000000','2023-02-14 15:01:51.000000',0,0),(417,7,35,'우분투 리눅스 lts 웹서버 하기위해 필요한것','리눅스 웹 페이지를 하기위해 필요한 것들이 뭐가 있을까요?....\n\n제가 아는거로는 아파치, 자바, 톰캣 밖에 없는데....다른게 더 필요할까요?',0,0,0,'2023-02-14 15:01:51.000000','2023-02-14 15:01:51.000000',0,0),(418,7,35,'자바스크립트 window.onload 관련 질문이요','ajax로 컨트롤러에서 받아온 jsp를 태그 안에 append로 추가하면 그 추가한 jsp안에 있는 window.onload가 실행이 안됩니다. 또 이상하게 새로고침 하면 실행이 되네요?\n\n그리고 $(function(){})나 $(document).ready 는 실행이 잘 되는데 window.onload에서만 안되요\n\nwindow.onload에서는 실행이 안되고 $(document).ready는 실행이 되는 이유가 뭘까요?',0,0,0,'2023-02-14 15:01:51.000000','2023-02-14 15:01:51.000000',0,0),(419,7,35,'[공지] 스터디장 하고 싶으신 분 연락주세요','싸탈합니다',0,0,0,'2023-02-14 15:01:51.000000','2023-02-14 15:01:51.000000',0,1),(420,7,35,'[공지] 오프라인 모임 시간 댓글 주세요','제목대로 입니다.',0,0,0,'2023-02-14 15:01:51.000000','2023-02-14 15:01:51.000000',0,1),(421,8,36,'자바스크립트, vue 매개변수 질문','const getUserInfo = (target = \'\') => {\n\n  const storage = getLocalStorage(\'common\')\n\n  if (storage !== null) {\n\n    return target === \'\' ? storage.userInfo : storage.userInfo[target]\n\n  }\n\n  return {}\n\n}\n\n이러한 코드가 있습니다. 근데 매개변수에 (target = \'\' ) 이렇게 되어있는데\n\n이거는 매개변수 뭐가 들어오든지 간에 무조건 \'\' 으로 셋팅 하겠다라는 말이 맞나요??',0,0,0,'2023-02-14 15:01:51.000000','2023-02-14 15:01:51.000000',0,0),(422,8,36,'Spring boot Security 멀티 로그인 페이지 구현 질문입니다','안녕하세요 선배님들\n\nspring boot security 구현중인 주니어 개발자입니다\n\njavaconfig 방식으로 admin 로그인 페이지와 user 로그인 페이지로 나누어 로그인 기능을 구현하고자 합니다.\n\nSecurityConfig.java 클래스 내부에\n\n@Order(1)\n\npublic static class UserAdapter\n\n@Order(2)\n\npublic static class AdminAdapter\n\n와 같은 방식으로\n\n/user/** 또는 /admin/** 등으로 각자 필터 체인 적용되도록 구현한 상태입니다.\n\ncustomAuthenticationProvider와 customAuthenticationFilter등 과 같은 커스텀 클래스 또한\n\n각자 적용 시킬 수 있는 방법이 아무리 찾아도 모르겠어서 3일째 주차중입니다 ㅠ\n\n선배님들의 고견 부탁드립니다.',0,0,0,'2023-02-14 15:01:51.000000','2023-02-14 15:01:51.000000',0,0),(423,8,36,'db jpa spring','스프링 개발 중에 구글에 대부분 좋아요기능을 만드는데 이것을 다대다?관계로 보는데 저는 다대다 관계가 아닌 단지 일대다 다대일로 이루어진 관계라고 보이는데 다대다 관계인가요?\n\n사람 - 좋아요 - 게시글\n\n단지 좋아요 테이블에 fk사람,fk게시글이 있다고 해서 다대다는 아니지않나요..? (논리적인 다대다 관계를 물리적으로 일대다 다대일로 해결이 아닌)\n\n제가 연관관계를 잘 이해를 못 하는건가...\n\n그냥 단지 다대일 일대다로 이루어진 관계구나 생각했는데 다대다라고 하는분들도 있어서 갑자기 헷갈리네요..',0,0,0,'2023-02-14 15:01:51.000000','2023-02-14 15:01:51.000000',0,0),(424,8,36,'spring 멀티 모듈은 aws 배포를 어떻게 하시나요?','현재 멀티모듈을 사용해서 module-api, module-batch 를 분리 해 두었습니다.\n\n이 경우에는 각각의 모듈을 각각의 ec2 인스턴스에 배포하나요?\n\n아니면 하나의 인스턴스에서 포트번호를 다르게 한다던가, 하는 방식이 더 일반적인가요?',0,0,0,'2023-02-14 15:01:51.000000','2023-02-14 15:01:51.000000',0,0),(425,8,36,'jwt 토큰 구조는 그냥 마음대로 사용해도 되는건가요?','기본적으로 jwt는 access token, refresh token이 있고 사용자가 access token이 만료되었는지 알 필요 없이 만료되었으면 refresh token으로 access token을 생성해주는 것으로 알고 있습니다. 두 토큰 저장 위치가 달라야 하구요.\n\n현재 제가 프론트 서버를 따로 두지않아 access token, refresh token 둘 다 cookie로 전달해야 하는 상황에 있습니다. 아무리 httpOnly 옵션을 걸고 뭘 한다고 하더라도 둘 다 cookie로 받아오는 건 구조상 이상하다는 생각이 들더라구요. 보안적인 측면에서도 refresh token은 탈취되어서는 안되는데 이게 같은 위치에 존재한다는 건 같은 보안 수준을 갖고 있다는 방증인데 뭔가 이상하다고 느꼈습니다. 그렇다고 refresh token을 DB의 회원 테이블에 넣어서 만료시 DB에서 꺼내서 갱신해준다는 건 \'토큰\'을 사용하는 의미가 퇴색된다고 생각하구요.\n\naccess token, refresh token의 위치가 달라야 하는데 저는 무조건 쿠키로만 보낼 수 없는 상황입니다. 토큰 구조도 무조건 사용이 되어야 합니다. 브라우저만 서버를 이용하는 게 아니라 응용 프로그램에서도 서버로 요청을 보내는 구조여서요... (사내 시스템입니다) 응용 프로그램에서 서버로 요청을 보낼 때도 토큰을 사용하고, 브라우저에서도 토큰을 사용해서 통신을 하는 구조로 생각하고 있는데 이럴 경우에 그냥 access token을 3시간 정도로 제한하고 refresh token을 두지 않고 접근만 하고 매번 갱신하는 구조로 하는 것도 생각 중입니다. 정답이 있는 건 아니라고 해도 대부분 비슷한 식으로 구현을 하시더라구요... 둘 다 cookie로 넣고 사용해도 괜찮을까요? 아니면 access token만 3시간 정도로 제한하고 만료될 때마다 토큰을 발급해주는 형태로 하는 게 나을까요 ㅠㅠ\n\n(제가 뭐 분산 서버 구조가 있어서 토큰을 사용하는 것은 아니고 브라우저랑 로컬 응용 프로그램 모두 서버에 접근을 해야해서 토큰 구조를 이용하게 되었습니다.)\n\n계속 고민하다가 질문 남깁니다 ㅠㅠ 긴 글 읽어주셔서 감사합니다!',0,0,0,'2023-02-14 15:01:51.000000','2023-02-14 15:01:51.000000',0,0),(426,8,36,'페이지 이동을 해도 리스너가 저장되는 방법이 있을까요? (SPA 아님)','기존에 SPA로 했더니, 좀 문제가 이것저것 많아서 이번에는 전통적인 방식으로 만들려는데요.\n\n한가지 걸리는 게 전역적으로 이벤트 수신해야 되는 리스너가 하나 있습니다.\n\n이 리스너를 처음 연결된 상태로 페이지 이동해도 그대로 상태를 갖고 갈 수 있는 방법이 있을까요?\n\n일반 값들은 localStorage, sessionStorage 등을 쓰면 되는데, 리스너는 저런 비슷한 게 혹시 있을까요?',0,0,0,'2023-02-14 15:01:51.000000','2023-02-14 15:01:51.000000',0,0),(427,8,36,'스프링부트에서 thymleaf 없이 controller를 호출해서 context 파일의 html로 가는 방법이 있나요?','제목그대로 입니다\n\nthymleaf 사용하지 않고, url로 html 하지않고 controller에서 가고싶은데 계속 페이지를 못찾네요.',0,0,0,'2023-02-14 15:01:51.000000','2023-02-14 15:01:51.000000',0,0),(428,8,36,'import 경로 질문','import { instance, fileInstance } from \'./common/request\'\n\nimport { getUserInfo } from \'~/common/service/com/util\'\n\n이런 코드가 있는데\n\n./ 이거랑\n\n~/ 이거랑\n\n@/ 이거랑\n\n차이를 잘 모르겠는데 알려주시면 감사드리겠습니다 검색해도 잘 안나오네요..',0,0,0,'2023-02-14 15:01:51.000000','2023-02-14 15:01:51.000000',0,0),(429,8,36,'우분투 리눅스 lts 웹서버 하기위해 필요한것','리눅스 웹 페이지를 하기위해 필요한 것들이 뭐가 있을까요?....\n\n제가 아는거로는 아파치, 자바, 톰캣 밖에 없는데....다른게 더 필요할까요?',0,0,0,'2023-02-14 15:01:51.000000','2023-02-14 15:01:51.000000',0,0),(430,8,36,'자바스크립트 window.onload 관련 질문이요','ajax로 컨트롤러에서 받아온 jsp를 태그 안에 append로 추가하면 그 추가한 jsp안에 있는 window.onload가 실행이 안됩니다. 또 이상하게 새로고침 하면 실행이 되네요?\n\n그리고 $(function(){})나 $(document).ready 는 실행이 잘 되는데 window.onload에서만 안되요\n\nwindow.onload에서는 실행이 안되고 $(document).ready는 실행이 되는 이유가 뭘까요?',0,0,0,'2023-02-14 15:01:51.000000','2023-02-14 15:01:51.000000',0,0),(431,8,36,'[공지] 스터디장 하고 싶으신 분 연락주세요','싸탈합니다',0,0,0,'2023-02-14 15:01:51.000000','2023-02-14 15:01:51.000000',0,1),(432,8,36,'[공지] 오프라인 모임 시간 댓글 주세요','제목대로 입니다.',0,0,0,'2023-02-14 15:01:51.000000','2023-02-14 15:01:51.000000',0,1),(433,8,37,'자바스크립트, vue 매개변수 질문','const getUserInfo = (target = \'\') => {\n\n  const storage = getLocalStorage(\'common\')\n\n  if (storage !== null) {\n\n    return target === \'\' ? storage.userInfo : storage.userInfo[target]\n\n  }\n\n  return {}\n\n}\n\n이러한 코드가 있습니다. 근데 매개변수에 (target = \'\' ) 이렇게 되어있는데\n\n이거는 매개변수 뭐가 들어오든지 간에 무조건 \'\' 으로 셋팅 하겠다라는 말이 맞나요??',0,0,0,'2023-02-14 15:01:51.000000','2023-02-14 15:01:51.000000',0,0),(434,8,37,'Spring boot Security 멀티 로그인 페이지 구현 질문입니다','안녕하세요 선배님들\n\nspring boot security 구현중인 주니어 개발자입니다\n\njavaconfig 방식으로 admin 로그인 페이지와 user 로그인 페이지로 나누어 로그인 기능을 구현하고자 합니다.\n\nSecurityConfig.java 클래스 내부에\n\n@Order(1)\n\npublic static class UserAdapter\n\n@Order(2)\n\npublic static class AdminAdapter\n\n와 같은 방식으로\n\n/user/** 또는 /admin/** 등으로 각자 필터 체인 적용되도록 구현한 상태입니다.\n\ncustomAuthenticationProvider와 customAuthenticationFilter등 과 같은 커스텀 클래스 또한\n\n각자 적용 시킬 수 있는 방법이 아무리 찾아도 모르겠어서 3일째 주차중입니다 ㅠ\n\n선배님들의 고견 부탁드립니다.',0,0,0,'2023-02-14 15:01:51.000000','2023-02-14 15:01:51.000000',0,0),(435,8,37,'db jpa spring','스프링 개발 중에 구글에 대부분 좋아요기능을 만드는데 이것을 다대다?관계로 보는데 저는 다대다 관계가 아닌 단지 일대다 다대일로 이루어진 관계라고 보이는데 다대다 관계인가요?\n\n사람 - 좋아요 - 게시글\n\n단지 좋아요 테이블에 fk사람,fk게시글이 있다고 해서 다대다는 아니지않나요..? (논리적인 다대다 관계를 물리적으로 일대다 다대일로 해결이 아닌)\n\n제가 연관관계를 잘 이해를 못 하는건가...\n\n그냥 단지 다대일 일대다로 이루어진 관계구나 생각했는데 다대다라고 하는분들도 있어서 갑자기 헷갈리네요..',0,0,0,'2023-02-14 15:01:51.000000','2023-02-14 15:01:51.000000',0,0),(436,8,37,'spring 멀티 모듈은 aws 배포를 어떻게 하시나요?','현재 멀티모듈을 사용해서 module-api, module-batch 를 분리 해 두었습니다.\n\n이 경우에는 각각의 모듈을 각각의 ec2 인스턴스에 배포하나요?\n\n아니면 하나의 인스턴스에서 포트번호를 다르게 한다던가, 하는 방식이 더 일반적인가요?',0,0,0,'2023-02-14 15:01:51.000000','2023-02-14 15:01:51.000000',0,0),(437,8,37,'jwt 토큰 구조는 그냥 마음대로 사용해도 되는건가요?','기본적으로 jwt는 access token, refresh token이 있고 사용자가 access token이 만료되었는지 알 필요 없이 만료되었으면 refresh token으로 access token을 생성해주는 것으로 알고 있습니다. 두 토큰 저장 위치가 달라야 하구요.\n\n현재 제가 프론트 서버를 따로 두지않아 access token, refresh token 둘 다 cookie로 전달해야 하는 상황에 있습니다. 아무리 httpOnly 옵션을 걸고 뭘 한다고 하더라도 둘 다 cookie로 받아오는 건 구조상 이상하다는 생각이 들더라구요. 보안적인 측면에서도 refresh token은 탈취되어서는 안되는데 이게 같은 위치에 존재한다는 건 같은 보안 수준을 갖고 있다는 방증인데 뭔가 이상하다고 느꼈습니다. 그렇다고 refresh token을 DB의 회원 테이블에 넣어서 만료시 DB에서 꺼내서 갱신해준다는 건 \'토큰\'을 사용하는 의미가 퇴색된다고 생각하구요.\n\naccess token, refresh token의 위치가 달라야 하는데 저는 무조건 쿠키로만 보낼 수 없는 상황입니다. 토큰 구조도 무조건 사용이 되어야 합니다. 브라우저만 서버를 이용하는 게 아니라 응용 프로그램에서도 서버로 요청을 보내는 구조여서요... (사내 시스템입니다) 응용 프로그램에서 서버로 요청을 보낼 때도 토큰을 사용하고, 브라우저에서도 토큰을 사용해서 통신을 하는 구조로 생각하고 있는데 이럴 경우에 그냥 access token을 3시간 정도로 제한하고 refresh token을 두지 않고 접근만 하고 매번 갱신하는 구조로 하는 것도 생각 중입니다. 정답이 있는 건 아니라고 해도 대부분 비슷한 식으로 구현을 하시더라구요... 둘 다 cookie로 넣고 사용해도 괜찮을까요? 아니면 access token만 3시간 정도로 제한하고 만료될 때마다 토큰을 발급해주는 형태로 하는 게 나을까요 ㅠㅠ\n\n(제가 뭐 분산 서버 구조가 있어서 토큰을 사용하는 것은 아니고 브라우저랑 로컬 응용 프로그램 모두 서버에 접근을 해야해서 토큰 구조를 이용하게 되었습니다.)\n\n계속 고민하다가 질문 남깁니다 ㅠㅠ 긴 글 읽어주셔서 감사합니다!',0,0,0,'2023-02-14 15:01:51.000000','2023-02-14 15:01:51.000000',0,0),(438,8,37,'페이지 이동을 해도 리스너가 저장되는 방법이 있을까요? (SPA 아님)','기존에 SPA로 했더니, 좀 문제가 이것저것 많아서 이번에는 전통적인 방식으로 만들려는데요.\n\n한가지 걸리는 게 전역적으로 이벤트 수신해야 되는 리스너가 하나 있습니다.\n\n이 리스너를 처음 연결된 상태로 페이지 이동해도 그대로 상태를 갖고 갈 수 있는 방법이 있을까요?\n\n일반 값들은 localStorage, sessionStorage 등을 쓰면 되는데, 리스너는 저런 비슷한 게 혹시 있을까요?',0,0,0,'2023-02-14 15:01:51.000000','2023-02-14 15:01:51.000000',0,0),(439,8,37,'스프링부트에서 thymleaf 없이 controller를 호출해서 context 파일의 html로 가는 방법이 있나요?','제목그대로 입니다\n\nthymleaf 사용하지 않고, url로 html 하지않고 controller에서 가고싶은데 계속 페이지를 못찾네요.',0,0,0,'2023-02-14 15:01:51.000000','2023-02-14 15:01:51.000000',0,0),(440,8,37,'import 경로 질문','import { instance, fileInstance } from \'./common/request\'\n\nimport { getUserInfo } from \'~/common/service/com/util\'\n\n이런 코드가 있는데\n\n./ 이거랑\n\n~/ 이거랑\n\n@/ 이거랑\n\n차이를 잘 모르겠는데 알려주시면 감사드리겠습니다 검색해도 잘 안나오네요..',0,0,0,'2023-02-14 15:01:51.000000','2023-02-14 15:01:51.000000',0,0),(441,8,37,'우분투 리눅스 lts 웹서버 하기위해 필요한것','리눅스 웹 페이지를 하기위해 필요한 것들이 뭐가 있을까요?....\n\n제가 아는거로는 아파치, 자바, 톰캣 밖에 없는데....다른게 더 필요할까요?',0,0,0,'2023-02-14 15:01:51.000000','2023-02-14 15:01:51.000000',0,0),(442,8,37,'자바스크립트 window.onload 관련 질문이요','ajax로 컨트롤러에서 받아온 jsp를 태그 안에 append로 추가하면 그 추가한 jsp안에 있는 window.onload가 실행이 안됩니다. 또 이상하게 새로고침 하면 실행이 되네요?\n\n그리고 $(function(){})나 $(document).ready 는 실행이 잘 되는데 window.onload에서만 안되요\n\nwindow.onload에서는 실행이 안되고 $(document).ready는 실행이 되는 이유가 뭘까요?',0,0,0,'2023-02-14 15:01:51.000000','2023-02-14 15:01:51.000000',0,0),(443,8,37,'[공지] 스터디장 하고 싶으신 분 연락주세요','싸탈합니다',0,0,0,'2023-02-14 15:01:51.000000','2023-02-14 15:01:51.000000',0,1),(444,8,37,'[공지] 오프라인 모임 시간 댓글 주세요','제목대로 입니다.',0,0,0,'2023-02-14 15:01:51.000000','2023-02-14 15:01:51.000000',0,1),(445,8,38,'자바스크립트, vue 매개변수 질문','const getUserInfo = (target = \'\') => {\n\n  const storage = getLocalStorage(\'common\')\n\n  if (storage !== null) {\n\n    return target === \'\' ? storage.userInfo : storage.userInfo[target]\n\n  }\n\n  return {}\n\n}\n\n이러한 코드가 있습니다. 근데 매개변수에 (target = \'\' ) 이렇게 되어있는데\n\n이거는 매개변수 뭐가 들어오든지 간에 무조건 \'\' 으로 셋팅 하겠다라는 말이 맞나요??',0,0,0,'2023-02-14 15:01:51.000000','2023-02-14 15:01:51.000000',0,0),(446,8,38,'Spring boot Security 멀티 로그인 페이지 구현 질문입니다','안녕하세요 선배님들\n\nspring boot security 구현중인 주니어 개발자입니다\n\njavaconfig 방식으로 admin 로그인 페이지와 user 로그인 페이지로 나누어 로그인 기능을 구현하고자 합니다.\n\nSecurityConfig.java 클래스 내부에\n\n@Order(1)\n\npublic static class UserAdapter\n\n@Order(2)\n\npublic static class AdminAdapter\n\n와 같은 방식으로\n\n/user/** 또는 /admin/** 등으로 각자 필터 체인 적용되도록 구현한 상태입니다.\n\ncustomAuthenticationProvider와 customAuthenticationFilter등 과 같은 커스텀 클래스 또한\n\n각자 적용 시킬 수 있는 방법이 아무리 찾아도 모르겠어서 3일째 주차중입니다 ㅠ\n\n선배님들의 고견 부탁드립니다.',0,0,0,'2023-02-14 15:01:51.000000','2023-02-14 15:01:51.000000',0,0),(447,8,38,'db jpa spring','스프링 개발 중에 구글에 대부분 좋아요기능을 만드는데 이것을 다대다?관계로 보는데 저는 다대다 관계가 아닌 단지 일대다 다대일로 이루어진 관계라고 보이는데 다대다 관계인가요?\n\n사람 - 좋아요 - 게시글\n\n단지 좋아요 테이블에 fk사람,fk게시글이 있다고 해서 다대다는 아니지않나요..? (논리적인 다대다 관계를 물리적으로 일대다 다대일로 해결이 아닌)\n\n제가 연관관계를 잘 이해를 못 하는건가...\n\n그냥 단지 다대일 일대다로 이루어진 관계구나 생각했는데 다대다라고 하는분들도 있어서 갑자기 헷갈리네요..',0,0,0,'2023-02-14 15:01:51.000000','2023-02-14 15:01:51.000000',0,0),(448,8,38,'spring 멀티 모듈은 aws 배포를 어떻게 하시나요?','현재 멀티모듈을 사용해서 module-api, module-batch 를 분리 해 두었습니다.\n\n이 경우에는 각각의 모듈을 각각의 ec2 인스턴스에 배포하나요?\n\n아니면 하나의 인스턴스에서 포트번호를 다르게 한다던가, 하는 방식이 더 일반적인가요?',0,0,0,'2023-02-14 15:01:51.000000','2023-02-14 15:01:51.000000',0,0),(449,8,38,'jwt 토큰 구조는 그냥 마음대로 사용해도 되는건가요?','기본적으로 jwt는 access token, refresh token이 있고 사용자가 access token이 만료되었는지 알 필요 없이 만료되었으면 refresh token으로 access token을 생성해주는 것으로 알고 있습니다. 두 토큰 저장 위치가 달라야 하구요.\n\n현재 제가 프론트 서버를 따로 두지않아 access token, refresh token 둘 다 cookie로 전달해야 하는 상황에 있습니다. 아무리 httpOnly 옵션을 걸고 뭘 한다고 하더라도 둘 다 cookie로 받아오는 건 구조상 이상하다는 생각이 들더라구요. 보안적인 측면에서도 refresh token은 탈취되어서는 안되는데 이게 같은 위치에 존재한다는 건 같은 보안 수준을 갖고 있다는 방증인데 뭔가 이상하다고 느꼈습니다. 그렇다고 refresh token을 DB의 회원 테이블에 넣어서 만료시 DB에서 꺼내서 갱신해준다는 건 \'토큰\'을 사용하는 의미가 퇴색된다고 생각하구요.\n\naccess token, refresh token의 위치가 달라야 하는데 저는 무조건 쿠키로만 보낼 수 없는 상황입니다. 토큰 구조도 무조건 사용이 되어야 합니다. 브라우저만 서버를 이용하는 게 아니라 응용 프로그램에서도 서버로 요청을 보내는 구조여서요... (사내 시스템입니다) 응용 프로그램에서 서버로 요청을 보낼 때도 토큰을 사용하고, 브라우저에서도 토큰을 사용해서 통신을 하는 구조로 생각하고 있는데 이럴 경우에 그냥 access token을 3시간 정도로 제한하고 refresh token을 두지 않고 접근만 하고 매번 갱신하는 구조로 하는 것도 생각 중입니다. 정답이 있는 건 아니라고 해도 대부분 비슷한 식으로 구현을 하시더라구요... 둘 다 cookie로 넣고 사용해도 괜찮을까요? 아니면 access token만 3시간 정도로 제한하고 만료될 때마다 토큰을 발급해주는 형태로 하는 게 나을까요 ㅠㅠ\n\n(제가 뭐 분산 서버 구조가 있어서 토큰을 사용하는 것은 아니고 브라우저랑 로컬 응용 프로그램 모두 서버에 접근을 해야해서 토큰 구조를 이용하게 되었습니다.)\n\n계속 고민하다가 질문 남깁니다 ㅠㅠ 긴 글 읽어주셔서 감사합니다!',0,0,0,'2023-02-14 15:01:51.000000','2023-02-14 15:01:51.000000',0,0),(450,8,38,'페이지 이동을 해도 리스너가 저장되는 방법이 있을까요? (SPA 아님)','기존에 SPA로 했더니, 좀 문제가 이것저것 많아서 이번에는 전통적인 방식으로 만들려는데요.\n\n한가지 걸리는 게 전역적으로 이벤트 수신해야 되는 리스너가 하나 있습니다.\n\n이 리스너를 처음 연결된 상태로 페이지 이동해도 그대로 상태를 갖고 갈 수 있는 방법이 있을까요?\n\n일반 값들은 localStorage, sessionStorage 등을 쓰면 되는데, 리스너는 저런 비슷한 게 혹시 있을까요?',0,0,0,'2023-02-14 15:01:51.000000','2023-02-14 15:01:51.000000',0,0),(451,8,38,'스프링부트에서 thymleaf 없이 controller를 호출해서 context 파일의 html로 가는 방법이 있나요?','제목그대로 입니다\n\nthymleaf 사용하지 않고, url로 html 하지않고 controller에서 가고싶은데 계속 페이지를 못찾네요.',0,0,0,'2023-02-14 15:01:51.000000','2023-02-14 15:01:51.000000',0,0),(452,8,38,'import 경로 질문','import { instance, fileInstance } from \'./common/request\'\n\nimport { getUserInfo } from \'~/common/service/com/util\'\n\n이런 코드가 있는데\n\n./ 이거랑\n\n~/ 이거랑\n\n@/ 이거랑\n\n차이를 잘 모르겠는데 알려주시면 감사드리겠습니다 검색해도 잘 안나오네요..',0,0,0,'2023-02-14 15:01:51.000000','2023-02-14 15:01:51.000000',0,0),(453,8,38,'우분투 리눅스 lts 웹서버 하기위해 필요한것','리눅스 웹 페이지를 하기위해 필요한 것들이 뭐가 있을까요?....\n\n제가 아는거로는 아파치, 자바, 톰캣 밖에 없는데....다른게 더 필요할까요?',0,0,0,'2023-02-14 15:01:51.000000','2023-02-14 15:01:51.000000',0,0),(454,8,38,'자바스크립트 window.onload 관련 질문이요','ajax로 컨트롤러에서 받아온 jsp를 태그 안에 append로 추가하면 그 추가한 jsp안에 있는 window.onload가 실행이 안됩니다. 또 이상하게 새로고침 하면 실행이 되네요?\n\n그리고 $(function(){})나 $(document).ready 는 실행이 잘 되는데 window.onload에서만 안되요\n\nwindow.onload에서는 실행이 안되고 $(document).ready는 실행이 되는 이유가 뭘까요?',0,0,0,'2023-02-14 15:01:51.000000','2023-02-14 15:01:51.000000',0,0),(455,8,38,'[공지] 스터디장 하고 싶으신 분 연락주세요','싸탈합니다',0,0,0,'2023-02-14 15:01:51.000000','2023-02-14 15:01:51.000000',0,1),(456,8,38,'[공지] 오프라인 모임 시간 댓글 주세요','제목대로 입니다.',0,0,0,'2023-02-14 15:01:51.000000','2023-02-14 15:01:51.000000',0,1),(457,8,39,'자바스크립트, vue 매개변수 질문','const getUserInfo = (target = \'\') => {\n\n  const storage = getLocalStorage(\'common\')\n\n  if (storage !== null) {\n\n    return target === \'\' ? storage.userInfo : storage.userInfo[target]\n\n  }\n\n  return {}\n\n}\n\n이러한 코드가 있습니다. 근데 매개변수에 (target = \'\' ) 이렇게 되어있는데\n\n이거는 매개변수 뭐가 들어오든지 간에 무조건 \'\' 으로 셋팅 하겠다라는 말이 맞나요??',0,0,0,'2023-02-14 15:01:51.000000','2023-02-14 15:01:51.000000',0,0),(458,8,39,'Spring boot Security 멀티 로그인 페이지 구현 질문입니다','안녕하세요 선배님들\n\nspring boot security 구현중인 주니어 개발자입니다\n\njavaconfig 방식으로 admin 로그인 페이지와 user 로그인 페이지로 나누어 로그인 기능을 구현하고자 합니다.\n\nSecurityConfig.java 클래스 내부에\n\n@Order(1)\n\npublic static class UserAdapter\n\n@Order(2)\n\npublic static class AdminAdapter\n\n와 같은 방식으로\n\n/user/** 또는 /admin/** 등으로 각자 필터 체인 적용되도록 구현한 상태입니다.\n\ncustomAuthenticationProvider와 customAuthenticationFilter등 과 같은 커스텀 클래스 또한\n\n각자 적용 시킬 수 있는 방법이 아무리 찾아도 모르겠어서 3일째 주차중입니다 ㅠ\n\n선배님들의 고견 부탁드립니다.',0,0,0,'2023-02-14 15:01:51.000000','2023-02-14 15:01:51.000000',0,0),(459,8,39,'db jpa spring','스프링 개발 중에 구글에 대부분 좋아요기능을 만드는데 이것을 다대다?관계로 보는데 저는 다대다 관계가 아닌 단지 일대다 다대일로 이루어진 관계라고 보이는데 다대다 관계인가요?\n\n사람 - 좋아요 - 게시글\n\n단지 좋아요 테이블에 fk사람,fk게시글이 있다고 해서 다대다는 아니지않나요..? (논리적인 다대다 관계를 물리적으로 일대다 다대일로 해결이 아닌)\n\n제가 연관관계를 잘 이해를 못 하는건가...\n\n그냥 단지 다대일 일대다로 이루어진 관계구나 생각했는데 다대다라고 하는분들도 있어서 갑자기 헷갈리네요..',0,0,0,'2023-02-14 15:01:51.000000','2023-02-14 15:01:51.000000',0,0),(460,8,39,'spring 멀티 모듈은 aws 배포를 어떻게 하시나요?','현재 멀티모듈을 사용해서 module-api, module-batch 를 분리 해 두었습니다.\n\n이 경우에는 각각의 모듈을 각각의 ec2 인스턴스에 배포하나요?\n\n아니면 하나의 인스턴스에서 포트번호를 다르게 한다던가, 하는 방식이 더 일반적인가요?',0,0,0,'2023-02-14 15:01:51.000000','2023-02-14 15:01:51.000000',0,0),(461,8,39,'jwt 토큰 구조는 그냥 마음대로 사용해도 되는건가요?','기본적으로 jwt는 access token, refresh token이 있고 사용자가 access token이 만료되었는지 알 필요 없이 만료되었으면 refresh token으로 access token을 생성해주는 것으로 알고 있습니다. 두 토큰 저장 위치가 달라야 하구요.\n\n현재 제가 프론트 서버를 따로 두지않아 access token, refresh token 둘 다 cookie로 전달해야 하는 상황에 있습니다. 아무리 httpOnly 옵션을 걸고 뭘 한다고 하더라도 둘 다 cookie로 받아오는 건 구조상 이상하다는 생각이 들더라구요. 보안적인 측면에서도 refresh token은 탈취되어서는 안되는데 이게 같은 위치에 존재한다는 건 같은 보안 수준을 갖고 있다는 방증인데 뭔가 이상하다고 느꼈습니다. 그렇다고 refresh token을 DB의 회원 테이블에 넣어서 만료시 DB에서 꺼내서 갱신해준다는 건 \'토큰\'을 사용하는 의미가 퇴색된다고 생각하구요.\n\naccess token, refresh token의 위치가 달라야 하는데 저는 무조건 쿠키로만 보낼 수 없는 상황입니다. 토큰 구조도 무조건 사용이 되어야 합니다. 브라우저만 서버를 이용하는 게 아니라 응용 프로그램에서도 서버로 요청을 보내는 구조여서요... (사내 시스템입니다) 응용 프로그램에서 서버로 요청을 보낼 때도 토큰을 사용하고, 브라우저에서도 토큰을 사용해서 통신을 하는 구조로 생각하고 있는데 이럴 경우에 그냥 access token을 3시간 정도로 제한하고 refresh token을 두지 않고 접근만 하고 매번 갱신하는 구조로 하는 것도 생각 중입니다. 정답이 있는 건 아니라고 해도 대부분 비슷한 식으로 구현을 하시더라구요... 둘 다 cookie로 넣고 사용해도 괜찮을까요? 아니면 access token만 3시간 정도로 제한하고 만료될 때마다 토큰을 발급해주는 형태로 하는 게 나을까요 ㅠㅠ\n\n(제가 뭐 분산 서버 구조가 있어서 토큰을 사용하는 것은 아니고 브라우저랑 로컬 응용 프로그램 모두 서버에 접근을 해야해서 토큰 구조를 이용하게 되었습니다.)\n\n계속 고민하다가 질문 남깁니다 ㅠㅠ 긴 글 읽어주셔서 감사합니다!',0,0,0,'2023-02-14 15:01:51.000000','2023-02-14 15:01:51.000000',0,0),(462,8,39,'페이지 이동을 해도 리스너가 저장되는 방법이 있을까요? (SPA 아님)','기존에 SPA로 했더니, 좀 문제가 이것저것 많아서 이번에는 전통적인 방식으로 만들려는데요.\n\n한가지 걸리는 게 전역적으로 이벤트 수신해야 되는 리스너가 하나 있습니다.\n\n이 리스너를 처음 연결된 상태로 페이지 이동해도 그대로 상태를 갖고 갈 수 있는 방법이 있을까요?\n\n일반 값들은 localStorage, sessionStorage 등을 쓰면 되는데, 리스너는 저런 비슷한 게 혹시 있을까요?',0,0,0,'2023-02-14 15:01:51.000000','2023-02-14 15:01:51.000000',0,0),(463,8,39,'스프링부트에서 thymleaf 없이 controller를 호출해서 context 파일의 html로 가는 방법이 있나요?','제목그대로 입니다\n\nthymleaf 사용하지 않고, url로 html 하지않고 controller에서 가고싶은데 계속 페이지를 못찾네요.',0,0,0,'2023-02-14 15:01:51.000000','2023-02-14 15:01:51.000000',0,0),(464,8,39,'import 경로 질문','import { instance, fileInstance } from \'./common/request\'\n\nimport { getUserInfo } from \'~/common/service/com/util\'\n\n이런 코드가 있는데\n\n./ 이거랑\n\n~/ 이거랑\n\n@/ 이거랑\n\n차이를 잘 모르겠는데 알려주시면 감사드리겠습니다 검색해도 잘 안나오네요..',0,0,0,'2023-02-14 15:01:51.000000','2023-02-14 15:01:51.000000',0,0),(465,8,39,'우분투 리눅스 lts 웹서버 하기위해 필요한것','리눅스 웹 페이지를 하기위해 필요한 것들이 뭐가 있을까요?....\n\n제가 아는거로는 아파치, 자바, 톰캣 밖에 없는데....다른게 더 필요할까요?',0,0,0,'2023-02-14 15:01:51.000000','2023-02-14 15:01:51.000000',0,0),(466,8,39,'자바스크립트 window.onload 관련 질문이요','ajax로 컨트롤러에서 받아온 jsp를 태그 안에 append로 추가하면 그 추가한 jsp안에 있는 window.onload가 실행이 안됩니다. 또 이상하게 새로고침 하면 실행이 되네요?\n\n그리고 $(function(){})나 $(document).ready 는 실행이 잘 되는데 window.onload에서만 안되요\n\nwindow.onload에서는 실행이 안되고 $(document).ready는 실행이 되는 이유가 뭘까요?',0,0,0,'2023-02-14 15:01:51.000000','2023-02-14 15:01:51.000000',0,0),(467,8,39,'[공지] 스터디장 하고 싶으신 분 연락주세요','싸탈합니다',0,0,0,'2023-02-14 15:01:51.000000','2023-02-14 15:01:51.000000',0,1),(468,8,39,'[공지] 오프라인 모임 시간 댓글 주세요','제목대로 입니다.',0,0,0,'2023-02-14 15:01:51.000000','2023-02-14 15:01:51.000000',0,1),(469,8,40,'자바스크립트, vue 매개변수 질문','const getUserInfo = (target = \'\') => {\n\n  const storage = getLocalStorage(\'common\')\n\n  if (storage !== null) {\n\n    return target === \'\' ? storage.userInfo : storage.userInfo[target]\n\n  }\n\n  return {}\n\n}\n\n이러한 코드가 있습니다. 근데 매개변수에 (target = \'\' ) 이렇게 되어있는데\n\n이거는 매개변수 뭐가 들어오든지 간에 무조건 \'\' 으로 셋팅 하겠다라는 말이 맞나요??',0,0,0,'2023-02-14 15:01:51.000000','2023-02-14 15:01:51.000000',0,0),(470,8,40,'Spring boot Security 멀티 로그인 페이지 구현 질문입니다','안녕하세요 선배님들\n\nspring boot security 구현중인 주니어 개발자입니다\n\njavaconfig 방식으로 admin 로그인 페이지와 user 로그인 페이지로 나누어 로그인 기능을 구현하고자 합니다.\n\nSecurityConfig.java 클래스 내부에\n\n@Order(1)\n\npublic static class UserAdapter\n\n@Order(2)\n\npublic static class AdminAdapter\n\n와 같은 방식으로\n\n/user/** 또는 /admin/** 등으로 각자 필터 체인 적용되도록 구현한 상태입니다.\n\ncustomAuthenticationProvider와 customAuthenticationFilter등 과 같은 커스텀 클래스 또한\n\n각자 적용 시킬 수 있는 방법이 아무리 찾아도 모르겠어서 3일째 주차중입니다 ㅠ\n\n선배님들의 고견 부탁드립니다.',0,0,0,'2023-02-14 15:01:51.000000','2023-02-14 15:01:51.000000',0,0),(471,8,40,'db jpa spring','스프링 개발 중에 구글에 대부분 좋아요기능을 만드는데 이것을 다대다?관계로 보는데 저는 다대다 관계가 아닌 단지 일대다 다대일로 이루어진 관계라고 보이는데 다대다 관계인가요?\n\n사람 - 좋아요 - 게시글\n\n단지 좋아요 테이블에 fk사람,fk게시글이 있다고 해서 다대다는 아니지않나요..? (논리적인 다대다 관계를 물리적으로 일대다 다대일로 해결이 아닌)\n\n제가 연관관계를 잘 이해를 못 하는건가...\n\n그냥 단지 다대일 일대다로 이루어진 관계구나 생각했는데 다대다라고 하는분들도 있어서 갑자기 헷갈리네요..',0,0,0,'2023-02-14 15:01:51.000000','2023-02-14 15:01:51.000000',0,0),(472,8,40,'spring 멀티 모듈은 aws 배포를 어떻게 하시나요?','현재 멀티모듈을 사용해서 module-api, module-batch 를 분리 해 두었습니다.\n\n이 경우에는 각각의 모듈을 각각의 ec2 인스턴스에 배포하나요?\n\n아니면 하나의 인스턴스에서 포트번호를 다르게 한다던가, 하는 방식이 더 일반적인가요?',0,0,0,'2023-02-14 15:01:51.000000','2023-02-14 15:01:51.000000',0,0),(473,8,40,'jwt 토큰 구조는 그냥 마음대로 사용해도 되는건가요?','기본적으로 jwt는 access token, refresh token이 있고 사용자가 access token이 만료되었는지 알 필요 없이 만료되었으면 refresh token으로 access token을 생성해주는 것으로 알고 있습니다. 두 토큰 저장 위치가 달라야 하구요.\n\n현재 제가 프론트 서버를 따로 두지않아 access token, refresh token 둘 다 cookie로 전달해야 하는 상황에 있습니다. 아무리 httpOnly 옵션을 걸고 뭘 한다고 하더라도 둘 다 cookie로 받아오는 건 구조상 이상하다는 생각이 들더라구요. 보안적인 측면에서도 refresh token은 탈취되어서는 안되는데 이게 같은 위치에 존재한다는 건 같은 보안 수준을 갖고 있다는 방증인데 뭔가 이상하다고 느꼈습니다. 그렇다고 refresh token을 DB의 회원 테이블에 넣어서 만료시 DB에서 꺼내서 갱신해준다는 건 \'토큰\'을 사용하는 의미가 퇴색된다고 생각하구요.\n\naccess token, refresh token의 위치가 달라야 하는데 저는 무조건 쿠키로만 보낼 수 없는 상황입니다. 토큰 구조도 무조건 사용이 되어야 합니다. 브라우저만 서버를 이용하는 게 아니라 응용 프로그램에서도 서버로 요청을 보내는 구조여서요... (사내 시스템입니다) 응용 프로그램에서 서버로 요청을 보낼 때도 토큰을 사용하고, 브라우저에서도 토큰을 사용해서 통신을 하는 구조로 생각하고 있는데 이럴 경우에 그냥 access token을 3시간 정도로 제한하고 refresh token을 두지 않고 접근만 하고 매번 갱신하는 구조로 하는 것도 생각 중입니다. 정답이 있는 건 아니라고 해도 대부분 비슷한 식으로 구현을 하시더라구요... 둘 다 cookie로 넣고 사용해도 괜찮을까요? 아니면 access token만 3시간 정도로 제한하고 만료될 때마다 토큰을 발급해주는 형태로 하는 게 나을까요 ㅠㅠ\n\n(제가 뭐 분산 서버 구조가 있어서 토큰을 사용하는 것은 아니고 브라우저랑 로컬 응용 프로그램 모두 서버에 접근을 해야해서 토큰 구조를 이용하게 되었습니다.)\n\n계속 고민하다가 질문 남깁니다 ㅠㅠ 긴 글 읽어주셔서 감사합니다!',0,0,0,'2023-02-14 15:01:51.000000','2023-02-14 15:01:51.000000',0,0),(474,8,40,'페이지 이동을 해도 리스너가 저장되는 방법이 있을까요? (SPA 아님)','기존에 SPA로 했더니, 좀 문제가 이것저것 많아서 이번에는 전통적인 방식으로 만들려는데요.\n\n한가지 걸리는 게 전역적으로 이벤트 수신해야 되는 리스너가 하나 있습니다.\n\n이 리스너를 처음 연결된 상태로 페이지 이동해도 그대로 상태를 갖고 갈 수 있는 방법이 있을까요?\n\n일반 값들은 localStorage, sessionStorage 등을 쓰면 되는데, 리스너는 저런 비슷한 게 혹시 있을까요?',0,0,0,'2023-02-14 15:01:51.000000','2023-02-14 15:01:51.000000',0,0),(475,8,40,'스프링부트에서 thymleaf 없이 controller를 호출해서 context 파일의 html로 가는 방법이 있나요?','제목그대로 입니다\n\nthymleaf 사용하지 않고, url로 html 하지않고 controller에서 가고싶은데 계속 페이지를 못찾네요.',0,0,0,'2023-02-14 15:01:51.000000','2023-02-14 15:01:51.000000',0,0),(476,8,40,'import 경로 질문','import { instance, fileInstance } from \'./common/request\'\n\nimport { getUserInfo } from \'~/common/service/com/util\'\n\n이런 코드가 있는데\n\n./ 이거랑\n\n~/ 이거랑\n\n@/ 이거랑\n\n차이를 잘 모르겠는데 알려주시면 감사드리겠습니다 검색해도 잘 안나오네요..',0,0,0,'2023-02-14 15:01:51.000000','2023-02-14 15:01:51.000000',0,0),(477,8,40,'우분투 리눅스 lts 웹서버 하기위해 필요한것','리눅스 웹 페이지를 하기위해 필요한 것들이 뭐가 있을까요?....\n\n제가 아는거로는 아파치, 자바, 톰캣 밖에 없는데....다른게 더 필요할까요?',0,0,0,'2023-02-14 15:01:51.000000','2023-02-14 15:01:51.000000',0,0),(478,8,40,'자바스크립트 window.onload 관련 질문이요','ajax로 컨트롤러에서 받아온 jsp를 태그 안에 append로 추가하면 그 추가한 jsp안에 있는 window.onload가 실행이 안됩니다. 또 이상하게 새로고침 하면 실행이 되네요?\n\n그리고 $(function(){})나 $(document).ready 는 실행이 잘 되는데 window.onload에서만 안되요\n\nwindow.onload에서는 실행이 안되고 $(document).ready는 실행이 되는 이유가 뭘까요?',0,0,0,'2023-02-14 15:01:51.000000','2023-02-14 15:01:51.000000',0,0),(479,8,40,'[공지] 스터디장 하고 싶으신 분 연락주세요','싸탈합니다',0,0,0,'2023-02-14 15:01:51.000000','2023-02-14 15:01:51.000000',0,1),(480,8,40,'[공지] 오프라인 모임 시간 댓글 주세요','제목대로 입니다.',0,0,0,'2023-02-14 15:01:51.000000','2023-02-14 15:01:51.000000',0,1),(481,9,41,'자바스크립트, vue 매개변수 질문','const getUserInfo = (target = \'\') => {\n\n  const storage = getLocalStorage(\'common\')\n\n  if (storage !== null) {\n\n    return target === \'\' ? storage.userInfo : storage.userInfo[target]\n\n  }\n\n  return {}\n\n}\n\n이러한 코드가 있습니다. 근데 매개변수에 (target = \'\' ) 이렇게 되어있는데\n\n이거는 매개변수 뭐가 들어오든지 간에 무조건 \'\' 으로 셋팅 하겠다라는 말이 맞나요??',0,0,0,'2023-02-14 15:01:51.000000','2023-02-14 15:01:51.000000',0,0),(482,9,41,'Spring boot Security 멀티 로그인 페이지 구현 질문입니다','안녕하세요 선배님들\n\nspring boot security 구현중인 주니어 개발자입니다\n\njavaconfig 방식으로 admin 로그인 페이지와 user 로그인 페이지로 나누어 로그인 기능을 구현하고자 합니다.\n\nSecurityConfig.java 클래스 내부에\n\n@Order(1)\n\npublic static class UserAdapter\n\n@Order(2)\n\npublic static class AdminAdapter\n\n와 같은 방식으로\n\n/user/** 또는 /admin/** 등으로 각자 필터 체인 적용되도록 구현한 상태입니다.\n\ncustomAuthenticationProvider와 customAuthenticationFilter등 과 같은 커스텀 클래스 또한\n\n각자 적용 시킬 수 있는 방법이 아무리 찾아도 모르겠어서 3일째 주차중입니다 ㅠ\n\n선배님들의 고견 부탁드립니다.',0,0,0,'2023-02-14 15:01:51.000000','2023-02-14 15:01:51.000000',0,0),(483,9,41,'db jpa spring','스프링 개발 중에 구글에 대부분 좋아요기능을 만드는데 이것을 다대다?관계로 보는데 저는 다대다 관계가 아닌 단지 일대다 다대일로 이루어진 관계라고 보이는데 다대다 관계인가요?\n\n사람 - 좋아요 - 게시글\n\n단지 좋아요 테이블에 fk사람,fk게시글이 있다고 해서 다대다는 아니지않나요..? (논리적인 다대다 관계를 물리적으로 일대다 다대일로 해결이 아닌)\n\n제가 연관관계를 잘 이해를 못 하는건가...\n\n그냥 단지 다대일 일대다로 이루어진 관계구나 생각했는데 다대다라고 하는분들도 있어서 갑자기 헷갈리네요..',0,0,0,'2023-02-14 15:01:51.000000','2023-02-14 15:01:51.000000',0,0),(484,9,41,'spring 멀티 모듈은 aws 배포를 어떻게 하시나요?','현재 멀티모듈을 사용해서 module-api, module-batch 를 분리 해 두었습니다.\n\n이 경우에는 각각의 모듈을 각각의 ec2 인스턴스에 배포하나요?\n\n아니면 하나의 인스턴스에서 포트번호를 다르게 한다던가, 하는 방식이 더 일반적인가요?',0,0,0,'2023-02-14 15:01:51.000000','2023-02-14 15:01:51.000000',0,0),(485,9,41,'jwt 토큰 구조는 그냥 마음대로 사용해도 되는건가요?','기본적으로 jwt는 access token, refresh token이 있고 사용자가 access token이 만료되었는지 알 필요 없이 만료되었으면 refresh token으로 access token을 생성해주는 것으로 알고 있습니다. 두 토큰 저장 위치가 달라야 하구요.\n\n현재 제가 프론트 서버를 따로 두지않아 access token, refresh token 둘 다 cookie로 전달해야 하는 상황에 있습니다. 아무리 httpOnly 옵션을 걸고 뭘 한다고 하더라도 둘 다 cookie로 받아오는 건 구조상 이상하다는 생각이 들더라구요. 보안적인 측면에서도 refresh token은 탈취되어서는 안되는데 이게 같은 위치에 존재한다는 건 같은 보안 수준을 갖고 있다는 방증인데 뭔가 이상하다고 느꼈습니다. 그렇다고 refresh token을 DB의 회원 테이블에 넣어서 만료시 DB에서 꺼내서 갱신해준다는 건 \'토큰\'을 사용하는 의미가 퇴색된다고 생각하구요.\n\naccess token, refresh token의 위치가 달라야 하는데 저는 무조건 쿠키로만 보낼 수 없는 상황입니다. 토큰 구조도 무조건 사용이 되어야 합니다. 브라우저만 서버를 이용하는 게 아니라 응용 프로그램에서도 서버로 요청을 보내는 구조여서요... (사내 시스템입니다) 응용 프로그램에서 서버로 요청을 보낼 때도 토큰을 사용하고, 브라우저에서도 토큰을 사용해서 통신을 하는 구조로 생각하고 있는데 이럴 경우에 그냥 access token을 3시간 정도로 제한하고 refresh token을 두지 않고 접근만 하고 매번 갱신하는 구조로 하는 것도 생각 중입니다. 정답이 있는 건 아니라고 해도 대부분 비슷한 식으로 구현을 하시더라구요... 둘 다 cookie로 넣고 사용해도 괜찮을까요? 아니면 access token만 3시간 정도로 제한하고 만료될 때마다 토큰을 발급해주는 형태로 하는 게 나을까요 ㅠㅠ\n\n(제가 뭐 분산 서버 구조가 있어서 토큰을 사용하는 것은 아니고 브라우저랑 로컬 응용 프로그램 모두 서버에 접근을 해야해서 토큰 구조를 이용하게 되었습니다.)\n\n계속 고민하다가 질문 남깁니다 ㅠㅠ 긴 글 읽어주셔서 감사합니다!',0,0,0,'2023-02-14 15:01:51.000000','2023-02-14 15:01:51.000000',0,0),(486,9,41,'페이지 이동을 해도 리스너가 저장되는 방법이 있을까요? (SPA 아님)','기존에 SPA로 했더니, 좀 문제가 이것저것 많아서 이번에는 전통적인 방식으로 만들려는데요.\n\n한가지 걸리는 게 전역적으로 이벤트 수신해야 되는 리스너가 하나 있습니다.\n\n이 리스너를 처음 연결된 상태로 페이지 이동해도 그대로 상태를 갖고 갈 수 있는 방법이 있을까요?\n\n일반 값들은 localStorage, sessionStorage 등을 쓰면 되는데, 리스너는 저런 비슷한 게 혹시 있을까요?',0,0,0,'2023-02-14 15:01:51.000000','2023-02-14 15:01:51.000000',0,0),(487,9,41,'스프링부트에서 thymleaf 없이 controller를 호출해서 context 파일의 html로 가는 방법이 있나요?','제목그대로 입니다\n\nthymleaf 사용하지 않고, url로 html 하지않고 controller에서 가고싶은데 계속 페이지를 못찾네요.',0,0,0,'2023-02-14 15:01:51.000000','2023-02-14 15:01:51.000000',0,0),(488,9,41,'import 경로 질문','import { instance, fileInstance } from \'./common/request\'\n\nimport { getUserInfo } from \'~/common/service/com/util\'\n\n이런 코드가 있는데\n\n./ 이거랑\n\n~/ 이거랑\n\n@/ 이거랑\n\n차이를 잘 모르겠는데 알려주시면 감사드리겠습니다 검색해도 잘 안나오네요..',0,0,0,'2023-02-14 15:01:51.000000','2023-02-14 15:01:51.000000',0,0),(489,9,41,'우분투 리눅스 lts 웹서버 하기위해 필요한것','리눅스 웹 페이지를 하기위해 필요한 것들이 뭐가 있을까요?....\n\n제가 아는거로는 아파치, 자바, 톰캣 밖에 없는데....다른게 더 필요할까요?',0,0,0,'2023-02-14 15:01:51.000000','2023-02-14 15:01:51.000000',0,0),(490,9,41,'자바스크립트 window.onload 관련 질문이요','ajax로 컨트롤러에서 받아온 jsp를 태그 안에 append로 추가하면 그 추가한 jsp안에 있는 window.onload가 실행이 안됩니다. 또 이상하게 새로고침 하면 실행이 되네요?\n\n그리고 $(function(){})나 $(document).ready 는 실행이 잘 되는데 window.onload에서만 안되요\n\nwindow.onload에서는 실행이 안되고 $(document).ready는 실행이 되는 이유가 뭘까요?',0,0,0,'2023-02-14 15:01:51.000000','2023-02-14 15:01:51.000000',0,0),(491,9,41,'[공지] 스터디장 하고 싶으신 분 연락주세요','싸탈합니다',0,0,0,'2023-02-14 15:01:51.000000','2023-02-14 15:01:51.000000',0,1),(492,9,41,'[공지] 오프라인 모임 시간 댓글 주세요','제목대로 입니다.',0,0,0,'2023-02-14 15:01:51.000000','2023-02-14 15:01:51.000000',0,1),(493,9,42,'자바스크립트, vue 매개변수 질문','const getUserInfo = (target = \'\') => {\n\n  const storage = getLocalStorage(\'common\')\n\n  if (storage !== null) {\n\n    return target === \'\' ? storage.userInfo : storage.userInfo[target]\n\n  }\n\n  return {}\n\n}\n\n이러한 코드가 있습니다. 근데 매개변수에 (target = \'\' ) 이렇게 되어있는데\n\n이거는 매개변수 뭐가 들어오든지 간에 무조건 \'\' 으로 셋팅 하겠다라는 말이 맞나요??',0,0,0,'2023-02-14 15:01:51.000000','2023-02-14 15:01:51.000000',0,0),(494,9,42,'Spring boot Security 멀티 로그인 페이지 구현 질문입니다','안녕하세요 선배님들\n\nspring boot security 구현중인 주니어 개발자입니다\n\njavaconfig 방식으로 admin 로그인 페이지와 user 로그인 페이지로 나누어 로그인 기능을 구현하고자 합니다.\n\nSecurityConfig.java 클래스 내부에\n\n@Order(1)\n\npublic static class UserAdapter\n\n@Order(2)\n\npublic static class AdminAdapter\n\n와 같은 방식으로\n\n/user/** 또는 /admin/** 등으로 각자 필터 체인 적용되도록 구현한 상태입니다.\n\ncustomAuthenticationProvider와 customAuthenticationFilter등 과 같은 커스텀 클래스 또한\n\n각자 적용 시킬 수 있는 방법이 아무리 찾아도 모르겠어서 3일째 주차중입니다 ㅠ\n\n선배님들의 고견 부탁드립니다.',0,0,0,'2023-02-14 15:01:51.000000','2023-02-14 15:01:51.000000',0,0),(495,9,42,'db jpa spring','스프링 개발 중에 구글에 대부분 좋아요기능을 만드는데 이것을 다대다?관계로 보는데 저는 다대다 관계가 아닌 단지 일대다 다대일로 이루어진 관계라고 보이는데 다대다 관계인가요?\n\n사람 - 좋아요 - 게시글\n\n단지 좋아요 테이블에 fk사람,fk게시글이 있다고 해서 다대다는 아니지않나요..? (논리적인 다대다 관계를 물리적으로 일대다 다대일로 해결이 아닌)\n\n제가 연관관계를 잘 이해를 못 하는건가...\n\n그냥 단지 다대일 일대다로 이루어진 관계구나 생각했는데 다대다라고 하는분들도 있어서 갑자기 헷갈리네요..',0,0,0,'2023-02-14 15:01:51.000000','2023-02-14 15:01:51.000000',0,0),(496,9,42,'spring 멀티 모듈은 aws 배포를 어떻게 하시나요?','현재 멀티모듈을 사용해서 module-api, module-batch 를 분리 해 두었습니다.\n\n이 경우에는 각각의 모듈을 각각의 ec2 인스턴스에 배포하나요?\n\n아니면 하나의 인스턴스에서 포트번호를 다르게 한다던가, 하는 방식이 더 일반적인가요?',0,0,0,'2023-02-14 15:01:51.000000','2023-02-14 15:01:51.000000',0,0),(497,9,42,'jwt 토큰 구조는 그냥 마음대로 사용해도 되는건가요?','기본적으로 jwt는 access token, refresh token이 있고 사용자가 access token이 만료되었는지 알 필요 없이 만료되었으면 refresh token으로 access token을 생성해주는 것으로 알고 있습니다. 두 토큰 저장 위치가 달라야 하구요.\n\n현재 제가 프론트 서버를 따로 두지않아 access token, refresh token 둘 다 cookie로 전달해야 하는 상황에 있습니다. 아무리 httpOnly 옵션을 걸고 뭘 한다고 하더라도 둘 다 cookie로 받아오는 건 구조상 이상하다는 생각이 들더라구요. 보안적인 측면에서도 refresh token은 탈취되어서는 안되는데 이게 같은 위치에 존재한다는 건 같은 보안 수준을 갖고 있다는 방증인데 뭔가 이상하다고 느꼈습니다. 그렇다고 refresh token을 DB의 회원 테이블에 넣어서 만료시 DB에서 꺼내서 갱신해준다는 건 \'토큰\'을 사용하는 의미가 퇴색된다고 생각하구요.\n\naccess token, refresh token의 위치가 달라야 하는데 저는 무조건 쿠키로만 보낼 수 없는 상황입니다. 토큰 구조도 무조건 사용이 되어야 합니다. 브라우저만 서버를 이용하는 게 아니라 응용 프로그램에서도 서버로 요청을 보내는 구조여서요... (사내 시스템입니다) 응용 프로그램에서 서버로 요청을 보낼 때도 토큰을 사용하고, 브라우저에서도 토큰을 사용해서 통신을 하는 구조로 생각하고 있는데 이럴 경우에 그냥 access token을 3시간 정도로 제한하고 refresh token을 두지 않고 접근만 하고 매번 갱신하는 구조로 하는 것도 생각 중입니다. 정답이 있는 건 아니라고 해도 대부분 비슷한 식으로 구현을 하시더라구요... 둘 다 cookie로 넣고 사용해도 괜찮을까요? 아니면 access token만 3시간 정도로 제한하고 만료될 때마다 토큰을 발급해주는 형태로 하는 게 나을까요 ㅠㅠ\n\n(제가 뭐 분산 서버 구조가 있어서 토큰을 사용하는 것은 아니고 브라우저랑 로컬 응용 프로그램 모두 서버에 접근을 해야해서 토큰 구조를 이용하게 되었습니다.)\n\n계속 고민하다가 질문 남깁니다 ㅠㅠ 긴 글 읽어주셔서 감사합니다!',0,0,0,'2023-02-14 15:01:51.000000','2023-02-14 15:01:51.000000',0,0),(498,9,42,'페이지 이동을 해도 리스너가 저장되는 방법이 있을까요? (SPA 아님)','기존에 SPA로 했더니, 좀 문제가 이것저것 많아서 이번에는 전통적인 방식으로 만들려는데요.\n\n한가지 걸리는 게 전역적으로 이벤트 수신해야 되는 리스너가 하나 있습니다.\n\n이 리스너를 처음 연결된 상태로 페이지 이동해도 그대로 상태를 갖고 갈 수 있는 방법이 있을까요?\n\n일반 값들은 localStorage, sessionStorage 등을 쓰면 되는데, 리스너는 저런 비슷한 게 혹시 있을까요?',0,0,0,'2023-02-14 15:01:51.000000','2023-02-14 15:01:51.000000',0,0),(499,9,42,'스프링부트에서 thymleaf 없이 controller를 호출해서 context 파일의 html로 가는 방법이 있나요?','제목그대로 입니다\n\nthymleaf 사용하지 않고, url로 html 하지않고 controller에서 가고싶은데 계속 페이지를 못찾네요.',0,0,0,'2023-02-14 15:01:51.000000','2023-02-14 15:01:51.000000',0,0),(500,9,42,'import 경로 질문','import { instance, fileInstance } from \'./common/request\'\n\nimport { getUserInfo } from \'~/common/service/com/util\'\n\n이런 코드가 있는데\n\n./ 이거랑\n\n~/ 이거랑\n\n@/ 이거랑\n\n차이를 잘 모르겠는데 알려주시면 감사드리겠습니다 검색해도 잘 안나오네요..',0,0,0,'2023-02-14 15:01:51.000000','2023-02-14 15:01:51.000000',0,0),(501,9,42,'우분투 리눅스 lts 웹서버 하기위해 필요한것','리눅스 웹 페이지를 하기위해 필요한 것들이 뭐가 있을까요?....\n\n제가 아는거로는 아파치, 자바, 톰캣 밖에 없는데....다른게 더 필요할까요?',0,0,0,'2023-02-14 15:01:51.000000','2023-02-14 15:01:51.000000',0,0),(502,9,42,'자바스크립트 window.onload 관련 질문이요','ajax로 컨트롤러에서 받아온 jsp를 태그 안에 append로 추가하면 그 추가한 jsp안에 있는 window.onload가 실행이 안됩니다. 또 이상하게 새로고침 하면 실행이 되네요?\n\n그리고 $(function(){})나 $(document).ready 는 실행이 잘 되는데 window.onload에서만 안되요\n\nwindow.onload에서는 실행이 안되고 $(document).ready는 실행이 되는 이유가 뭘까요?',0,0,0,'2023-02-14 15:01:51.000000','2023-02-14 15:01:51.000000',0,0),(503,9,42,'[공지] 스터디장 하고 싶으신 분 연락주세요','싸탈합니다',0,0,0,'2023-02-14 15:01:51.000000','2023-02-14 15:01:51.000000',0,1),(504,9,42,'[공지] 오프라인 모임 시간 댓글 주세요','제목대로 입니다.',0,0,0,'2023-02-14 15:01:51.000000','2023-02-14 15:01:51.000000',0,1),(505,9,43,'자바스크립트, vue 매개변수 질문','const getUserInfo = (target = \'\') => {\n\n  const storage = getLocalStorage(\'common\')\n\n  if (storage !== null) {\n\n    return target === \'\' ? storage.userInfo : storage.userInfo[target]\n\n  }\n\n  return {}\n\n}\n\n이러한 코드가 있습니다. 근데 매개변수에 (target = \'\' ) 이렇게 되어있는데\n\n이거는 매개변수 뭐가 들어오든지 간에 무조건 \'\' 으로 셋팅 하겠다라는 말이 맞나요??',0,0,0,'2023-02-14 15:01:51.000000','2023-02-14 15:01:51.000000',0,0),(506,9,43,'Spring boot Security 멀티 로그인 페이지 구현 질문입니다','안녕하세요 선배님들\n\nspring boot security 구현중인 주니어 개발자입니다\n\njavaconfig 방식으로 admin 로그인 페이지와 user 로그인 페이지로 나누어 로그인 기능을 구현하고자 합니다.\n\nSecurityConfig.java 클래스 내부에\n\n@Order(1)\n\npublic static class UserAdapter\n\n@Order(2)\n\npublic static class AdminAdapter\n\n와 같은 방식으로\n\n/user/** 또는 /admin/** 등으로 각자 필터 체인 적용되도록 구현한 상태입니다.\n\ncustomAuthenticationProvider와 customAuthenticationFilter등 과 같은 커스텀 클래스 또한\n\n각자 적용 시킬 수 있는 방법이 아무리 찾아도 모르겠어서 3일째 주차중입니다 ㅠ\n\n선배님들의 고견 부탁드립니다.',0,0,0,'2023-02-14 15:01:51.000000','2023-02-14 15:01:51.000000',0,0),(507,9,43,'db jpa spring','스프링 개발 중에 구글에 대부분 좋아요기능을 만드는데 이것을 다대다?관계로 보는데 저는 다대다 관계가 아닌 단지 일대다 다대일로 이루어진 관계라고 보이는데 다대다 관계인가요?\n\n사람 - 좋아요 - 게시글\n\n단지 좋아요 테이블에 fk사람,fk게시글이 있다고 해서 다대다는 아니지않나요..? (논리적인 다대다 관계를 물리적으로 일대다 다대일로 해결이 아닌)\n\n제가 연관관계를 잘 이해를 못 하는건가...\n\n그냥 단지 다대일 일대다로 이루어진 관계구나 생각했는데 다대다라고 하는분들도 있어서 갑자기 헷갈리네요..',0,0,0,'2023-02-14 15:01:51.000000','2023-02-14 15:01:51.000000',0,0),(508,9,43,'spring 멀티 모듈은 aws 배포를 어떻게 하시나요?','현재 멀티모듈을 사용해서 module-api, module-batch 를 분리 해 두었습니다.\n\n이 경우에는 각각의 모듈을 각각의 ec2 인스턴스에 배포하나요?\n\n아니면 하나의 인스턴스에서 포트번호를 다르게 한다던가, 하는 방식이 더 일반적인가요?',0,0,0,'2023-02-14 15:01:51.000000','2023-02-14 15:01:51.000000',0,0),(509,9,43,'jwt 토큰 구조는 그냥 마음대로 사용해도 되는건가요?','기본적으로 jwt는 access token, refresh token이 있고 사용자가 access token이 만료되었는지 알 필요 없이 만료되었으면 refresh token으로 access token을 생성해주는 것으로 알고 있습니다. 두 토큰 저장 위치가 달라야 하구요.\n\n현재 제가 프론트 서버를 따로 두지않아 access token, refresh token 둘 다 cookie로 전달해야 하는 상황에 있습니다. 아무리 httpOnly 옵션을 걸고 뭘 한다고 하더라도 둘 다 cookie로 받아오는 건 구조상 이상하다는 생각이 들더라구요. 보안적인 측면에서도 refresh token은 탈취되어서는 안되는데 이게 같은 위치에 존재한다는 건 같은 보안 수준을 갖고 있다는 방증인데 뭔가 이상하다고 느꼈습니다. 그렇다고 refresh token을 DB의 회원 테이블에 넣어서 만료시 DB에서 꺼내서 갱신해준다는 건 \'토큰\'을 사용하는 의미가 퇴색된다고 생각하구요.\n\naccess token, refresh token의 위치가 달라야 하는데 저는 무조건 쿠키로만 보낼 수 없는 상황입니다. 토큰 구조도 무조건 사용이 되어야 합니다. 브라우저만 서버를 이용하는 게 아니라 응용 프로그램에서도 서버로 요청을 보내는 구조여서요... (사내 시스템입니다) 응용 프로그램에서 서버로 요청을 보낼 때도 토큰을 사용하고, 브라우저에서도 토큰을 사용해서 통신을 하는 구조로 생각하고 있는데 이럴 경우에 그냥 access token을 3시간 정도로 제한하고 refresh token을 두지 않고 접근만 하고 매번 갱신하는 구조로 하는 것도 생각 중입니다. 정답이 있는 건 아니라고 해도 대부분 비슷한 식으로 구현을 하시더라구요... 둘 다 cookie로 넣고 사용해도 괜찮을까요? 아니면 access token만 3시간 정도로 제한하고 만료될 때마다 토큰을 발급해주는 형태로 하는 게 나을까요 ㅠㅠ\n\n(제가 뭐 분산 서버 구조가 있어서 토큰을 사용하는 것은 아니고 브라우저랑 로컬 응용 프로그램 모두 서버에 접근을 해야해서 토큰 구조를 이용하게 되었습니다.)\n\n계속 고민하다가 질문 남깁니다 ㅠㅠ 긴 글 읽어주셔서 감사합니다!',0,0,0,'2023-02-14 15:01:51.000000','2023-02-14 15:01:51.000000',0,0),(510,9,43,'페이지 이동을 해도 리스너가 저장되는 방법이 있을까요? (SPA 아님)','기존에 SPA로 했더니, 좀 문제가 이것저것 많아서 이번에는 전통적인 방식으로 만들려는데요.\n\n한가지 걸리는 게 전역적으로 이벤트 수신해야 되는 리스너가 하나 있습니다.\n\n이 리스너를 처음 연결된 상태로 페이지 이동해도 그대로 상태를 갖고 갈 수 있는 방법이 있을까요?\n\n일반 값들은 localStorage, sessionStorage 등을 쓰면 되는데, 리스너는 저런 비슷한 게 혹시 있을까요?',0,0,0,'2023-02-14 15:01:51.000000','2023-02-14 15:01:51.000000',0,0),(511,9,43,'스프링부트에서 thymleaf 없이 controller를 호출해서 context 파일의 html로 가는 방법이 있나요?','제목그대로 입니다\n\nthymleaf 사용하지 않고, url로 html 하지않고 controller에서 가고싶은데 계속 페이지를 못찾네요.',0,0,0,'2023-02-14 15:01:51.000000','2023-02-14 15:01:51.000000',0,0),(512,9,43,'import 경로 질문','import { instance, fileInstance } from \'./common/request\'\n\nimport { getUserInfo } from \'~/common/service/com/util\'\n\n이런 코드가 있는데\n\n./ 이거랑\n\n~/ 이거랑\n\n@/ 이거랑\n\n차이를 잘 모르겠는데 알려주시면 감사드리겠습니다 검색해도 잘 안나오네요..',0,0,0,'2023-02-14 15:01:51.000000','2023-02-14 15:01:51.000000',0,0),(513,9,43,'우분투 리눅스 lts 웹서버 하기위해 필요한것','리눅스 웹 페이지를 하기위해 필요한 것들이 뭐가 있을까요?....\n\n제가 아는거로는 아파치, 자바, 톰캣 밖에 없는데....다른게 더 필요할까요?',0,0,0,'2023-02-14 15:01:51.000000','2023-02-14 15:01:51.000000',0,0),(514,9,43,'자바스크립트 window.onload 관련 질문이요','ajax로 컨트롤러에서 받아온 jsp를 태그 안에 append로 추가하면 그 추가한 jsp안에 있는 window.onload가 실행이 안됩니다. 또 이상하게 새로고침 하면 실행이 되네요?\n\n그리고 $(function(){})나 $(document).ready 는 실행이 잘 되는데 window.onload에서만 안되요\n\nwindow.onload에서는 실행이 안되고 $(document).ready는 실행이 되는 이유가 뭘까요?',0,0,0,'2023-02-14 15:01:51.000000','2023-02-14 15:01:51.000000',0,0),(515,9,43,'[공지] 스터디장 하고 싶으신 분 연락주세요','싸탈합니다',0,0,0,'2023-02-14 15:01:51.000000','2023-02-14 15:01:51.000000',0,1),(516,9,43,'[공지] 오프라인 모임 시간 댓글 주세요','제목대로 입니다.',0,0,0,'2023-02-14 15:01:51.000000','2023-02-14 15:01:51.000000',0,1),(517,9,44,'자바스크립트, vue 매개변수 질문','const getUserInfo = (target = \'\') => {\n\n  const storage = getLocalStorage(\'common\')\n\n  if (storage !== null) {\n\n    return target === \'\' ? storage.userInfo : storage.userInfo[target]\n\n  }\n\n  return {}\n\n}\n\n이러한 코드가 있습니다. 근데 매개변수에 (target = \'\' ) 이렇게 되어있는데\n\n이거는 매개변수 뭐가 들어오든지 간에 무조건 \'\' 으로 셋팅 하겠다라는 말이 맞나요??',0,0,0,'2023-02-14 15:01:51.000000','2023-02-14 15:01:51.000000',0,0),(518,9,44,'Spring boot Security 멀티 로그인 페이지 구현 질문입니다','안녕하세요 선배님들\n\nspring boot security 구현중인 주니어 개발자입니다\n\njavaconfig 방식으로 admin 로그인 페이지와 user 로그인 페이지로 나누어 로그인 기능을 구현하고자 합니다.\n\nSecurityConfig.java 클래스 내부에\n\n@Order(1)\n\npublic static class UserAdapter\n\n@Order(2)\n\npublic static class AdminAdapter\n\n와 같은 방식으로\n\n/user/** 또는 /admin/** 등으로 각자 필터 체인 적용되도록 구현한 상태입니다.\n\ncustomAuthenticationProvider와 customAuthenticationFilter등 과 같은 커스텀 클래스 또한\n\n각자 적용 시킬 수 있는 방법이 아무리 찾아도 모르겠어서 3일째 주차중입니다 ㅠ\n\n선배님들의 고견 부탁드립니다.',0,0,0,'2023-02-14 15:01:51.000000','2023-02-14 15:01:51.000000',0,0),(519,9,44,'db jpa spring','스프링 개발 중에 구글에 대부분 좋아요기능을 만드는데 이것을 다대다?관계로 보는데 저는 다대다 관계가 아닌 단지 일대다 다대일로 이루어진 관계라고 보이는데 다대다 관계인가요?\n\n사람 - 좋아요 - 게시글\n\n단지 좋아요 테이블에 fk사람,fk게시글이 있다고 해서 다대다는 아니지않나요..? (논리적인 다대다 관계를 물리적으로 일대다 다대일로 해결이 아닌)\n\n제가 연관관계를 잘 이해를 못 하는건가...\n\n그냥 단지 다대일 일대다로 이루어진 관계구나 생각했는데 다대다라고 하는분들도 있어서 갑자기 헷갈리네요..',0,0,0,'2023-02-14 15:01:51.000000','2023-02-14 15:01:51.000000',0,0),(520,9,44,'spring 멀티 모듈은 aws 배포를 어떻게 하시나요?','현재 멀티모듈을 사용해서 module-api, module-batch 를 분리 해 두었습니다.\n\n이 경우에는 각각의 모듈을 각각의 ec2 인스턴스에 배포하나요?\n\n아니면 하나의 인스턴스에서 포트번호를 다르게 한다던가, 하는 방식이 더 일반적인가요?',0,0,0,'2023-02-14 15:01:51.000000','2023-02-14 15:01:51.000000',0,0),(521,9,44,'jwt 토큰 구조는 그냥 마음대로 사용해도 되는건가요?','기본적으로 jwt는 access token, refresh token이 있고 사용자가 access token이 만료되었는지 알 필요 없이 만료되었으면 refresh token으로 access token을 생성해주는 것으로 알고 있습니다. 두 토큰 저장 위치가 달라야 하구요.\n\n현재 제가 프론트 서버를 따로 두지않아 access token, refresh token 둘 다 cookie로 전달해야 하는 상황에 있습니다. 아무리 httpOnly 옵션을 걸고 뭘 한다고 하더라도 둘 다 cookie로 받아오는 건 구조상 이상하다는 생각이 들더라구요. 보안적인 측면에서도 refresh token은 탈취되어서는 안되는데 이게 같은 위치에 존재한다는 건 같은 보안 수준을 갖고 있다는 방증인데 뭔가 이상하다고 느꼈습니다. 그렇다고 refresh token을 DB의 회원 테이블에 넣어서 만료시 DB에서 꺼내서 갱신해준다는 건 \'토큰\'을 사용하는 의미가 퇴색된다고 생각하구요.\n\naccess token, refresh token의 위치가 달라야 하는데 저는 무조건 쿠키로만 보낼 수 없는 상황입니다. 토큰 구조도 무조건 사용이 되어야 합니다. 브라우저만 서버를 이용하는 게 아니라 응용 프로그램에서도 서버로 요청을 보내는 구조여서요... (사내 시스템입니다) 응용 프로그램에서 서버로 요청을 보낼 때도 토큰을 사용하고, 브라우저에서도 토큰을 사용해서 통신을 하는 구조로 생각하고 있는데 이럴 경우에 그냥 access token을 3시간 정도로 제한하고 refresh token을 두지 않고 접근만 하고 매번 갱신하는 구조로 하는 것도 생각 중입니다. 정답이 있는 건 아니라고 해도 대부분 비슷한 식으로 구현을 하시더라구요... 둘 다 cookie로 넣고 사용해도 괜찮을까요? 아니면 access token만 3시간 정도로 제한하고 만료될 때마다 토큰을 발급해주는 형태로 하는 게 나을까요 ㅠㅠ\n\n(제가 뭐 분산 서버 구조가 있어서 토큰을 사용하는 것은 아니고 브라우저랑 로컬 응용 프로그램 모두 서버에 접근을 해야해서 토큰 구조를 이용하게 되었습니다.)\n\n계속 고민하다가 질문 남깁니다 ㅠㅠ 긴 글 읽어주셔서 감사합니다!',0,0,0,'2023-02-14 15:01:51.000000','2023-02-14 15:01:51.000000',0,0),(522,9,44,'페이지 이동을 해도 리스너가 저장되는 방법이 있을까요? (SPA 아님)','기존에 SPA로 했더니, 좀 문제가 이것저것 많아서 이번에는 전통적인 방식으로 만들려는데요.\n\n한가지 걸리는 게 전역적으로 이벤트 수신해야 되는 리스너가 하나 있습니다.\n\n이 리스너를 처음 연결된 상태로 페이지 이동해도 그대로 상태를 갖고 갈 수 있는 방법이 있을까요?\n\n일반 값들은 localStorage, sessionStorage 등을 쓰면 되는데, 리스너는 저런 비슷한 게 혹시 있을까요?',0,0,0,'2023-02-14 15:01:51.000000','2023-02-14 15:01:51.000000',0,0),(523,9,44,'스프링부트에서 thymleaf 없이 controller를 호출해서 context 파일의 html로 가는 방법이 있나요?','제목그대로 입니다\n\nthymleaf 사용하지 않고, url로 html 하지않고 controller에서 가고싶은데 계속 페이지를 못찾네요.',0,0,0,'2023-02-14 15:01:51.000000','2023-02-14 15:01:51.000000',0,0),(524,9,44,'import 경로 질문','import { instance, fileInstance } from \'./common/request\'\n\nimport { getUserInfo } from \'~/common/service/com/util\'\n\n이런 코드가 있는데\n\n./ 이거랑\n\n~/ 이거랑\n\n@/ 이거랑\n\n차이를 잘 모르겠는데 알려주시면 감사드리겠습니다 검색해도 잘 안나오네요..',0,0,0,'2023-02-14 15:01:51.000000','2023-02-14 15:01:51.000000',0,0),(525,9,44,'우분투 리눅스 lts 웹서버 하기위해 필요한것','리눅스 웹 페이지를 하기위해 필요한 것들이 뭐가 있을까요?....\n\n제가 아는거로는 아파치, 자바, 톰캣 밖에 없는데....다른게 더 필요할까요?',0,0,0,'2023-02-14 15:01:51.000000','2023-02-14 15:01:51.000000',0,0),(526,9,44,'자바스크립트 window.onload 관련 질문이요','ajax로 컨트롤러에서 받아온 jsp를 태그 안에 append로 추가하면 그 추가한 jsp안에 있는 window.onload가 실행이 안됩니다. 또 이상하게 새로고침 하면 실행이 되네요?\n\n그리고 $(function(){})나 $(document).ready 는 실행이 잘 되는데 window.onload에서만 안되요\n\nwindow.onload에서는 실행이 안되고 $(document).ready는 실행이 되는 이유가 뭘까요?',0,0,0,'2023-02-14 15:01:51.000000','2023-02-14 15:01:51.000000',0,0),(527,9,44,'[공지] 스터디장 하고 싶으신 분 연락주세요','싸탈합니다',0,0,0,'2023-02-14 15:01:51.000000','2023-02-14 15:01:51.000000',0,1),(528,9,44,'[공지] 오프라인 모임 시간 댓글 주세요','제목대로 입니다.',0,0,0,'2023-02-14 15:01:51.000000','2023-02-14 15:01:51.000000',0,1),(529,9,45,'자바스크립트, vue 매개변수 질문','const getUserInfo = (target = \'\') => {\n\n  const storage = getLocalStorage(\'common\')\n\n  if (storage !== null) {\n\n    return target === \'\' ? storage.userInfo : storage.userInfo[target]\n\n  }\n\n  return {}\n\n}\n\n이러한 코드가 있습니다. 근데 매개변수에 (target = \'\' ) 이렇게 되어있는데\n\n이거는 매개변수 뭐가 들어오든지 간에 무조건 \'\' 으로 셋팅 하겠다라는 말이 맞나요??',0,0,0,'2023-02-14 15:01:51.000000','2023-02-14 15:01:51.000000',0,0),(530,9,45,'Spring boot Security 멀티 로그인 페이지 구현 질문입니다','안녕하세요 선배님들\n\nspring boot security 구현중인 주니어 개발자입니다\n\njavaconfig 방식으로 admin 로그인 페이지와 user 로그인 페이지로 나누어 로그인 기능을 구현하고자 합니다.\n\nSecurityConfig.java 클래스 내부에\n\n@Order(1)\n\npublic static class UserAdapter\n\n@Order(2)\n\npublic static class AdminAdapter\n\n와 같은 방식으로\n\n/user/** 또는 /admin/** 등으로 각자 필터 체인 적용되도록 구현한 상태입니다.\n\ncustomAuthenticationProvider와 customAuthenticationFilter등 과 같은 커스텀 클래스 또한\n\n각자 적용 시킬 수 있는 방법이 아무리 찾아도 모르겠어서 3일째 주차중입니다 ㅠ\n\n선배님들의 고견 부탁드립니다.',0,0,0,'2023-02-14 15:01:51.000000','2023-02-14 15:01:51.000000',0,0),(531,9,45,'db jpa spring','스프링 개발 중에 구글에 대부분 좋아요기능을 만드는데 이것을 다대다?관계로 보는데 저는 다대다 관계가 아닌 단지 일대다 다대일로 이루어진 관계라고 보이는데 다대다 관계인가요?\n\n사람 - 좋아요 - 게시글\n\n단지 좋아요 테이블에 fk사람,fk게시글이 있다고 해서 다대다는 아니지않나요..? (논리적인 다대다 관계를 물리적으로 일대다 다대일로 해결이 아닌)\n\n제가 연관관계를 잘 이해를 못 하는건가...\n\n그냥 단지 다대일 일대다로 이루어진 관계구나 생각했는데 다대다라고 하는분들도 있어서 갑자기 헷갈리네요..',0,0,0,'2023-02-14 15:01:51.000000','2023-02-14 15:01:51.000000',0,0),(532,9,45,'spring 멀티 모듈은 aws 배포를 어떻게 하시나요?','현재 멀티모듈을 사용해서 module-api, module-batch 를 분리 해 두었습니다.\n\n이 경우에는 각각의 모듈을 각각의 ec2 인스턴스에 배포하나요?\n\n아니면 하나의 인스턴스에서 포트번호를 다르게 한다던가, 하는 방식이 더 일반적인가요?',0,0,0,'2023-02-14 15:01:51.000000','2023-02-14 15:01:51.000000',0,0),(533,9,45,'jwt 토큰 구조는 그냥 마음대로 사용해도 되는건가요?','기본적으로 jwt는 access token, refresh token이 있고 사용자가 access token이 만료되었는지 알 필요 없이 만료되었으면 refresh token으로 access token을 생성해주는 것으로 알고 있습니다. 두 토큰 저장 위치가 달라야 하구요.\n\n현재 제가 프론트 서버를 따로 두지않아 access token, refresh token 둘 다 cookie로 전달해야 하는 상황에 있습니다. 아무리 httpOnly 옵션을 걸고 뭘 한다고 하더라도 둘 다 cookie로 받아오는 건 구조상 이상하다는 생각이 들더라구요. 보안적인 측면에서도 refresh token은 탈취되어서는 안되는데 이게 같은 위치에 존재한다는 건 같은 보안 수준을 갖고 있다는 방증인데 뭔가 이상하다고 느꼈습니다. 그렇다고 refresh token을 DB의 회원 테이블에 넣어서 만료시 DB에서 꺼내서 갱신해준다는 건 \'토큰\'을 사용하는 의미가 퇴색된다고 생각하구요.\n\naccess token, refresh token의 위치가 달라야 하는데 저는 무조건 쿠키로만 보낼 수 없는 상황입니다. 토큰 구조도 무조건 사용이 되어야 합니다. 브라우저만 서버를 이용하는 게 아니라 응용 프로그램에서도 서버로 요청을 보내는 구조여서요... (사내 시스템입니다) 응용 프로그램에서 서버로 요청을 보낼 때도 토큰을 사용하고, 브라우저에서도 토큰을 사용해서 통신을 하는 구조로 생각하고 있는데 이럴 경우에 그냥 access token을 3시간 정도로 제한하고 refresh token을 두지 않고 접근만 하고 매번 갱신하는 구조로 하는 것도 생각 중입니다. 정답이 있는 건 아니라고 해도 대부분 비슷한 식으로 구현을 하시더라구요... 둘 다 cookie로 넣고 사용해도 괜찮을까요? 아니면 access token만 3시간 정도로 제한하고 만료될 때마다 토큰을 발급해주는 형태로 하는 게 나을까요 ㅠㅠ\n\n(제가 뭐 분산 서버 구조가 있어서 토큰을 사용하는 것은 아니고 브라우저랑 로컬 응용 프로그램 모두 서버에 접근을 해야해서 토큰 구조를 이용하게 되었습니다.)\n\n계속 고민하다가 질문 남깁니다 ㅠㅠ 긴 글 읽어주셔서 감사합니다!',0,0,0,'2023-02-14 15:01:51.000000','2023-02-14 15:01:51.000000',0,0),(534,9,45,'페이지 이동을 해도 리스너가 저장되는 방법이 있을까요? (SPA 아님)','기존에 SPA로 했더니, 좀 문제가 이것저것 많아서 이번에는 전통적인 방식으로 만들려는데요.\n\n한가지 걸리는 게 전역적으로 이벤트 수신해야 되는 리스너가 하나 있습니다.\n\n이 리스너를 처음 연결된 상태로 페이지 이동해도 그대로 상태를 갖고 갈 수 있는 방법이 있을까요?\n\n일반 값들은 localStorage, sessionStorage 등을 쓰면 되는데, 리스너는 저런 비슷한 게 혹시 있을까요?',0,0,0,'2023-02-14 15:01:51.000000','2023-02-14 15:01:51.000000',0,0),(535,9,45,'스프링부트에서 thymleaf 없이 controller를 호출해서 context 파일의 html로 가는 방법이 있나요?','제목그대로 입니다\n\nthymleaf 사용하지 않고, url로 html 하지않고 controller에서 가고싶은데 계속 페이지를 못찾네요.',0,0,0,'2023-02-14 15:01:51.000000','2023-02-14 15:01:51.000000',0,0),(536,9,45,'import 경로 질문','import { instance, fileInstance } from \'./common/request\'\n\nimport { getUserInfo } from \'~/common/service/com/util\'\n\n이런 코드가 있는데\n\n./ 이거랑\n\n~/ 이거랑\n\n@/ 이거랑\n\n차이를 잘 모르겠는데 알려주시면 감사드리겠습니다 검색해도 잘 안나오네요..',0,0,0,'2023-02-14 15:01:51.000000','2023-02-14 15:01:51.000000',0,0),(537,9,45,'우분투 리눅스 lts 웹서버 하기위해 필요한것','리눅스 웹 페이지를 하기위해 필요한 것들이 뭐가 있을까요?....\n\n제가 아는거로는 아파치, 자바, 톰캣 밖에 없는데....다른게 더 필요할까요?',0,0,0,'2023-02-14 15:01:51.000000','2023-02-14 15:01:51.000000',0,0),(538,9,45,'자바스크립트 window.onload 관련 질문이요','ajax로 컨트롤러에서 받아온 jsp를 태그 안에 append로 추가하면 그 추가한 jsp안에 있는 window.onload가 실행이 안됩니다. 또 이상하게 새로고침 하면 실행이 되네요?\n\n그리고 $(function(){})나 $(document).ready 는 실행이 잘 되는데 window.onload에서만 안되요\n\nwindow.onload에서는 실행이 안되고 $(document).ready는 실행이 되는 이유가 뭘까요?',0,0,0,'2023-02-14 15:01:51.000000','2023-02-14 15:01:51.000000',0,0),(539,9,45,'[공지] 스터디장 하고 싶으신 분 연락주세요','싸탈합니다',0,0,0,'2023-02-14 15:01:51.000000','2023-02-14 15:01:51.000000',0,1),(540,9,45,'[공지] 오프라인 모임 시간 댓글 주세요','제목대로 입니다.',0,0,0,'2023-02-14 15:01:51.000000','2023-02-14 15:01:51.000000',0,1),(541,10,46,'자바스크립트, vue 매개변수 질문','const getUserInfo = (target = \'\') => {\n\n  const storage = getLocalStorage(\'common\')\n\n  if (storage !== null) {\n\n    return target === \'\' ? storage.userInfo : storage.userInfo[target]\n\n  }\n\n  return {}\n\n}\n\n이러한 코드가 있습니다. 근데 매개변수에 (target = \'\' ) 이렇게 되어있는데\n\n이거는 매개변수 뭐가 들어오든지 간에 무조건 \'\' 으로 셋팅 하겠다라는 말이 맞나요??',0,0,0,'2023-02-14 15:01:51.000000','2023-02-14 15:01:51.000000',0,0),(542,10,46,'Spring boot Security 멀티 로그인 페이지 구현 질문입니다','안녕하세요 선배님들\n\nspring boot security 구현중인 주니어 개발자입니다\n\njavaconfig 방식으로 admin 로그인 페이지와 user 로그인 페이지로 나누어 로그인 기능을 구현하고자 합니다.\n\nSecurityConfig.java 클래스 내부에\n\n@Order(1)\n\npublic static class UserAdapter\n\n@Order(2)\n\npublic static class AdminAdapter\n\n와 같은 방식으로\n\n/user/** 또는 /admin/** 등으로 각자 필터 체인 적용되도록 구현한 상태입니다.\n\ncustomAuthenticationProvider와 customAuthenticationFilter등 과 같은 커스텀 클래스 또한\n\n각자 적용 시킬 수 있는 방법이 아무리 찾아도 모르겠어서 3일째 주차중입니다 ㅠ\n\n선배님들의 고견 부탁드립니다.',0,0,0,'2023-02-14 15:01:51.000000','2023-02-14 15:01:51.000000',0,0),(543,10,46,'db jpa spring','스프링 개발 중에 구글에 대부분 좋아요기능을 만드는데 이것을 다대다?관계로 보는데 저는 다대다 관계가 아닌 단지 일대다 다대일로 이루어진 관계라고 보이는데 다대다 관계인가요?\n\n사람 - 좋아요 - 게시글\n\n단지 좋아요 테이블에 fk사람,fk게시글이 있다고 해서 다대다는 아니지않나요..? (논리적인 다대다 관계를 물리적으로 일대다 다대일로 해결이 아닌)\n\n제가 연관관계를 잘 이해를 못 하는건가...\n\n그냥 단지 다대일 일대다로 이루어진 관계구나 생각했는데 다대다라고 하는분들도 있어서 갑자기 헷갈리네요..',0,0,0,'2023-02-14 15:01:51.000000','2023-02-14 15:01:51.000000',0,0),(544,10,46,'spring 멀티 모듈은 aws 배포를 어떻게 하시나요?','현재 멀티모듈을 사용해서 module-api, module-batch 를 분리 해 두었습니다.\n\n이 경우에는 각각의 모듈을 각각의 ec2 인스턴스에 배포하나요?\n\n아니면 하나의 인스턴스에서 포트번호를 다르게 한다던가, 하는 방식이 더 일반적인가요?',0,0,0,'2023-02-14 15:01:51.000000','2023-02-14 15:01:51.000000',0,0),(545,10,46,'jwt 토큰 구조는 그냥 마음대로 사용해도 되는건가요?','기본적으로 jwt는 access token, refresh token이 있고 사용자가 access token이 만료되었는지 알 필요 없이 만료되었으면 refresh token으로 access token을 생성해주는 것으로 알고 있습니다. 두 토큰 저장 위치가 달라야 하구요.\n\n현재 제가 프론트 서버를 따로 두지않아 access token, refresh token 둘 다 cookie로 전달해야 하는 상황에 있습니다. 아무리 httpOnly 옵션을 걸고 뭘 한다고 하더라도 둘 다 cookie로 받아오는 건 구조상 이상하다는 생각이 들더라구요. 보안적인 측면에서도 refresh token은 탈취되어서는 안되는데 이게 같은 위치에 존재한다는 건 같은 보안 수준을 갖고 있다는 방증인데 뭔가 이상하다고 느꼈습니다. 그렇다고 refresh token을 DB의 회원 테이블에 넣어서 만료시 DB에서 꺼내서 갱신해준다는 건 \'토큰\'을 사용하는 의미가 퇴색된다고 생각하구요.\n\naccess token, refresh token의 위치가 달라야 하는데 저는 무조건 쿠키로만 보낼 수 없는 상황입니다. 토큰 구조도 무조건 사용이 되어야 합니다. 브라우저만 서버를 이용하는 게 아니라 응용 프로그램에서도 서버로 요청을 보내는 구조여서요... (사내 시스템입니다) 응용 프로그램에서 서버로 요청을 보낼 때도 토큰을 사용하고, 브라우저에서도 토큰을 사용해서 통신을 하는 구조로 생각하고 있는데 이럴 경우에 그냥 access token을 3시간 정도로 제한하고 refresh token을 두지 않고 접근만 하고 매번 갱신하는 구조로 하는 것도 생각 중입니다. 정답이 있는 건 아니라고 해도 대부분 비슷한 식으로 구현을 하시더라구요... 둘 다 cookie로 넣고 사용해도 괜찮을까요? 아니면 access token만 3시간 정도로 제한하고 만료될 때마다 토큰을 발급해주는 형태로 하는 게 나을까요 ㅠㅠ\n\n(제가 뭐 분산 서버 구조가 있어서 토큰을 사용하는 것은 아니고 브라우저랑 로컬 응용 프로그램 모두 서버에 접근을 해야해서 토큰 구조를 이용하게 되었습니다.)\n\n계속 고민하다가 질문 남깁니다 ㅠㅠ 긴 글 읽어주셔서 감사합니다!',0,0,0,'2023-02-14 15:01:51.000000','2023-02-14 15:01:51.000000',0,0),(546,10,46,'페이지 이동을 해도 리스너가 저장되는 방법이 있을까요? (SPA 아님)','기존에 SPA로 했더니, 좀 문제가 이것저것 많아서 이번에는 전통적인 방식으로 만들려는데요.\n\n한가지 걸리는 게 전역적으로 이벤트 수신해야 되는 리스너가 하나 있습니다.\n\n이 리스너를 처음 연결된 상태로 페이지 이동해도 그대로 상태를 갖고 갈 수 있는 방법이 있을까요?\n\n일반 값들은 localStorage, sessionStorage 등을 쓰면 되는데, 리스너는 저런 비슷한 게 혹시 있을까요?',0,0,0,'2023-02-14 15:01:51.000000','2023-02-14 15:01:51.000000',0,0),(547,10,46,'스프링부트에서 thymleaf 없이 controller를 호출해서 context 파일의 html로 가는 방법이 있나요?','제목그대로 입니다\n\nthymleaf 사용하지 않고, url로 html 하지않고 controller에서 가고싶은데 계속 페이지를 못찾네요.',0,0,0,'2023-02-14 15:01:51.000000','2023-02-14 15:01:51.000000',0,0),(548,10,46,'import 경로 질문','import { instance, fileInstance } from \'./common/request\'\n\nimport { getUserInfo } from \'~/common/service/com/util\'\n\n이런 코드가 있는데\n\n./ 이거랑\n\n~/ 이거랑\n\n@/ 이거랑\n\n차이를 잘 모르겠는데 알려주시면 감사드리겠습니다 검색해도 잘 안나오네요..',0,0,0,'2023-02-14 15:01:51.000000','2023-02-14 15:01:51.000000',0,0),(549,10,46,'우분투 리눅스 lts 웹서버 하기위해 필요한것','리눅스 웹 페이지를 하기위해 필요한 것들이 뭐가 있을까요?....\n\n제가 아는거로는 아파치, 자바, 톰캣 밖에 없는데....다른게 더 필요할까요?',0,0,0,'2023-02-14 15:01:51.000000','2023-02-14 15:01:51.000000',0,0),(550,10,46,'자바스크립트 window.onload 관련 질문이요','ajax로 컨트롤러에서 받아온 jsp를 태그 안에 append로 추가하면 그 추가한 jsp안에 있는 window.onload가 실행이 안됩니다. 또 이상하게 새로고침 하면 실행이 되네요?\n\n그리고 $(function(){})나 $(document).ready 는 실행이 잘 되는데 window.onload에서만 안되요\n\nwindow.onload에서는 실행이 안되고 $(document).ready는 실행이 되는 이유가 뭘까요?',0,0,0,'2023-02-14 15:01:51.000000','2023-02-14 15:01:51.000000',0,0),(551,10,46,'[공지] 스터디장 하고 싶으신 분 연락주세요','싸탈합니다',0,0,0,'2023-02-14 15:01:51.000000','2023-02-14 15:01:51.000000',0,1),(552,10,46,'[공지] 오프라인 모임 시간 댓글 주세요','제목대로 입니다.',0,0,0,'2023-02-14 15:01:51.000000','2023-02-14 15:01:51.000000',0,1),(553,10,47,'자바스크립트, vue 매개변수 질문','const getUserInfo = (target = \'\') => {\n\n  const storage = getLocalStorage(\'common\')\n\n  if (storage !== null) {\n\n    return target === \'\' ? storage.userInfo : storage.userInfo[target]\n\n  }\n\n  return {}\n\n}\n\n이러한 코드가 있습니다. 근데 매개변수에 (target = \'\' ) 이렇게 되어있는데\n\n이거는 매개변수 뭐가 들어오든지 간에 무조건 \'\' 으로 셋팅 하겠다라는 말이 맞나요??',0,0,0,'2023-02-14 15:01:51.000000','2023-02-14 15:01:51.000000',0,0),(554,10,47,'Spring boot Security 멀티 로그인 페이지 구현 질문입니다','안녕하세요 선배님들\n\nspring boot security 구현중인 주니어 개발자입니다\n\njavaconfig 방식으로 admin 로그인 페이지와 user 로그인 페이지로 나누어 로그인 기능을 구현하고자 합니다.\n\nSecurityConfig.java 클래스 내부에\n\n@Order(1)\n\npublic static class UserAdapter\n\n@Order(2)\n\npublic static class AdminAdapter\n\n와 같은 방식으로\n\n/user/** 또는 /admin/** 등으로 각자 필터 체인 적용되도록 구현한 상태입니다.\n\ncustomAuthenticationProvider와 customAuthenticationFilter등 과 같은 커스텀 클래스 또한\n\n각자 적용 시킬 수 있는 방법이 아무리 찾아도 모르겠어서 3일째 주차중입니다 ㅠ\n\n선배님들의 고견 부탁드립니다.',0,0,0,'2023-02-14 15:01:51.000000','2023-02-14 15:01:51.000000',0,0),(555,10,47,'db jpa spring','스프링 개발 중에 구글에 대부분 좋아요기능을 만드는데 이것을 다대다?관계로 보는데 저는 다대다 관계가 아닌 단지 일대다 다대일로 이루어진 관계라고 보이는데 다대다 관계인가요?\n\n사람 - 좋아요 - 게시글\n\n단지 좋아요 테이블에 fk사람,fk게시글이 있다고 해서 다대다는 아니지않나요..? (논리적인 다대다 관계를 물리적으로 일대다 다대일로 해결이 아닌)\n\n제가 연관관계를 잘 이해를 못 하는건가...\n\n그냥 단지 다대일 일대다로 이루어진 관계구나 생각했는데 다대다라고 하는분들도 있어서 갑자기 헷갈리네요..',0,0,0,'2023-02-14 15:01:51.000000','2023-02-14 15:01:51.000000',0,0),(556,10,47,'spring 멀티 모듈은 aws 배포를 어떻게 하시나요?','현재 멀티모듈을 사용해서 module-api, module-batch 를 분리 해 두었습니다.\n\n이 경우에는 각각의 모듈을 각각의 ec2 인스턴스에 배포하나요?\n\n아니면 하나의 인스턴스에서 포트번호를 다르게 한다던가, 하는 방식이 더 일반적인가요?',0,0,0,'2023-02-14 15:01:51.000000','2023-02-14 15:01:51.000000',0,0),(557,10,47,'jwt 토큰 구조는 그냥 마음대로 사용해도 되는건가요?','기본적으로 jwt는 access token, refresh token이 있고 사용자가 access token이 만료되었는지 알 필요 없이 만료되었으면 refresh token으로 access token을 생성해주는 것으로 알고 있습니다. 두 토큰 저장 위치가 달라야 하구요.\n\n현재 제가 프론트 서버를 따로 두지않아 access token, refresh token 둘 다 cookie로 전달해야 하는 상황에 있습니다. 아무리 httpOnly 옵션을 걸고 뭘 한다고 하더라도 둘 다 cookie로 받아오는 건 구조상 이상하다는 생각이 들더라구요. 보안적인 측면에서도 refresh token은 탈취되어서는 안되는데 이게 같은 위치에 존재한다는 건 같은 보안 수준을 갖고 있다는 방증인데 뭔가 이상하다고 느꼈습니다. 그렇다고 refresh token을 DB의 회원 테이블에 넣어서 만료시 DB에서 꺼내서 갱신해준다는 건 \'토큰\'을 사용하는 의미가 퇴색된다고 생각하구요.\n\naccess token, refresh token의 위치가 달라야 하는데 저는 무조건 쿠키로만 보낼 수 없는 상황입니다. 토큰 구조도 무조건 사용이 되어야 합니다. 브라우저만 서버를 이용하는 게 아니라 응용 프로그램에서도 서버로 요청을 보내는 구조여서요... (사내 시스템입니다) 응용 프로그램에서 서버로 요청을 보낼 때도 토큰을 사용하고, 브라우저에서도 토큰을 사용해서 통신을 하는 구조로 생각하고 있는데 이럴 경우에 그냥 access token을 3시간 정도로 제한하고 refresh token을 두지 않고 접근만 하고 매번 갱신하는 구조로 하는 것도 생각 중입니다. 정답이 있는 건 아니라고 해도 대부분 비슷한 식으로 구현을 하시더라구요... 둘 다 cookie로 넣고 사용해도 괜찮을까요? 아니면 access token만 3시간 정도로 제한하고 만료될 때마다 토큰을 발급해주는 형태로 하는 게 나을까요 ㅠㅠ\n\n(제가 뭐 분산 서버 구조가 있어서 토큰을 사용하는 것은 아니고 브라우저랑 로컬 응용 프로그램 모두 서버에 접근을 해야해서 토큰 구조를 이용하게 되었습니다.)\n\n계속 고민하다가 질문 남깁니다 ㅠㅠ 긴 글 읽어주셔서 감사합니다!',0,0,0,'2023-02-14 15:01:51.000000','2023-02-14 15:01:51.000000',0,0),(558,10,47,'페이지 이동을 해도 리스너가 저장되는 방법이 있을까요? (SPA 아님)','기존에 SPA로 했더니, 좀 문제가 이것저것 많아서 이번에는 전통적인 방식으로 만들려는데요.\n\n한가지 걸리는 게 전역적으로 이벤트 수신해야 되는 리스너가 하나 있습니다.\n\n이 리스너를 처음 연결된 상태로 페이지 이동해도 그대로 상태를 갖고 갈 수 있는 방법이 있을까요?\n\n일반 값들은 localStorage, sessionStorage 등을 쓰면 되는데, 리스너는 저런 비슷한 게 혹시 있을까요?',0,0,0,'2023-02-14 15:01:51.000000','2023-02-14 15:01:51.000000',0,0),(559,10,47,'스프링부트에서 thymleaf 없이 controller를 호출해서 context 파일의 html로 가는 방법이 있나요?','제목그대로 입니다\n\nthymleaf 사용하지 않고, url로 html 하지않고 controller에서 가고싶은데 계속 페이지를 못찾네요.',0,0,0,'2023-02-14 15:01:51.000000','2023-02-14 15:01:51.000000',0,0),(560,10,47,'import 경로 질문','import { instance, fileInstance } from \'./common/request\'\n\nimport { getUserInfo } from \'~/common/service/com/util\'\n\n이런 코드가 있는데\n\n./ 이거랑\n\n~/ 이거랑\n\n@/ 이거랑\n\n차이를 잘 모르겠는데 알려주시면 감사드리겠습니다 검색해도 잘 안나오네요..',0,0,0,'2023-02-14 15:01:51.000000','2023-02-14 15:01:51.000000',0,0),(561,10,47,'우분투 리눅스 lts 웹서버 하기위해 필요한것','리눅스 웹 페이지를 하기위해 필요한 것들이 뭐가 있을까요?....\n\n제가 아는거로는 아파치, 자바, 톰캣 밖에 없는데....다른게 더 필요할까요?',0,0,0,'2023-02-14 15:01:51.000000','2023-02-14 15:01:51.000000',0,0),(562,10,47,'자바스크립트 window.onload 관련 질문이요','ajax로 컨트롤러에서 받아온 jsp를 태그 안에 append로 추가하면 그 추가한 jsp안에 있는 window.onload가 실행이 안됩니다. 또 이상하게 새로고침 하면 실행이 되네요?\n\n그리고 $(function(){})나 $(document).ready 는 실행이 잘 되는데 window.onload에서만 안되요\n\nwindow.onload에서는 실행이 안되고 $(document).ready는 실행이 되는 이유가 뭘까요?',0,0,0,'2023-02-14 15:01:51.000000','2023-02-14 15:01:51.000000',0,0),(563,10,47,'[공지] 스터디장 하고 싶으신 분 연락주세요','싸탈합니다',0,0,0,'2023-02-14 15:01:51.000000','2023-02-14 15:01:51.000000',0,1),(564,10,47,'[공지] 오프라인 모임 시간 댓글 주세요','제목대로 입니다.',0,0,0,'2023-02-14 15:01:51.000000','2023-02-14 15:01:51.000000',0,1),(565,10,48,'자바스크립트, vue 매개변수 질문','const getUserInfo = (target = \'\') => {\n\n  const storage = getLocalStorage(\'common\')\n\n  if (storage !== null) {\n\n    return target === \'\' ? storage.userInfo : storage.userInfo[target]\n\n  }\n\n  return {}\n\n}\n\n이러한 코드가 있습니다. 근데 매개변수에 (target = \'\' ) 이렇게 되어있는데\n\n이거는 매개변수 뭐가 들어오든지 간에 무조건 \'\' 으로 셋팅 하겠다라는 말이 맞나요??',0,0,0,'2023-02-14 15:01:51.000000','2023-02-14 15:01:51.000000',0,0),(566,10,48,'Spring boot Security 멀티 로그인 페이지 구현 질문입니다','안녕하세요 선배님들\n\nspring boot security 구현중인 주니어 개발자입니다\n\njavaconfig 방식으로 admin 로그인 페이지와 user 로그인 페이지로 나누어 로그인 기능을 구현하고자 합니다.\n\nSecurityConfig.java 클래스 내부에\n\n@Order(1)\n\npublic static class UserAdapter\n\n@Order(2)\n\npublic static class AdminAdapter\n\n와 같은 방식으로\n\n/user/** 또는 /admin/** 등으로 각자 필터 체인 적용되도록 구현한 상태입니다.\n\ncustomAuthenticationProvider와 customAuthenticationFilter등 과 같은 커스텀 클래스 또한\n\n각자 적용 시킬 수 있는 방법이 아무리 찾아도 모르겠어서 3일째 주차중입니다 ㅠ\n\n선배님들의 고견 부탁드립니다.',0,0,0,'2023-02-14 15:01:51.000000','2023-02-14 15:01:51.000000',0,0),(567,10,48,'db jpa spring','스프링 개발 중에 구글에 대부분 좋아요기능을 만드는데 이것을 다대다?관계로 보는데 저는 다대다 관계가 아닌 단지 일대다 다대일로 이루어진 관계라고 보이는데 다대다 관계인가요?\n\n사람 - 좋아요 - 게시글\n\n단지 좋아요 테이블에 fk사람,fk게시글이 있다고 해서 다대다는 아니지않나요..? (논리적인 다대다 관계를 물리적으로 일대다 다대일로 해결이 아닌)\n\n제가 연관관계를 잘 이해를 못 하는건가...\n\n그냥 단지 다대일 일대다로 이루어진 관계구나 생각했는데 다대다라고 하는분들도 있어서 갑자기 헷갈리네요..',0,0,0,'2023-02-14 15:01:51.000000','2023-02-14 15:01:51.000000',0,0),(568,10,48,'spring 멀티 모듈은 aws 배포를 어떻게 하시나요?','현재 멀티모듈을 사용해서 module-api, module-batch 를 분리 해 두었습니다.\n\n이 경우에는 각각의 모듈을 각각의 ec2 인스턴스에 배포하나요?\n\n아니면 하나의 인스턴스에서 포트번호를 다르게 한다던가, 하는 방식이 더 일반적인가요?',0,0,0,'2023-02-14 15:01:51.000000','2023-02-14 15:01:51.000000',0,0),(569,10,48,'jwt 토큰 구조는 그냥 마음대로 사용해도 되는건가요?','기본적으로 jwt는 access token, refresh token이 있고 사용자가 access token이 만료되었는지 알 필요 없이 만료되었으면 refresh token으로 access token을 생성해주는 것으로 알고 있습니다. 두 토큰 저장 위치가 달라야 하구요.\n\n현재 제가 프론트 서버를 따로 두지않아 access token, refresh token 둘 다 cookie로 전달해야 하는 상황에 있습니다. 아무리 httpOnly 옵션을 걸고 뭘 한다고 하더라도 둘 다 cookie로 받아오는 건 구조상 이상하다는 생각이 들더라구요. 보안적인 측면에서도 refresh token은 탈취되어서는 안되는데 이게 같은 위치에 존재한다는 건 같은 보안 수준을 갖고 있다는 방증인데 뭔가 이상하다고 느꼈습니다. 그렇다고 refresh token을 DB의 회원 테이블에 넣어서 만료시 DB에서 꺼내서 갱신해준다는 건 \'토큰\'을 사용하는 의미가 퇴색된다고 생각하구요.\n\naccess token, refresh token의 위치가 달라야 하는데 저는 무조건 쿠키로만 보낼 수 없는 상황입니다. 토큰 구조도 무조건 사용이 되어야 합니다. 브라우저만 서버를 이용하는 게 아니라 응용 프로그램에서도 서버로 요청을 보내는 구조여서요... (사내 시스템입니다) 응용 프로그램에서 서버로 요청을 보낼 때도 토큰을 사용하고, 브라우저에서도 토큰을 사용해서 통신을 하는 구조로 생각하고 있는데 이럴 경우에 그냥 access token을 3시간 정도로 제한하고 refresh token을 두지 않고 접근만 하고 매번 갱신하는 구조로 하는 것도 생각 중입니다. 정답이 있는 건 아니라고 해도 대부분 비슷한 식으로 구현을 하시더라구요... 둘 다 cookie로 넣고 사용해도 괜찮을까요? 아니면 access token만 3시간 정도로 제한하고 만료될 때마다 토큰을 발급해주는 형태로 하는 게 나을까요 ㅠㅠ\n\n(제가 뭐 분산 서버 구조가 있어서 토큰을 사용하는 것은 아니고 브라우저랑 로컬 응용 프로그램 모두 서버에 접근을 해야해서 토큰 구조를 이용하게 되었습니다.)\n\n계속 고민하다가 질문 남깁니다 ㅠㅠ 긴 글 읽어주셔서 감사합니다!',0,0,0,'2023-02-14 15:01:51.000000','2023-02-14 15:01:51.000000',0,0),(570,10,48,'페이지 이동을 해도 리스너가 저장되는 방법이 있을까요? (SPA 아님)','기존에 SPA로 했더니, 좀 문제가 이것저것 많아서 이번에는 전통적인 방식으로 만들려는데요.\n\n한가지 걸리는 게 전역적으로 이벤트 수신해야 되는 리스너가 하나 있습니다.\n\n이 리스너를 처음 연결된 상태로 페이지 이동해도 그대로 상태를 갖고 갈 수 있는 방법이 있을까요?\n\n일반 값들은 localStorage, sessionStorage 등을 쓰면 되는데, 리스너는 저런 비슷한 게 혹시 있을까요?',0,0,0,'2023-02-14 15:01:51.000000','2023-02-14 15:01:51.000000',0,0),(571,10,48,'스프링부트에서 thymleaf 없이 controller를 호출해서 context 파일의 html로 가는 방법이 있나요?','제목그대로 입니다\n\nthymleaf 사용하지 않고, url로 html 하지않고 controller에서 가고싶은데 계속 페이지를 못찾네요.',0,0,0,'2023-02-14 15:01:51.000000','2023-02-14 15:01:51.000000',0,0),(572,10,48,'import 경로 질문','import { instance, fileInstance } from \'./common/request\'\n\nimport { getUserInfo } from \'~/common/service/com/util\'\n\n이런 코드가 있는데\n\n./ 이거랑\n\n~/ 이거랑\n\n@/ 이거랑\n\n차이를 잘 모르겠는데 알려주시면 감사드리겠습니다 검색해도 잘 안나오네요..',0,0,0,'2023-02-14 15:01:51.000000','2023-02-14 15:01:51.000000',0,0),(573,10,48,'우분투 리눅스 lts 웹서버 하기위해 필요한것','리눅스 웹 페이지를 하기위해 필요한 것들이 뭐가 있을까요?....\n\n제가 아는거로는 아파치, 자바, 톰캣 밖에 없는데....다른게 더 필요할까요?',0,0,0,'2023-02-14 15:01:51.000000','2023-02-14 15:01:51.000000',0,0),(574,10,48,'자바스크립트 window.onload 관련 질문이요','ajax로 컨트롤러에서 받아온 jsp를 태그 안에 append로 추가하면 그 추가한 jsp안에 있는 window.onload가 실행이 안됩니다. 또 이상하게 새로고침 하면 실행이 되네요?\n\n그리고 $(function(){})나 $(document).ready 는 실행이 잘 되는데 window.onload에서만 안되요\n\nwindow.onload에서는 실행이 안되고 $(document).ready는 실행이 되는 이유가 뭘까요?',0,0,0,'2023-02-14 15:01:51.000000','2023-02-14 15:01:51.000000',0,0),(575,10,48,'[공지] 스터디장 하고 싶으신 분 연락주세요','싸탈합니다',0,0,0,'2023-02-14 15:01:51.000000','2023-02-14 15:01:51.000000',0,1),(576,10,48,'[공지] 오프라인 모임 시간 댓글 주세요','제목대로 입니다.',0,0,0,'2023-02-14 15:01:51.000000','2023-02-14 15:01:51.000000',0,1),(577,10,49,'자바스크립트, vue 매개변수 질문','const getUserInfo = (target = \'\') => {\n\n  const storage = getLocalStorage(\'common\')\n\n  if (storage !== null) {\n\n    return target === \'\' ? storage.userInfo : storage.userInfo[target]\n\n  }\n\n  return {}\n\n}\n\n이러한 코드가 있습니다. 근데 매개변수에 (target = \'\' ) 이렇게 되어있는데\n\n이거는 매개변수 뭐가 들어오든지 간에 무조건 \'\' 으로 셋팅 하겠다라는 말이 맞나요??',0,0,0,'2023-02-14 15:01:51.000000','2023-02-14 15:01:51.000000',0,0),(578,10,49,'Spring boot Security 멀티 로그인 페이지 구현 질문입니다','안녕하세요 선배님들\n\nspring boot security 구현중인 주니어 개발자입니다\n\njavaconfig 방식으로 admin 로그인 페이지와 user 로그인 페이지로 나누어 로그인 기능을 구현하고자 합니다.\n\nSecurityConfig.java 클래스 내부에\n\n@Order(1)\n\npublic static class UserAdapter\n\n@Order(2)\n\npublic static class AdminAdapter\n\n와 같은 방식으로\n\n/user/** 또는 /admin/** 등으로 각자 필터 체인 적용되도록 구현한 상태입니다.\n\ncustomAuthenticationProvider와 customAuthenticationFilter등 과 같은 커스텀 클래스 또한\n\n각자 적용 시킬 수 있는 방법이 아무리 찾아도 모르겠어서 3일째 주차중입니다 ㅠ\n\n선배님들의 고견 부탁드립니다.',0,0,0,'2023-02-14 15:01:51.000000','2023-02-14 15:01:51.000000',0,0),(579,10,49,'db jpa spring','스프링 개발 중에 구글에 대부분 좋아요기능을 만드는데 이것을 다대다?관계로 보는데 저는 다대다 관계가 아닌 단지 일대다 다대일로 이루어진 관계라고 보이는데 다대다 관계인가요?\n\n사람 - 좋아요 - 게시글\n\n단지 좋아요 테이블에 fk사람,fk게시글이 있다고 해서 다대다는 아니지않나요..? (논리적인 다대다 관계를 물리적으로 일대다 다대일로 해결이 아닌)\n\n제가 연관관계를 잘 이해를 못 하는건가...\n\n그냥 단지 다대일 일대다로 이루어진 관계구나 생각했는데 다대다라고 하는분들도 있어서 갑자기 헷갈리네요..',0,0,0,'2023-02-14 15:01:51.000000','2023-02-14 15:01:51.000000',0,0),(580,10,49,'spring 멀티 모듈은 aws 배포를 어떻게 하시나요?','현재 멀티모듈을 사용해서 module-api, module-batch 를 분리 해 두었습니다.\n\n이 경우에는 각각의 모듈을 각각의 ec2 인스턴스에 배포하나요?\n\n아니면 하나의 인스턴스에서 포트번호를 다르게 한다던가, 하는 방식이 더 일반적인가요?',0,0,0,'2023-02-14 15:01:51.000000','2023-02-14 15:01:51.000000',0,0),(581,10,49,'jwt 토큰 구조는 그냥 마음대로 사용해도 되는건가요?','기본적으로 jwt는 access token, refresh token이 있고 사용자가 access token이 만료되었는지 알 필요 없이 만료되었으면 refresh token으로 access token을 생성해주는 것으로 알고 있습니다. 두 토큰 저장 위치가 달라야 하구요.\n\n현재 제가 프론트 서버를 따로 두지않아 access token, refresh token 둘 다 cookie로 전달해야 하는 상황에 있습니다. 아무리 httpOnly 옵션을 걸고 뭘 한다고 하더라도 둘 다 cookie로 받아오는 건 구조상 이상하다는 생각이 들더라구요. 보안적인 측면에서도 refresh token은 탈취되어서는 안되는데 이게 같은 위치에 존재한다는 건 같은 보안 수준을 갖고 있다는 방증인데 뭔가 이상하다고 느꼈습니다. 그렇다고 refresh token을 DB의 회원 테이블에 넣어서 만료시 DB에서 꺼내서 갱신해준다는 건 \'토큰\'을 사용하는 의미가 퇴색된다고 생각하구요.\n\naccess token, refresh token의 위치가 달라야 하는데 저는 무조건 쿠키로만 보낼 수 없는 상황입니다. 토큰 구조도 무조건 사용이 되어야 합니다. 브라우저만 서버를 이용하는 게 아니라 응용 프로그램에서도 서버로 요청을 보내는 구조여서요... (사내 시스템입니다) 응용 프로그램에서 서버로 요청을 보낼 때도 토큰을 사용하고, 브라우저에서도 토큰을 사용해서 통신을 하는 구조로 생각하고 있는데 이럴 경우에 그냥 access token을 3시간 정도로 제한하고 refresh token을 두지 않고 접근만 하고 매번 갱신하는 구조로 하는 것도 생각 중입니다. 정답이 있는 건 아니라고 해도 대부분 비슷한 식으로 구현을 하시더라구요... 둘 다 cookie로 넣고 사용해도 괜찮을까요? 아니면 access token만 3시간 정도로 제한하고 만료될 때마다 토큰을 발급해주는 형태로 하는 게 나을까요 ㅠㅠ\n\n(제가 뭐 분산 서버 구조가 있어서 토큰을 사용하는 것은 아니고 브라우저랑 로컬 응용 프로그램 모두 서버에 접근을 해야해서 토큰 구조를 이용하게 되었습니다.)\n\n계속 고민하다가 질문 남깁니다 ㅠㅠ 긴 글 읽어주셔서 감사합니다!',0,0,0,'2023-02-14 15:01:51.000000','2023-02-14 15:01:51.000000',0,0),(582,10,49,'페이지 이동을 해도 리스너가 저장되는 방법이 있을까요? (SPA 아님)','기존에 SPA로 했더니, 좀 문제가 이것저것 많아서 이번에는 전통적인 방식으로 만들려는데요.\n\n한가지 걸리는 게 전역적으로 이벤트 수신해야 되는 리스너가 하나 있습니다.\n\n이 리스너를 처음 연결된 상태로 페이지 이동해도 그대로 상태를 갖고 갈 수 있는 방법이 있을까요?\n\n일반 값들은 localStorage, sessionStorage 등을 쓰면 되는데, 리스너는 저런 비슷한 게 혹시 있을까요?',0,0,0,'2023-02-14 15:01:51.000000','2023-02-14 15:01:51.000000',0,0),(583,10,49,'스프링부트에서 thymleaf 없이 controller를 호출해서 context 파일의 html로 가는 방법이 있나요?','제목그대로 입니다\n\nthymleaf 사용하지 않고, url로 html 하지않고 controller에서 가고싶은데 계속 페이지를 못찾네요.',0,0,0,'2023-02-14 15:01:51.000000','2023-02-14 15:01:51.000000',0,0),(584,10,49,'import 경로 질문','import { instance, fileInstance } from \'./common/request\'\n\nimport { getUserInfo } from \'~/common/service/com/util\'\n\n이런 코드가 있는데\n\n./ 이거랑\n\n~/ 이거랑\n\n@/ 이거랑\n\n차이를 잘 모르겠는데 알려주시면 감사드리겠습니다 검색해도 잘 안나오네요..',0,0,0,'2023-02-14 15:01:51.000000','2023-02-14 15:01:51.000000',0,0),(585,10,49,'우분투 리눅스 lts 웹서버 하기위해 필요한것','리눅스 웹 페이지를 하기위해 필요한 것들이 뭐가 있을까요?....\n\n제가 아는거로는 아파치, 자바, 톰캣 밖에 없는데....다른게 더 필요할까요?',0,0,0,'2023-02-14 15:01:51.000000','2023-02-14 15:01:51.000000',0,0),(586,10,49,'자바스크립트 window.onload 관련 질문이요','ajax로 컨트롤러에서 받아온 jsp를 태그 안에 append로 추가하면 그 추가한 jsp안에 있는 window.onload가 실행이 안됩니다. 또 이상하게 새로고침 하면 실행이 되네요?\n\n그리고 $(function(){})나 $(document).ready 는 실행이 잘 되는데 window.onload에서만 안되요\n\nwindow.onload에서는 실행이 안되고 $(document).ready는 실행이 되는 이유가 뭘까요?',0,0,0,'2023-02-14 15:01:51.000000','2023-02-14 15:01:51.000000',0,0),(587,10,49,'[공지] 스터디장 하고 싶으신 분 연락주세요','싸탈합니다',0,0,0,'2023-02-14 15:01:51.000000','2023-02-14 15:01:51.000000',0,1),(588,10,49,'[공지] 오프라인 모임 시간 댓글 주세요','제목대로 입니다.',0,0,0,'2023-02-14 15:01:51.000000','2023-02-14 15:01:51.000000',0,1),(589,10,50,'자바스크립트, vue 매개변수 질문','const getUserInfo = (target = \'\') => {\n\n  const storage = getLocalStorage(\'common\')\n\n  if (storage !== null) {\n\n    return target === \'\' ? storage.userInfo : storage.userInfo[target]\n\n  }\n\n  return {}\n\n}\n\n이러한 코드가 있습니다. 근데 매개변수에 (target = \'\' ) 이렇게 되어있는데\n\n이거는 매개변수 뭐가 들어오든지 간에 무조건 \'\' 으로 셋팅 하겠다라는 말이 맞나요??',0,0,0,'2023-02-14 15:01:51.000000','2023-02-14 15:01:51.000000',0,0),(590,10,50,'Spring boot Security 멀티 로그인 페이지 구현 질문입니다','안녕하세요 선배님들\n\nspring boot security 구현중인 주니어 개발자입니다\n\njavaconfig 방식으로 admin 로그인 페이지와 user 로그인 페이지로 나누어 로그인 기능을 구현하고자 합니다.\n\nSecurityConfig.java 클래스 내부에\n\n@Order(1)\n\npublic static class UserAdapter\n\n@Order(2)\n\npublic static class AdminAdapter\n\n와 같은 방식으로\n\n/user/** 또는 /admin/** 등으로 각자 필터 체인 적용되도록 구현한 상태입니다.\n\ncustomAuthenticationProvider와 customAuthenticationFilter등 과 같은 커스텀 클래스 또한\n\n각자 적용 시킬 수 있는 방법이 아무리 찾아도 모르겠어서 3일째 주차중입니다 ㅠ\n\n선배님들의 고견 부탁드립니다.',0,0,0,'2023-02-14 15:01:51.000000','2023-02-14 15:01:51.000000',0,0),(591,10,50,'db jpa spring','스프링 개발 중에 구글에 대부분 좋아요기능을 만드는데 이것을 다대다?관계로 보는데 저는 다대다 관계가 아닌 단지 일대다 다대일로 이루어진 관계라고 보이는데 다대다 관계인가요?\n\n사람 - 좋아요 - 게시글\n\n단지 좋아요 테이블에 fk사람,fk게시글이 있다고 해서 다대다는 아니지않나요..? (논리적인 다대다 관계를 물리적으로 일대다 다대일로 해결이 아닌)\n\n제가 연관관계를 잘 이해를 못 하는건가...\n\n그냥 단지 다대일 일대다로 이루어진 관계구나 생각했는데 다대다라고 하는분들도 있어서 갑자기 헷갈리네요..',0,0,0,'2023-02-14 15:01:51.000000','2023-02-14 15:01:51.000000',0,0),(592,10,50,'spring 멀티 모듈은 aws 배포를 어떻게 하시나요?','현재 멀티모듈을 사용해서 module-api, module-batch 를 분리 해 두었습니다.\n\n이 경우에는 각각의 모듈을 각각의 ec2 인스턴스에 배포하나요?\n\n아니면 하나의 인스턴스에서 포트번호를 다르게 한다던가, 하는 방식이 더 일반적인가요?',0,0,0,'2023-02-14 15:01:51.000000','2023-02-14 15:01:51.000000',0,0),(593,10,50,'jwt 토큰 구조는 그냥 마음대로 사용해도 되는건가요?','기본적으로 jwt는 access token, refresh token이 있고 사용자가 access token이 만료되었는지 알 필요 없이 만료되었으면 refresh token으로 access token을 생성해주는 것으로 알고 있습니다. 두 토큰 저장 위치가 달라야 하구요.\n\n현재 제가 프론트 서버를 따로 두지않아 access token, refresh token 둘 다 cookie로 전달해야 하는 상황에 있습니다. 아무리 httpOnly 옵션을 걸고 뭘 한다고 하더라도 둘 다 cookie로 받아오는 건 구조상 이상하다는 생각이 들더라구요. 보안적인 측면에서도 refresh token은 탈취되어서는 안되는데 이게 같은 위치에 존재한다는 건 같은 보안 수준을 갖고 있다는 방증인데 뭔가 이상하다고 느꼈습니다. 그렇다고 refresh token을 DB의 회원 테이블에 넣어서 만료시 DB에서 꺼내서 갱신해준다는 건 \'토큰\'을 사용하는 의미가 퇴색된다고 생각하구요.\n\naccess token, refresh token의 위치가 달라야 하는데 저는 무조건 쿠키로만 보낼 수 없는 상황입니다. 토큰 구조도 무조건 사용이 되어야 합니다. 브라우저만 서버를 이용하는 게 아니라 응용 프로그램에서도 서버로 요청을 보내는 구조여서요... (사내 시스템입니다) 응용 프로그램에서 서버로 요청을 보낼 때도 토큰을 사용하고, 브라우저에서도 토큰을 사용해서 통신을 하는 구조로 생각하고 있는데 이럴 경우에 그냥 access token을 3시간 정도로 제한하고 refresh token을 두지 않고 접근만 하고 매번 갱신하는 구조로 하는 것도 생각 중입니다. 정답이 있는 건 아니라고 해도 대부분 비슷한 식으로 구현을 하시더라구요... 둘 다 cookie로 넣고 사용해도 괜찮을까요? 아니면 access token만 3시간 정도로 제한하고 만료될 때마다 토큰을 발급해주는 형태로 하는 게 나을까요 ㅠㅠ\n\n(제가 뭐 분산 서버 구조가 있어서 토큰을 사용하는 것은 아니고 브라우저랑 로컬 응용 프로그램 모두 서버에 접근을 해야해서 토큰 구조를 이용하게 되었습니다.)\n\n계속 고민하다가 질문 남깁니다 ㅠㅠ 긴 글 읽어주셔서 감사합니다!',0,0,0,'2023-02-14 15:01:51.000000','2023-02-14 15:01:51.000000',0,0),(594,10,50,'페이지 이동을 해도 리스너가 저장되는 방법이 있을까요? (SPA 아님)','기존에 SPA로 했더니, 좀 문제가 이것저것 많아서 이번에는 전통적인 방식으로 만들려는데요.\n\n한가지 걸리는 게 전역적으로 이벤트 수신해야 되는 리스너가 하나 있습니다.\n\n이 리스너를 처음 연결된 상태로 페이지 이동해도 그대로 상태를 갖고 갈 수 있는 방법이 있을까요?\n\n일반 값들은 localStorage, sessionStorage 등을 쓰면 되는데, 리스너는 저런 비슷한 게 혹시 있을까요?',0,0,0,'2023-02-14 15:01:51.000000','2023-02-14 15:01:51.000000',0,0),(595,10,50,'스프링부트에서 thymleaf 없이 controller를 호출해서 context 파일의 html로 가는 방법이 있나요?','제목그대로 입니다\n\nthymleaf 사용하지 않고, url로 html 하지않고 controller에서 가고싶은데 계속 페이지를 못찾네요.',0,0,0,'2023-02-14 15:01:51.000000','2023-02-14 15:01:51.000000',0,0),(596,10,50,'import 경로 질문','import { instance, fileInstance } from \'./common/request\'\n\nimport { getUserInfo } from \'~/common/service/com/util\'\n\n이런 코드가 있는데\n\n./ 이거랑\n\n~/ 이거랑\n\n@/ 이거랑\n\n차이를 잘 모르겠는데 알려주시면 감사드리겠습니다 검색해도 잘 안나오네요..',0,0,0,'2023-02-14 15:01:51.000000','2023-02-14 15:01:51.000000',0,0),(597,10,50,'우분투 리눅스 lts 웹서버 하기위해 필요한것','리눅스 웹 페이지를 하기위해 필요한 것들이 뭐가 있을까요?....\n\n제가 아는거로는 아파치, 자바, 톰캣 밖에 없는데....다른게 더 필요할까요?',0,0,0,'2023-02-14 15:01:51.000000','2023-02-14 15:01:51.000000',0,0),(598,10,50,'자바스크립트 window.onload 관련 질문이요','ajax로 컨트롤러에서 받아온 jsp를 태그 안에 append로 추가하면 그 추가한 jsp안에 있는 window.onload가 실행이 안됩니다. 또 이상하게 새로고침 하면 실행이 되네요?\n\n그리고 $(function(){})나 $(document).ready 는 실행이 잘 되는데 window.onload에서만 안되요\n\nwindow.onload에서는 실행이 안되고 $(document).ready는 실행이 되는 이유가 뭘까요?',0,0,0,'2023-02-14 15:01:51.000000','2023-02-14 15:01:51.000000',0,0),(599,10,50,'[공지] 스터디장 하고 싶으신 분 연락주세요','싸탈합니다',0,0,0,'2023-02-14 15:01:51.000000','2023-02-14 15:01:51.000000',0,1),(600,10,50,'[공지] 오프라인 모임 시간 댓글 주세요','제목대로 입니다.',0,0,0,'2023-02-14 15:01:51.000000','2023-02-14 15:01:51.000000',0,1);



INSERT INTO `study_frequency`  (
  `study_frequency_seq`,
  `study_seq` ,
  `study_frequency_week` ,
  `study_frequency_start_time` ,
  `study_frequency_end_time` ,
  `study_frequency_created_time` ,
  `study_frequency_modified_time` 
  )VALUES (437,1,'월','18:00:00','20:00:00','2023-02-16 02:50:29.706818',NULL),(438,1,'화','19:00:00','21:00:00','2023-02-16 02:50:29.753818',NULL),(439,1,'수','10:00:00','18:00:00','2023-02-16 02:50:29.758818',NULL),(440,2,'월','18:00:00','20:00:00','2023-02-16 02:50:29.770818',NULL),(441,3,'월','18:00:00','20:00:00','2023-02-16 02:50:29.782818',NULL),(442,3,'화','19:00:00','21:00:00','2023-02-16 02:50:29.786818',NULL),(443,3,'수','10:00:00','18:00:00','2023-02-16 02:50:29.790816',NULL),(444,4,'월','18:00:00','20:00:00','2023-02-16 02:50:29.800819',NULL),(445,5,'월','18:00:00','20:00:00','2023-02-16 02:50:29.812817',NULL),(446,5,'화','19:00:00','21:00:00','2023-02-16 02:50:29.815818',NULL),(447,6,'월','18:00:00','20:00:00','2023-02-16 02:50:29.825148',NULL),(448,7,'월','18:00:00','20:00:00','2023-02-16 02:50:29.833815',NULL),(449,7,'화','19:00:00','21:00:00','2023-02-16 02:50:29.837852',NULL),(450,7,'수','10:00:00','18:00:00','2023-02-16 02:50:29.840815',NULL),(451,7,'목','20:00:00','00:00:00','2023-02-16 02:50:29.843887',NULL),(452,7,'금','19:00:00','21:00:00','2023-02-16 02:50:29.850821',NULL),(453,8,'월','18:00:00','20:00:00','2023-02-16 02:50:29.864818',NULL),(454,8,'화','19:00:00','21:00:00','2023-02-16 02:50:29.870817',NULL),(455,9,'월','18:00:00','20:00:00','2023-02-16 02:50:29.882819',NULL),(456,9,'화','19:00:00','21:00:00','2023-02-16 02:50:29.886819',NULL),(457,9,'수','10:00:00','18:00:00','2023-02-16 02:50:29.890817',NULL),(458,9,'목','20:00:00','00:00:00','2023-02-16 02:50:29.894819',NULL),(459,9,'금','19:00:00','21:00:00','2023-02-16 02:50:29.902816',NULL),(460,10,'월','18:00:00','20:00:00','2023-02-16 02:50:29.910815',NULL),(461,10,'화','19:00:00','21:00:00','2023-02-16 02:50:29.913816',NULL),(462,11,'월','18:00:00','20:00:00','2023-02-16 02:50:29.921818',NULL),(463,11,'화','19:00:00','21:00:00','2023-02-16 02:50:29.923817',NULL),(464,11,'수','10:00:00','18:00:00','2023-02-16 02:50:29.925814',NULL),(465,12,'월','18:00:00','20:00:00','2023-02-16 02:50:29.934882',NULL),(466,12,'화','19:00:00','21:00:00','2023-02-16 02:50:29.937815',NULL),(467,12,'수','10:00:00','18:00:00','2023-02-16 02:50:29.940817',NULL),(468,12,'목','20:00:00','00:00:00','2023-02-16 02:50:29.943814',NULL),(469,13,'월','18:00:00','20:00:00','2023-02-16 02:50:29.952817',NULL),(470,13,'화','19:00:00','21:00:00','2023-02-16 02:50:29.956818',NULL),(471,14,'월','18:00:00','20:00:00','2023-02-16 02:50:29.964847',NULL),(472,14,'화','19:00:00','21:00:00','2023-02-16 02:50:29.967815',NULL),(473,14,'수','10:00:00','18:00:00','2023-02-16 02:50:29.971815',NULL),(474,14,'목','20:00:00','00:00:00','2023-02-16 02:50:29.975817',NULL),(475,14,'금','19:00:00','21:00:00','2023-02-16 02:50:29.978815',NULL),(476,15,'월','18:00:00','20:00:00','2023-02-16 02:50:29.985814',NULL),(477,15,'화','19:00:00','21:00:00','2023-02-16 02:50:29.988181',NULL),(478,15,'수','10:00:00','18:00:00','2023-02-16 02:50:29.991817',NULL),(479,15,'목','20:00:00','00:00:00','2023-02-16 02:50:29.994816',NULL),(480,16,'월','18:00:00','20:00:00','2023-02-16 02:50:30.001391',NULL),(481,17,'월','18:00:00','20:00:00','2023-02-16 02:50:30.008406',NULL),(482,17,'화','19:00:00','21:00:00','2023-02-16 02:50:30.011403',NULL),(483,17,'수','10:00:00','18:00:00','2023-02-16 02:50:30.013403',NULL),(484,17,'목','20:00:00','00:00:00','2023-02-16 02:50:30.015402',NULL),(485,17,'금','19:00:00','21:00:00','2023-02-16 02:50:30.017401',NULL),(486,18,'월','18:00:00','20:00:00','2023-02-16 02:50:30.024423',NULL),(487,18,'화','19:00:00','21:00:00','2023-02-16 02:50:30.026629',NULL),(488,18,'수','10:00:00','18:00:00','2023-02-16 02:50:30.028618',NULL),(489,18,'목','20:00:00','00:00:00','2023-02-16 02:50:30.030863',NULL),(490,19,'월','18:00:00','20:00:00','2023-02-16 02:50:30.036403',NULL),(491,19,'화','19:00:00','21:00:00','2023-02-16 02:50:30.038403',NULL),(492,20,'월','18:00:00','20:00:00','2023-02-16 02:50:30.045401',NULL),(493,21,'월','18:00:00','20:00:00','2023-02-16 02:50:30.052402',NULL),(494,21,'화','19:00:00','21:00:00','2023-02-16 02:50:30.055605',NULL),(495,21,'수','10:00:00','18:00:00','2023-02-16 02:50:30.058403',NULL),(496,22,'월','18:00:00','20:00:00','2023-02-16 02:50:30.065401',NULL),(497,22,'화','19:00:00','21:00:00','2023-02-16 02:50:30.068402',NULL),(498,22,'수','10:00:00','18:00:00','2023-02-16 02:50:30.071426',NULL),(499,23,'월','18:00:00','20:00:00','2023-02-16 02:50:30.080406',NULL),(500,23,'화','19:00:00','21:00:00','2023-02-16 02:50:30.083404',NULL),(501,23,'수','10:00:00','18:00:00','2023-02-16 02:50:30.088493',NULL),(502,23,'목','20:00:00','00:00:00','2023-02-16 02:50:30.091404',NULL),(503,23,'금','19:00:00','21:00:00','2023-02-16 02:50:30.094402',NULL),(504,24,'월','18:00:00','20:00:00','2023-02-16 02:50:30.103449',NULL),(505,24,'화','19:00:00','21:00:00','2023-02-16 02:50:30.106403',NULL),(506,24,'수','10:00:00','18:00:00','2023-02-16 02:50:30.109403',NULL),(507,25,'월','18:00:00','20:00:00','2023-02-16 02:50:30.116403',NULL),(508,25,'화','19:00:00','21:00:00','2023-02-16 02:50:30.119425',NULL),(509,25,'수','10:00:00','18:00:00','2023-02-16 02:50:30.122403',NULL),(510,25,'목','20:00:00','00:00:00','2023-02-16 02:50:30.124402',NULL),(511,25,'금','19:00:00','21:00:00','2023-02-16 02:50:30.127403',NULL),(512,26,'월','18:00:00','20:00:00','2023-02-16 02:50:30.134403',NULL),(513,27,'월','18:00:00','20:00:00','2023-02-16 02:50:30.142404',NULL),(514,27,'화','19:00:00','21:00:00','2023-02-16 02:50:30.148403',NULL),(515,27,'수','10:00:00','18:00:00','2023-02-16 02:50:30.151403',NULL),(516,28,'월','18:00:00','20:00:00','2023-02-16 02:50:30.159430',NULL),(517,29,'월','18:00:00','20:00:00','2023-02-16 02:50:30.167404',NULL),(518,30,'월','18:00:00','20:00:00','2023-02-16 02:50:30.175403',NULL),(519,30,'화','19:00:00','21:00:00','2023-02-16 02:50:30.179445',NULL),(520,30,'수','10:00:00','18:00:00','2023-02-16 02:50:30.182402',NULL),(521,31,'월','18:00:00','20:00:00','2023-02-16 02:50:30.190591',NULL),(522,31,'화','19:00:00','21:00:00','2023-02-16 02:50:30.194401',NULL),(523,31,'수','10:00:00','18:00:00','2023-02-16 02:50:30.196401',NULL),(524,31,'목','20:00:00','00:00:00','2023-02-16 02:50:30.200401',NULL),(525,32,'월','18:00:00','20:00:00','2023-02-16 02:50:30.208402',NULL),(526,32,'화','19:00:00','21:00:00','2023-02-16 02:50:30.210402',NULL),(527,33,'월','18:00:00','20:00:00','2023-02-16 02:50:30.216403',NULL),(528,33,'화','19:00:00','21:00:00','2023-02-16 02:50:30.218402',NULL),(529,33,'수','10:00:00','18:00:00','2023-02-16 02:50:30.219401',NULL),(530,34,'월','18:00:00','20:00:00','2023-02-16 02:50:30.225403',NULL),(531,35,'월','18:00:00','20:00:00','2023-02-16 02:50:30.230596',NULL),(532,35,'화','19:00:00','21:00:00','2023-02-16 02:50:30.232444',NULL),(533,35,'수','10:00:00','18:00:00','2023-02-16 02:50:30.234402',NULL),(534,36,'월','18:00:00','20:00:00','2023-02-16 02:50:30.239403',NULL),(535,36,'화','19:00:00','21:00:00','2023-02-16 02:50:30.242769',NULL),(536,37,'월','18:00:00','20:00:00','2023-02-16 02:50:30.250812',NULL),(537,37,'화','19:00:00','21:00:00','2023-02-16 02:50:30.253772',NULL),(538,37,'수','10:00:00','18:00:00','2023-02-16 02:50:30.256936',NULL),(539,38,'월','18:00:00','20:00:00','2023-02-16 02:50:30.263936',NULL),(540,38,'화','19:00:00','21:00:00','2023-02-16 02:50:30.266936',NULL),(541,38,'수','10:00:00','18:00:00','2023-02-16 02:50:30.269934',NULL),(542,38,'목','20:00:00','00:00:00','2023-02-16 02:50:30.271938',NULL),(543,38,'금','19:00:00','21:00:00','2023-02-16 02:50:30.274936',NULL),(544,39,'월','18:00:00','20:00:00','2023-02-16 02:50:30.282935',NULL),(545,39,'화','19:00:00','21:00:00','2023-02-16 02:50:30.286935',NULL),(546,40,'월','18:00:00','20:00:00','2023-02-16 02:50:30.295935',NULL),(547,40,'화','19:00:00','21:00:00','2023-02-16 02:50:30.298937',NULL),(548,40,'수','10:00:00','18:00:00','2023-02-16 02:50:30.301936',NULL),(549,41,'월','18:00:00','20:00:00','2023-02-16 02:50:30.310934',NULL),(550,41,'화','19:00:00','21:00:00','2023-02-16 02:50:30.314033',NULL),(551,41,'수','10:00:00','18:00:00','2023-02-16 02:50:30.317938',NULL),(552,42,'월','18:00:00','20:00:00','2023-02-16 02:50:30.325981',NULL),(553,43,'월','18:00:00','20:00:00','2023-02-16 02:50:30.333933',NULL),(554,44,'월','18:00:00','20:00:00','2023-02-16 02:50:30.341991',NULL),(555,45,'월','18:00:00','20:00:00','2023-02-16 02:50:30.348936',NULL),(556,45,'화','19:00:00','21:00:00','2023-02-16 02:50:30.351936',NULL),(557,45,'수','10:00:00','18:00:00','2023-02-16 02:50:30.354935',NULL),(558,46,'월','18:00:00','20:00:00','2023-02-16 02:50:30.364934',NULL),(559,46,'화','19:00:00','21:00:00','2023-02-16 02:50:30.372898',NULL),(560,46,'수','10:00:00','18:00:00','2023-02-16 02:50:30.375896',NULL),(561,46,'목','20:00:00','00:00:00','2023-02-16 02:50:30.378896',NULL),(562,46,'금','19:00:00','21:00:00','2023-02-16 02:50:30.381899',NULL),(563,47,'월','18:00:00','20:00:00','2023-02-16 02:50:30.393897',NULL),(564,47,'화','19:00:00','21:00:00','2023-02-16 02:50:30.398284',NULL),(565,47,'수','10:00:00','18:00:00','2023-02-16 02:50:30.402898',NULL),(566,47,'목','20:00:00','00:00:00','2023-02-16 02:50:30.405897',NULL),(567,48,'월','18:00:00','20:00:00','2023-02-16 02:50:30.413931',NULL),(568,48,'화','19:00:00','21:00:00','2023-02-16 02:50:30.416900',NULL),(569,48,'수','10:00:00','18:00:00','2023-02-16 02:50:30.418898',NULL),(570,48,'목','20:00:00','00:00:00','2023-02-16 02:50:30.420897',NULL),(571,49,'월','18:00:00','20:00:00','2023-02-16 02:50:30.427899',NULL),(572,49,'화','19:00:00','21:00:00','2023-02-16 02:50:30.430554',NULL),(573,49,'수','10:00:00','18:00:00','2023-02-16 02:50:30.432693',NULL),(574,49,'목','20:00:00','00:00:00','2023-02-16 02:50:30.435694',NULL),(575,50,'월','18:00:00','20:00:00','2023-02-16 02:50:30.443693',NULL);

INSERT INTO `study_member` (
  `study_member_seq` ,
  `study_member_alarm`,
  `study_member_badge` ,
  `study_member_created_time`,
  `study_member_modified_time`,
  `member_seq`,
  `study_seq` )
VALUES (1,1,0,'2023-02-14 06:49:50',NULL,1,1),(2,1,0,'2023-02-14 06:49:50',NULL,1,2),(3,1,0,'2023-02-14 06:49:50',NULL,1,3),(4,1,0,'2023-02-14 06:49:50',NULL,1,4),(5,1,0,'2023-02-14 06:49:50',NULL,1,5),(6,1,0,'2023-02-14 06:49:50',NULL,2,6),(7,1,0,'2023-02-14 06:49:50',NULL,2,7),(8,1,0,'2023-02-14 06:49:50',NULL,2,8),(9,1,0,'2023-02-14 06:49:50',NULL,2,9),(10,1,0,'2023-02-14 06:49:50',NULL,2,10),(11,1,0,'2023-02-14 06:49:50',NULL,3,11),(12,1,0,'2023-02-14 06:49:50',NULL,3,12),(13,1,0,'2023-02-14 06:49:50',NULL,3,13),(14,1,0,'2023-02-14 06:49:50',NULL,3,14),(15,1,0,'2023-02-14 06:49:50',NULL,3,15),(16,1,0,'2023-02-14 06:49:50',NULL,4,16),(17,1,0,'2023-02-14 06:49:50',NULL,4,17),(18,1,0,'2023-02-14 06:49:50',NULL,4,18),(19,1,0,'2023-02-14 06:49:50',NULL,4,19),(20,1,0,'2023-02-14 06:49:50',NULL,4,20),(21,1,0,'2023-02-14 06:49:50',NULL,5,21),(22,1,0,'2023-02-14 06:49:50',NULL,5,22),(23,1,0,'2023-02-14 06:49:50',NULL,5,23),(24,1,0,'2023-02-14 06:49:50',NULL,5,24),(25,1,0,'2023-02-14 06:49:50',NULL,5,25),(26,1,0,'2023-02-14 06:49:50',NULL,6,26),(27,1,0,'2023-02-14 06:49:50',NULL,6,27),(28,1,0,'2023-02-14 06:49:50',NULL,6,28),(29,1,0,'2023-02-14 06:49:50',NULL,6,29),(30,1,0,'2023-02-14 06:49:50',NULL,6,30),(31,1,0,'2023-02-14 06:49:50',NULL,7,31),(32,1,0,'2023-02-14 06:49:50',NULL,7,32),(33,1,0,'2023-02-14 06:49:50',NULL,7,33),(34,1,0,'2023-02-14 06:49:50',NULL,7,34),(35,1,0,'2023-02-14 06:49:50',NULL,7,35),(36,1,0,'2023-02-14 06:49:50',NULL,8,36),(37,1,0,'2023-02-14 06:49:50',NULL,8,37),(38,1,0,'2023-02-14 06:49:50',NULL,8,38),(39,1,0,'2023-02-14 06:49:50',NULL,8,39),(40,1,0,'2023-02-14 06:49:50',NULL,8,40),(41,1,0,'2023-02-14 06:49:50',NULL,9,41),(42,1,0,'2023-02-14 06:49:50',NULL,9,42),(43,1,0,'2023-02-14 06:49:50',NULL,9,43),(44,1,0,'2023-02-14 06:49:50',NULL,9,44),(45,1,0,'2023-02-14 06:49:50',NULL,9,45),(46,1,0,'2023-02-14 06:49:50',NULL,10,46),(47,1,0,'2023-02-14 06:49:50',NULL,10,47),(48,1,0,'2023-02-14 06:49:50',NULL,10,48),(49,1,0,'2023-02-14 06:49:50',NULL,10,49),(50,1,0,'2023-02-14 06:49:50',NULL,10,50),(51,1,0,'2023-02-14 06:49:50',NULL,1,1),(52,1,0,'2023-02-14 06:49:50',NULL,2,6),(53,1,0,'2023-02-14 06:49:50',NULL,3,11),(54,1,0,'2023-02-14 06:49:50',NULL,4,16),(55,1,0,'2023-02-14 06:49:50',NULL,5,21),(56,1,0,'2023-02-14 06:49:50',NULL,6,26),(57,1,0,'2023-02-14 06:49:50',NULL,7,31),(58,1,0,'2023-02-14 06:49:50',NULL,8,36),(59,1,0,'2023-02-14 06:49:50',NULL,9,41),(60,1,0,'2023-02-14 06:49:50',NULL,10,46);




INSERT INTO `study_room` (
  `room_seq` ,
  `study_room_uuid`,
  `study_seq`
)VALUES (1,'0aa711e4-8d30-4d66-9ffb-17c0b8a44ef9',1),(2,'b28fa671-5f65-429e-b3c0-df556c28d96b',2),(3,'239e3e71-e4f0-484c-bb48-df9452834fd0',3),(4,'afec5313-ac91-4e52-8e4e-5190d16acc70',4),(5,'60b7c36d-ed3a-4a3a-8689-b81361040452',5),(6,'a245038d-807c-4041-8c86-5585ab0067e0',6),(7,'a68baf41-e353-4819-8fdd-e61a1b566c1f',7),(8,'53acac5f-12f6-4355-ad7d-c81b9b10605a',8),(9,'1d3c9aa3-6236-445f-9206-66bacc6a97ee',9),(10,'ebf267c3-96d3-4a05-a553-d01d179e0cf1',10),(11,'787c66ed-2412-403c-8665-e66970bdba87',11),(12,'f7890731-dfca-4fd6-95a4-3bd545ddebad',12),(13,'d684590f-0a6a-4b3a-a0bc-6252ad6f00af',13),(14,'79fcf392-0f6b-4685-a73c-054a9df1ac8d',14),(15,'3c9e7f56-3080-4343-a1b0-ea5ad58ca43d',15),(16,'0c5420bf-9b6f-47a7-9e39-53f2602d5217',16),(17,'b63863f3-9c21-474f-822c-4287922d216e',17),(18,'c01c5013-5338-4923-8fb4-ccca5b5af5ff',18),(19,'9a3ca856-28c0-4d27-a3cc-a7444942cfb8',19),(20,'de5caa97-ea65-41ca-8ab3-b65270ab456f',20),(21,'aec4bff7-1132-491c-a578-14f5e50d7326',21),(22,'156f371f-4e0c-4356-b406-a8533f85b7fa',22),(23,'e260d6e6-3168-4ef1-a7a1-c4ada258c28b',23),(24,'902dbfc1-7483-4416-a8d5-1038a9e9323f',24),(25,'cedd9e05-2b8d-4bfb-8875-620be470e047',25),(26,'1c7bd31c-895e-48c7-9aaa-a855cd070ab7',26),(27,'8b499bf9-4cfe-4d59-a3a1-71dd329dec6c',27),(28,'cf1f68b2-fd85-4ae5-b90c-d83f4f8813bc',28),(29,'e5a24f45-0534-41ec-9016-376a3892dc95',29),(30,'da2d8569-105c-4963-ab2c-3f61d71799a4',30),(31,'5f18785d-c532-443e-8ba8-f9fc2e746d51',31),(32,'ea05d77f-b69b-4cb5-b043-1a7ba895012c',32),(33,'900d81a3-ddd3-4a29-b8dd-38e016174af8',33),(34,'efa76da7-1483-4bb7-959c-44b15cff46a8',34),(35,'a7006086-2b03-407b-93be-0109511a4798',35),(36,'99da4804-97c2-48fd-b276-b4ae58843a09',36),(37,'48dd2768-4d87-4b11-992c-cbdbeed0ff10',37),(38,'548e534b-6cdc-47a4-a27b-e7867d33a91e',38),(39,'a24f46ed-81ca-4678-b04b-c282522884c0',39),(40,'8e316952-b598-4ff2-a9c5-4f2f9cdaf094',40),(41,'87e315d5-8f74-47ca-8c4a-428e557816cf',41),(42,'a92cd9cc-ed11-49e0-993b-ee7e2b38dfe1',42),(43,'34adbe50-42ce-4812-9449-827bc14968d8',43),(44,'822b866e-ece4-4176-a2ff-af5388177a0c',44),(45,'b608fb03-7661-4dd5-9eb5-ae80ea254c85',45),(46,'b9f7975c-c038-48f8-b483-a5ce10bfaff1',46),(47,'4e5620be-4b1c-4b05-a1d7-4a3945238e48',47),(48,'214e7b32-27bd-4246-9f8b-4d2dfcf5134e',48),(49,'eece1760-0b52-456b-bf09-6c5e19518ab8',49),(50,'84900a93-cd3f-48c8-86c1-4d0180d50a37',50);




INSERT INTO `room_activity`  (
`room_activity_seq`,
`room_activity_category` ,
`room_activity_date`,
`room_activity_time` ,
`study_room_seq`
) VALUES (1,'FRONT-END','2023-02-13',15,1),(2,'FRONT-END','2023-02-12',2,1),(3,'FRONT-END','2023-02-11',36,1),(4,'FRONT-END','2023-02-10',18,1),(5,'FRONT-END','2023-02-09',17,1),(6,'FRONT-END','2023-02-08',22,1),(7,'FRONT-END','2023-02-07',9,1),(8,'FRONT-END','2023-02-06',21,1),(9,'FRONT-END','2023-02-05',30,1),(10,'FRONT-END','2023-02-04',26,1),(11,'BACK-END','2023-02-03',5,1),(12,'BACK-END','2023-02-02',19,1),(13,'BACK-END','2023-02-01',31,1),(14,'BACK-END','2023-01-31',19,1),(15,'BACK-END','2023-01-30',38,1),(16,'BACK-END','2023-01-29',33,1),(17,'BACK-END','2023-01-28',3,1),(18,'BACK-END','2023-01-27',4,1),(19,'BACK-END','2023-01-26',26,1),(20,'BACK-END','2023-01-25',0,1),(21,'INFRA','2023-01-24',45,1),(22,'INFRA','2023-01-23',16,1),(23,'INFRA','2023-01-22',31,1),(24,'INFRA','2023-01-21',10,1),(25,'INFRA','2023-01-20',29,1),(26,'INFRA','2023-01-19',4,1),(27,'INFRA','2023-01-18',0,1),(28,'INFRA','2023-01-17',38,1),(29,'INFRA','2023-01-16',23,1),(30,'INFRA','2023-01-15',10,1),(31,'MOBILE','2023-02-13',43,1),(32,'MOBILE','2023-02-12',24,1),(33,'MOBILE','2023-02-11',44,1),(34,'MOBILE','2023-02-10',35,1),(35,'MOBILE','2023-02-09',41,1),(36,'MOBILE','2023-02-08',12,1),(37,'MOBILE','2023-02-07',10,1),(38,'MOBILE','2023-02-06',3,1),(39,'MOBILE','2023-02-05',38,1),(40,'MOBILE','2023-02-04',3,1),(41,'ALGORITHM','2023-02-03',25,1),(42,'ALGORITHM','2023-02-02',45,1),(43,'ALGORITHM','2023-02-01',21,1),(44,'ALGORITHM','2023-01-31',45,1),(45,'ALGORITHM','2023-01-30',49,1),(46,'ALGORITHM','2023-01-29',33,1),(47,'ALGORITHM','2023-01-28',15,1),(48,'ALGORITHM','2023-01-27',32,1),(49,'ALGORITHM','2023-01-26',26,1),(50,'ALGORITHM','2023-01-25',18,1),(51,'CS','2023-01-24',11,1),(52,'CS','2023-01-23',11,1),(53,'CS','2023-01-22',23,1),(54,'CS','2023-01-21',3,1),(55,'CS','2023-01-20',43,1),(56,'CS','2023-01-19',28,1),(57,'CS','2023-01-18',19,1),(58,'CS','2023-01-17',11,1),(59,'CS','2023-01-16',41,1),(60,'CS','2023-01-15',12,1),(61,'FRONT-END','2023-02-13',25,2),(62,'FRONT-END','2023-02-12',43,2),(63,'FRONT-END','2023-02-11',34,2),(64,'FRONT-END','2023-02-10',20,2),(65,'FRONT-END','2023-02-09',5,2),(66,'FRONT-END','2023-02-08',23,2),(67,'FRONT-END','2023-02-07',31,2),(68,'FRONT-END','2023-02-06',17,2),(69,'FRONT-END','2023-02-05',33,2),(70,'FRONT-END','2023-02-04',15,2),(71,'BACK-END','2023-02-03',21,2),(72,'BACK-END','2023-02-02',13,2),(73,'BACK-END','2023-02-01',16,2),(74,'BACK-END','2023-01-31',20,2),(75,'BACK-END','2023-01-30',45,2),(76,'BACK-END','2023-01-29',45,2),(77,'BACK-END','2023-01-28',35,2),(78,'BACK-END','2023-01-27',25,2),(79,'BACK-END','2023-01-26',32,2),(80,'BACK-END','2023-01-25',41,2),(81,'INFRA','2023-01-24',17,2),(82,'INFRA','2023-01-23',33,2),(83,'INFRA','2023-01-22',43,2),(84,'INFRA','2023-01-21',40,2),(85,'INFRA','2023-01-20',41,2),(86,'INFRA','2023-01-19',40,2),(87,'INFRA','2023-01-18',16,2),(88,'INFRA','2023-01-17',4,2),(89,'INFRA','2023-01-16',44,2),(90,'INFRA','2023-01-15',18,2),(91,'MOBILE','2023-02-13',14,2),(92,'MOBILE','2023-02-12',27,2),(93,'MOBILE','2023-02-11',42,2),(94,'MOBILE','2023-02-10',20,2),(95,'MOBILE','2023-02-09',30,2),(96,'MOBILE','2023-02-08',28,2),(97,'MOBILE','2023-02-07',13,2),(98,'MOBILE','2023-02-06',30,2),(99,'MOBILE','2023-02-05',34,2),(100,'MOBILE','2023-02-04',41,2),(101,'ALGORITHM','2023-02-03',5,2),(102,'ALGORITHM','2023-02-02',19,2),(103,'ALGORITHM','2023-02-01',15,2),(104,'ALGORITHM','2023-01-31',24,2),(105,'ALGORITHM','2023-01-30',10,2),(106,'ALGORITHM','2023-01-29',27,2),(107,'ALGORITHM','2023-01-28',0,2),(108,'ALGORITHM','2023-01-27',8,2),(109,'ALGORITHM','2023-01-26',25,2),(110,'ALGORITHM','2023-01-25',25,2),(111,'CS','2023-01-24',10,2),(112,'CS','2023-01-23',37,2),(113,'CS','2023-01-22',30,2),(114,'CS','2023-01-21',12,2),(115,'CS','2023-01-20',31,2),(116,'CS','2023-01-19',6,2),(117,'CS','2023-01-18',32,2),(118,'CS','2023-01-17',12,2),(119,'CS','2023-01-16',30,2),(120,'CS','2023-01-15',13,2),(121,'FRONT-END','2023-02-13',45,3),(122,'FRONT-END','2023-02-12',37,3),(123,'FRONT-END','2023-02-11',45,3),(124,'FRONT-END','2023-02-10',25,3),(125,'FRONT-END','2023-02-09',34,3),(126,'FRONT-END','2023-02-08',12,3),(127,'FRONT-END','2023-02-07',7,3),(128,'FRONT-END','2023-02-06',29,3),(129,'FRONT-END','2023-02-05',34,3),(130,'FRONT-END','2023-02-04',18,3),(131,'BACK-END','2023-02-03',18,3),(132,'BACK-END','2023-02-02',19,3),(133,'BACK-END','2023-02-01',40,3),(134,'BACK-END','2023-01-31',48,3),(135,'BACK-END','2023-01-30',44,3),(136,'BACK-END','2023-01-29',4,3),(137,'BACK-END','2023-01-28',45,3),(138,'BACK-END','2023-01-27',28,3),(139,'BACK-END','2023-01-26',44,3),(140,'BACK-END','2023-01-25',19,3),(141,'INFRA','2023-01-24',26,3),(142,'INFRA','2023-01-23',13,3),(143,'INFRA','2023-01-22',32,3),(144,'INFRA','2023-01-21',5,3),(145,'INFRA','2023-01-20',46,3),(146,'INFRA','2023-01-19',46,3),(147,'INFRA','2023-01-18',39,3),(148,'INFRA','2023-01-17',35,3),(149,'INFRA','2023-01-16',25,3),(150,'INFRA','2023-01-15',11,3),(151,'MOBILE','2023-02-13',25,3),(152,'MOBILE','2023-02-12',28,3),(153,'MOBILE','2023-02-11',48,3),(154,'MOBILE','2023-02-10',35,3),(155,'MOBILE','2023-02-09',5,3),(156,'MOBILE','2023-02-08',34,3),(157,'MOBILE','2023-02-07',11,3),(158,'MOBILE','2023-02-06',17,3),(159,'MOBILE','2023-02-05',7,3),(160,'MOBILE','2023-02-04',26,3),(161,'ALGORITHM','2023-02-03',40,3),(162,'ALGORITHM','2023-02-02',25,3),(163,'ALGORITHM','2023-02-01',22,3),(164,'ALGORITHM','2023-01-31',5,3),(165,'ALGORITHM','2023-01-30',45,3),(166,'ALGORITHM','2023-01-29',1,3),(167,'ALGORITHM','2023-01-28',44,3),(168,'ALGORITHM','2023-01-27',3,3),(169,'ALGORITHM','2023-01-26',49,3),(170,'ALGORITHM','2023-01-25',36,3),(171,'CS','2023-01-24',45,3),(172,'CS','2023-01-23',16,3),(173,'CS','2023-01-22',30,3),(174,'CS','2023-01-21',47,3),(175,'CS','2023-01-20',46,3),(176,'CS','2023-01-19',41,3),(177,'CS','2023-01-18',29,3),(178,'CS','2023-01-17',34,3),(179,'CS','2023-01-16',9,3),(180,'CS','2023-01-15',6,3),(181,'FRONT-END','2023-02-13',2,4),(182,'FRONT-END','2023-02-12',34,4),(183,'FRONT-END','2023-02-11',10,4),(184,'FRONT-END','2023-02-10',5,4),(185,'FRONT-END','2023-02-09',21,4),(186,'FRONT-END','2023-02-08',49,4),(187,'FRONT-END','2023-02-07',43,4),(188,'FRONT-END','2023-02-06',37,4),(189,'FRONT-END','2023-02-05',48,4),(190,'FRONT-END','2023-02-04',40,4),(191,'BACK-END','2023-02-03',38,4),(192,'BACK-END','2023-02-02',1,4),(193,'BACK-END','2023-02-01',19,4),(194,'BACK-END','2023-01-31',17,4),(195,'BACK-END','2023-01-30',32,4),(196,'BACK-END','2023-01-29',17,4),(197,'BACK-END','2023-01-28',45,4),(198,'BACK-END','2023-01-27',7,4),(199,'BACK-END','2023-01-26',23,4),(200,'BACK-END','2023-01-25',30,4),(201,'INFRA','2023-01-24',4,4),(202,'INFRA','2023-01-23',37,4),(203,'INFRA','2023-01-22',20,4),(204,'INFRA','2023-01-21',21,4),(205,'INFRA','2023-01-20',28,4),(206,'INFRA','2023-01-19',6,4),(207,'INFRA','2023-01-18',27,4),(208,'INFRA','2023-01-17',22,4),(209,'INFRA','2023-01-16',0,4),(210,'INFRA','2023-01-15',46,4),(211,'MOBILE','2023-02-13',6,4),(212,'MOBILE','2023-02-12',5,4),(213,'MOBILE','2023-02-11',23,4),(214,'MOBILE','2023-02-10',9,4),(215,'MOBILE','2023-02-09',26,4),(216,'MOBILE','2023-02-08',23,4),(217,'MOBILE','2023-02-07',5,4),(218,'MOBILE','2023-02-06',23,4),(219,'MOBILE','2023-02-05',31,4),(220,'MOBILE','2023-02-04',2,4),(221,'ALGORITHM','2023-02-03',13,4),(222,'ALGORITHM','2023-02-02',44,4),(223,'ALGORITHM','2023-02-01',0,4),(224,'ALGORITHM','2023-01-31',42,4),(225,'ALGORITHM','2023-01-30',7,4),(226,'ALGORITHM','2023-01-29',44,4),(227,'ALGORITHM','2023-01-28',29,4),(228,'ALGORITHM','2023-01-27',1,4),(229,'ALGORITHM','2023-01-26',5,4),(230,'ALGORITHM','2023-01-25',48,4),(231,'CS','2023-01-24',37,4),(232,'CS','2023-01-23',9,4),(233,'CS','2023-01-22',27,4),(234,'CS','2023-01-21',29,4),(235,'CS','2023-01-20',33,4),(236,'CS','2023-01-19',26,4),(237,'CS','2023-01-18',45,4),(238,'CS','2023-01-17',37,4),(239,'CS','2023-01-16',8,4),(240,'CS','2023-01-15',28,4),(241,'FRONT-END','2023-02-13',19,5),(242,'FRONT-END','2023-02-12',35,5),(243,'FRONT-END','2023-02-11',21,5),(244,'FRONT-END','2023-02-10',42,5),(245,'FRONT-END','2023-02-09',6,5),(246,'FRONT-END','2023-02-08',20,5),(247,'FRONT-END','2023-02-07',28,5),(248,'FRONT-END','2023-02-06',41,5),(249,'FRONT-END','2023-02-05',44,5),(250,'FRONT-END','2023-02-04',1,5),(251,'BACK-END','2023-02-03',15,5),(252,'BACK-END','2023-02-02',34,5),(253,'BACK-END','2023-02-01',46,5),(254,'BACK-END','2023-01-31',4,5),(255,'BACK-END','2023-01-30',13,5),(256,'BACK-END','2023-01-29',22,5),(257,'BACK-END','2023-01-28',25,5),(258,'BACK-END','2023-01-27',18,5),(259,'BACK-END','2023-01-26',0,5),(260,'BACK-END','2023-01-25',1,5),(261,'INFRA','2023-01-24',24,5),(262,'INFRA','2023-01-23',47,5),(263,'INFRA','2023-01-22',26,5),(264,'INFRA','2023-01-21',42,5),(265,'INFRA','2023-01-20',14,5),(266,'INFRA','2023-01-19',25,5),(267,'INFRA','2023-01-18',6,5),(268,'INFRA','2023-01-17',47,5),(269,'INFRA','2023-01-16',30,5),(270,'INFRA','2023-01-15',26,5),(271,'MOBILE','2023-02-13',11,5),(272,'MOBILE','2023-02-12',39,5),(273,'MOBILE','2023-02-11',29,5),(274,'MOBILE','2023-02-10',17,5),(275,'MOBILE','2023-02-09',32,5),(276,'MOBILE','2023-02-08',31,5),(277,'MOBILE','2023-02-07',31,5),(278,'MOBILE','2023-02-06',4,5),(279,'MOBILE','2023-02-05',23,5),(280,'MOBILE','2023-02-04',20,5),(281,'ALGORITHM','2023-02-03',37,5),(282,'ALGORITHM','2023-02-02',30,5),(283,'ALGORITHM','2023-02-01',39,5),(284,'ALGORITHM','2023-01-31',27,5),(285,'ALGORITHM','2023-01-30',22,5),(286,'ALGORITHM','2023-01-29',34,5),(287,'ALGORITHM','2023-01-28',18,5),(288,'ALGORITHM','2023-01-27',1,5),(289,'ALGORITHM','2023-01-26',28,5),(290,'ALGORITHM','2023-01-25',45,5),(291,'CS','2023-01-24',11,5),(292,'CS','2023-01-23',48,5),(293,'CS','2023-01-22',36,5),(294,'CS','2023-01-21',17,5),(295,'CS','2023-01-20',6,5),(296,'CS','2023-01-19',29,5),(297,'CS','2023-01-18',46,5),(298,'CS','2023-01-17',17,5),(299,'CS','2023-01-16',47,5),(300,'CS','2023-01-15',38,5),(301,'FRONT-END','2023-02-13',18,6),(302,'FRONT-END','2023-02-12',21,6),(303,'FRONT-END','2023-02-11',3,6),(304,'FRONT-END','2023-02-10',32,6),(305,'FRONT-END','2023-02-09',18,6),(306,'FRONT-END','2023-02-08',11,6),(307,'FRONT-END','2023-02-07',34,6),(308,'FRONT-END','2023-02-06',30,6),(309,'FRONT-END','2023-02-05',42,6),(310,'FRONT-END','2023-02-04',2,6),(311,'BACK-END','2023-02-03',32,6),(312,'BACK-END','2023-02-02',49,6),(313,'BACK-END','2023-02-01',49,6),(314,'BACK-END','2023-01-31',38,6),(315,'BACK-END','2023-01-30',19,6),(316,'BACK-END','2023-01-29',37,6),(317,'BACK-END','2023-01-28',2,6),(318,'BACK-END','2023-01-27',14,6),(319,'BACK-END','2023-01-26',26,6),(320,'BACK-END','2023-01-25',29,6),(321,'INFRA','2023-01-24',28,6),(322,'INFRA','2023-01-23',24,6),(323,'INFRA','2023-01-22',37,6),(324,'INFRA','2023-01-21',4,6),(325,'INFRA','2023-01-20',29,6),(326,'INFRA','2023-01-19',21,6),(327,'INFRA','2023-01-18',38,6),(328,'INFRA','2023-01-17',11,6),(329,'INFRA','2023-01-16',2,6),(330,'INFRA','2023-01-15',47,6),(331,'MOBILE','2023-02-13',33,6),(332,'MOBILE','2023-02-12',15,6),(333,'MOBILE','2023-02-11',45,6),(334,'MOBILE','2023-02-10',22,6),(335,'MOBILE','2023-02-09',12,6),(336,'MOBILE','2023-02-08',1,6),(337,'MOBILE','2023-02-07',36,6),(338,'MOBILE','2023-02-06',46,6),(339,'MOBILE','2023-02-05',31,6),(340,'MOBILE','2023-02-04',49,6),(341,'ALGORITHM','2023-02-03',27,6),(342,'ALGORITHM','2023-02-02',31,6),(343,'ALGORITHM','2023-02-01',47,6),(344,'ALGORITHM','2023-01-31',45,6),(345,'ALGORITHM','2023-01-30',32,6),(346,'ALGORITHM','2023-01-29',6,6),(347,'ALGORITHM','2023-01-28',45,6),(348,'ALGORITHM','2023-01-27',14,6),(349,'ALGORITHM','2023-01-26',17,6),(350,'ALGORITHM','2023-01-25',41,6),(351,'CS','2023-01-24',45,6),(352,'CS','2023-01-23',27,6),(353,'CS','2023-01-22',10,6),(354,'CS','2023-01-21',4,6),(355,'CS','2023-01-20',9,6),(356,'CS','2023-01-19',31,6),(357,'CS','2023-01-18',23,6),(358,'CS','2023-01-17',49,6),(359,'CS','2023-01-16',45,6),(360,'CS','2023-01-15',18,6),(361,'FRONT-END','2023-02-13',43,7),(362,'FRONT-END','2023-02-12',1,7),(363,'FRONT-END','2023-02-11',13,7),(364,'FRONT-END','2023-02-10',49,7),(365,'FRONT-END','2023-02-09',32,7),(366,'FRONT-END','2023-02-08',37,7),(367,'FRONT-END','2023-02-07',46,7),(368,'FRONT-END','2023-02-06',35,7),(369,'FRONT-END','2023-02-05',30,7),(370,'FRONT-END','2023-02-04',27,7),(371,'BACK-END','2023-02-03',37,7),(372,'BACK-END','2023-02-02',15,7),(373,'BACK-END','2023-02-01',49,7),(374,'BACK-END','2023-01-31',13,7),(375,'BACK-END','2023-01-30',17,7),(376,'BACK-END','2023-01-29',3,7),(377,'BACK-END','2023-01-28',18,7),(378,'BACK-END','2023-01-27',21,7),(379,'BACK-END','2023-01-26',29,7),(380,'BACK-END','2023-01-25',0,7),(381,'INFRA','2023-01-24',2,7),(382,'INFRA','2023-01-23',36,7),(383,'INFRA','2023-01-22',11,7),(384,'INFRA','2023-01-21',11,7),(385,'INFRA','2023-01-20',32,7),(386,'INFRA','2023-01-19',11,7),(387,'INFRA','2023-01-18',26,7),(388,'INFRA','2023-01-17',6,7),(389,'INFRA','2023-01-16',9,7),(390,'INFRA','2023-01-15',4,7),(391,'MOBILE','2023-02-13',0,7),(392,'MOBILE','2023-02-12',30,7),(393,'MOBILE','2023-02-11',5,7),(394,'MOBILE','2023-02-10',4,7),(395,'MOBILE','2023-02-09',21,7),(396,'MOBILE','2023-02-08',14,7),(397,'MOBILE','2023-02-07',27,7),(398,'MOBILE','2023-02-06',43,7),(399,'MOBILE','2023-02-05',39,7),(400,'MOBILE','2023-02-04',7,7),(401,'ALGORITHM','2023-02-03',40,7),(402,'ALGORITHM','2023-02-02',9,7),(403,'ALGORITHM','2023-02-01',41,7),(404,'ALGORITHM','2023-01-31',5,7),(405,'ALGORITHM','2023-01-30',41,7),(406,'ALGORITHM','2023-01-29',18,7),(407,'ALGORITHM','2023-01-28',39,7),(408,'ALGORITHM','2023-01-27',20,7),(409,'ALGORITHM','2023-01-26',9,7),(410,'ALGORITHM','2023-01-25',30,7),(411,'CS','2023-01-24',29,7),(412,'CS','2023-01-23',30,7),(413,'CS','2023-01-22',45,7),(414,'CS','2023-01-21',15,7),(415,'CS','2023-01-20',29,7),(416,'CS','2023-01-19',46,7),(417,'CS','2023-01-18',18,7),(418,'CS','2023-01-17',32,7),(419,'CS','2023-01-16',26,7),(420,'CS','2023-01-15',12,7),(421,'FRONT-END','2023-02-13',5,8),(422,'FRONT-END','2023-02-12',49,8),(423,'FRONT-END','2023-02-11',23,8),(424,'FRONT-END','2023-02-10',4,8),(425,'FRONT-END','2023-02-09',3,8),(426,'FRONT-END','2023-02-08',41,8),(427,'FRONT-END','2023-02-07',46,8),(428,'FRONT-END','2023-02-06',4,8),(429,'FRONT-END','2023-02-05',15,8),(430,'FRONT-END','2023-02-04',16,8),(431,'BACK-END','2023-02-03',49,8),(432,'BACK-END','2023-02-02',26,8),(433,'BACK-END','2023-02-01',7,8),(434,'BACK-END','2023-01-31',45,8),(435,'BACK-END','2023-01-30',34,8),(436,'BACK-END','2023-01-29',33,8),(437,'BACK-END','2023-01-28',20,8),(438,'BACK-END','2023-01-27',19,8),(439,'BACK-END','2023-01-26',11,8),(440,'BACK-END','2023-01-25',23,8),(441,'INFRA','2023-01-24',48,8),(442,'INFRA','2023-01-23',8,8),(443,'INFRA','2023-01-22',27,8),(444,'INFRA','2023-01-21',12,8),(445,'INFRA','2023-01-20',6,8),(446,'INFRA','2023-01-19',23,8),(447,'INFRA','2023-01-18',36,8),(448,'INFRA','2023-01-17',6,8),(449,'INFRA','2023-01-16',31,8),(450,'INFRA','2023-01-15',11,8),(451,'MOBILE','2023-02-13',16,8),(452,'MOBILE','2023-02-12',34,8),(453,'MOBILE','2023-02-11',21,8),(454,'MOBILE','2023-02-10',22,8),(455,'MOBILE','2023-02-09',44,8),(456,'MOBILE','2023-02-08',11,8),(457,'MOBILE','2023-02-07',46,8),(458,'MOBILE','2023-02-06',23,8),(459,'MOBILE','2023-02-05',22,8),(460,'MOBILE','2023-02-04',7,8),(461,'ALGORITHM','2023-02-03',33,8),(462,'ALGORITHM','2023-02-02',19,8),(463,'ALGORITHM','2023-02-01',20,8),(464,'ALGORITHM','2023-01-31',7,8),(465,'ALGORITHM','2023-01-30',43,8),(466,'ALGORITHM','2023-01-29',36,8),(467,'ALGORITHM','2023-01-28',4,8),(468,'ALGORITHM','2023-01-27',8,8),(469,'ALGORITHM','2023-01-26',10,8),(470,'ALGORITHM','2023-01-25',13,8),(471,'CS','2023-01-24',49,8),(472,'CS','2023-01-23',13,8),(473,'CS','2023-01-22',34,8),(474,'CS','2023-01-21',41,8),(475,'CS','2023-01-20',23,8),(476,'CS','2023-01-19',1,8),(477,'CS','2023-01-18',36,8),(478,'CS','2023-01-17',30,8),(479,'CS','2023-01-16',18,8),(480,'CS','2023-01-15',40,8),(481,'FRONT-END','2023-02-13',41,9),(482,'FRONT-END','2023-02-12',11,9),(483,'FRONT-END','2023-02-11',23,9),(484,'FRONT-END','2023-02-10',24,9),(485,'FRONT-END','2023-02-09',37,9),(486,'FRONT-END','2023-02-08',9,9),(487,'FRONT-END','2023-02-07',23,9),(488,'FRONT-END','2023-02-06',36,9),(489,'FRONT-END','2023-02-05',21,9),(490,'FRONT-END','2023-02-04',36,9),(491,'BACK-END','2023-02-03',30,9),(492,'BACK-END','2023-02-02',47,9),(493,'BACK-END','2023-02-01',6,9),(494,'BACK-END','2023-01-31',4,9),(495,'BACK-END','2023-01-30',11,9),(496,'BACK-END','2023-01-29',45,9),(497,'BACK-END','2023-01-28',15,9),(498,'BACK-END','2023-01-27',0,9),(499,'BACK-END','2023-01-26',33,9),(500,'BACK-END','2023-01-25',1,9),(501,'INFRA','2023-01-24',20,9),(502,'INFRA','2023-01-23',45,9),(503,'INFRA','2023-01-22',16,9),(504,'INFRA','2023-01-21',26,9),(505,'INFRA','2023-01-20',15,9),(506,'INFRA','2023-01-19',22,9),(507,'INFRA','2023-01-18',40,9),(508,'INFRA','2023-01-17',1,9),(509,'INFRA','2023-01-16',17,9),(510,'INFRA','2023-01-15',38,9),(511,'MOBILE','2023-02-13',42,9),(512,'MOBILE','2023-02-12',11,9),(513,'MOBILE','2023-02-11',22,9),(514,'MOBILE','2023-02-10',35,9),(515,'MOBILE','2023-02-09',2,9),(516,'MOBILE','2023-02-08',17,9),(517,'MOBILE','2023-02-07',45,9),(518,'MOBILE','2023-02-06',30,9),(519,'MOBILE','2023-02-05',38,9),(520,'MOBILE','2023-02-04',41,9),(521,'ALGORITHM','2023-02-03',36,9),(522,'ALGORITHM','2023-02-02',33,9),(523,'ALGORITHM','2023-02-01',5,9),(524,'ALGORITHM','2023-01-31',33,9),(525,'ALGORITHM','2023-01-30',38,9),(526,'ALGORITHM','2023-01-29',32,9),(527,'ALGORITHM','2023-01-28',36,9),(528,'ALGORITHM','2023-01-27',8,9),(529,'ALGORITHM','2023-01-26',42,9),(530,'ALGORITHM','2023-01-25',48,9),(531,'CS','2023-01-24',15,9),(532,'CS','2023-01-23',27,9),(533,'CS','2023-01-22',1,9),(534,'CS','2023-01-21',9,9),(535,'CS','2023-01-20',16,9),(536,'CS','2023-01-19',43,9),(537,'CS','2023-01-18',32,9),(538,'CS','2023-01-17',8,9),(539,'CS','2023-01-16',47,9),(540,'CS','2023-01-15',17,9),(541,'FRONT-END','2023-02-13',14,10),(542,'FRONT-END','2023-02-12',6,10),(543,'FRONT-END','2023-02-11',2,10),(544,'FRONT-END','2023-02-10',43,10),(545,'FRONT-END','2023-02-09',2,10),(546,'FRONT-END','2023-02-08',13,10),(547,'FRONT-END','2023-02-07',6,10),(548,'FRONT-END','2023-02-06',27,10),(549,'FRONT-END','2023-02-05',2,10),(550,'FRONT-END','2023-02-04',37,10),(551,'BACK-END','2023-02-03',30,10),(552,'BACK-END','2023-02-02',38,10),(553,'BACK-END','2023-02-01',20,10),(554,'BACK-END','2023-01-31',2,10),(555,'BACK-END','2023-01-30',14,10),(556,'BACK-END','2023-01-29',23,10),(557,'BACK-END','2023-01-28',21,10),(558,'BACK-END','2023-01-27',42,10),(559,'BACK-END','2023-01-26',9,10),(560,'BACK-END','2023-01-25',38,10),(561,'INFRA','2023-01-24',49,10),(562,'INFRA','2023-01-23',27,10),(563,'INFRA','2023-01-22',34,10),(564,'INFRA','2023-01-21',30,10),(565,'INFRA','2023-01-20',45,10),(566,'INFRA','2023-01-19',47,10),(567,'INFRA','2023-01-18',45,10),(568,'INFRA','2023-01-17',30,10),(569,'INFRA','2023-01-16',34,10),(570,'INFRA','2023-01-15',38,10),(571,'MOBILE','2023-02-13',32,10),(572,'MOBILE','2023-02-12',31,10),(573,'MOBILE','2023-02-11',38,10),(574,'MOBILE','2023-02-10',30,10),(575,'MOBILE','2023-02-09',28,10),(576,'MOBILE','2023-02-08',28,10),(577,'MOBILE','2023-02-07',24,10),(578,'MOBILE','2023-02-06',49,10),(579,'MOBILE','2023-02-05',22,10),(580,'MOBILE','2023-02-04',35,10),(581,'ALGORITHM','2023-02-03',46,10),(582,'ALGORITHM','2023-02-02',32,10),(583,'ALGORITHM','2023-02-01',18,10),(584,'ALGORITHM','2023-01-31',30,10),(585,'ALGORITHM','2023-01-30',47,10),(586,'ALGORITHM','2023-01-29',41,10),(587,'ALGORITHM','2023-01-28',44,10),(588,'ALGORITHM','2023-01-27',4,10),(589,'ALGORITHM','2023-01-26',1,10),(590,'ALGORITHM','2023-01-25',48,10),(591,'CS','2023-01-24',14,10),(592,'CS','2023-01-23',21,10),(593,'CS','2023-01-22',43,10),(594,'CS','2023-01-21',26,10),(595,'CS','2023-01-20',3,10),(596,'CS','2023-01-19',47,10),(597,'CS','2023-01-18',18,10),(598,'CS','2023-01-17',22,10),(599,'CS','2023-01-16',11,10),(600,'CS','2023-01-15',26,10),(601,'FRONT-END','2023-02-13',1,11),(602,'FRONT-END','2023-02-12',14,11),(603,'FRONT-END','2023-02-11',3,11),(604,'FRONT-END','2023-02-10',31,11),(605,'FRONT-END','2023-02-09',17,11),(606,'FRONT-END','2023-02-08',41,11),(607,'FRONT-END','2023-02-07',2,11),(608,'FRONT-END','2023-02-06',48,11),(609,'FRONT-END','2023-02-05',28,11),(610,'FRONT-END','2023-02-04',31,11),(611,'BACK-END','2023-02-03',16,11),(612,'BACK-END','2023-02-02',7,11),(613,'BACK-END','2023-02-01',27,11),(614,'BACK-END','2023-01-31',33,11),(615,'BACK-END','2023-01-30',20,11),(616,'BACK-END','2023-01-29',8,11),(617,'BACK-END','2023-01-28',12,11),(618,'BACK-END','2023-01-27',45,11),(619,'BACK-END','2023-01-26',48,11),(620,'BACK-END','2023-01-25',28,11),(621,'INFRA','2023-01-24',13,11),(622,'INFRA','2023-01-23',38,11),(623,'INFRA','2023-01-22',31,11),(624,'INFRA','2023-01-21',9,11),(625,'INFRA','2023-01-20',43,11),(626,'INFRA','2023-01-19',38,11),(627,'INFRA','2023-01-18',18,11),(628,'INFRA','2023-01-17',18,11),(629,'INFRA','2023-01-16',38,11),(630,'INFRA','2023-01-15',45,11),(631,'MOBILE','2023-02-13',12,11),(632,'MOBILE','2023-02-12',4,11),(633,'MOBILE','2023-02-11',29,11),(634,'MOBILE','2023-02-10',0,11),(635,'MOBILE','2023-02-09',38,11),(636,'MOBILE','2023-02-08',9,11),(637,'MOBILE','2023-02-07',41,11),(638,'MOBILE','2023-02-06',14,11),(639,'MOBILE','2023-02-05',45,11),(640,'MOBILE','2023-02-04',13,11),(641,'ALGORITHM','2023-02-03',36,11),(642,'ALGORITHM','2023-02-02',4,11),(643,'ALGORITHM','2023-02-01',43,11),(644,'ALGORITHM','2023-01-31',18,11),(645,'ALGORITHM','2023-01-30',42,11),(646,'ALGORITHM','2023-01-29',15,11),(647,'ALGORITHM','2023-01-28',35,11),(648,'ALGORITHM','2023-01-27',16,11),(649,'ALGORITHM','2023-01-26',23,11),(650,'ALGORITHM','2023-01-25',8,11),(651,'CS','2023-01-24',11,11),(652,'CS','2023-01-23',14,11),(653,'CS','2023-01-22',25,11),(654,'CS','2023-01-21',40,11),(655,'CS','2023-01-20',19,11),(656,'CS','2023-01-19',16,11),(657,'CS','2023-01-18',26,11),(658,'CS','2023-01-17',42,11),(659,'CS','2023-01-16',23,11),(660,'CS','2023-01-15',19,11),(661,'FRONT-END','2023-02-13',23,12),(662,'FRONT-END','2023-02-12',18,12),(663,'FRONT-END','2023-02-11',27,12),(664,'FRONT-END','2023-02-10',33,12),(665,'FRONT-END','2023-02-09',29,12),(666,'FRONT-END','2023-02-08',26,12),(667,'FRONT-END','2023-02-07',9,12),(668,'FRONT-END','2023-02-06',14,12),(669,'FRONT-END','2023-02-05',7,12),(670,'FRONT-END','2023-02-04',36,12),(671,'BACK-END','2023-02-03',7,12),(672,'BACK-END','2023-02-02',4,12),(673,'BACK-END','2023-02-01',7,12),(674,'BACK-END','2023-01-31',4,12),(675,'BACK-END','2023-01-30',16,12),(676,'BACK-END','2023-01-29',32,12),(677,'BACK-END','2023-01-28',47,12),(678,'BACK-END','2023-01-27',12,12),(679,'BACK-END','2023-01-26',49,12),(680,'BACK-END','2023-01-25',24,12),(681,'INFRA','2023-01-24',11,12),(682,'INFRA','2023-01-23',39,12),(683,'INFRA','2023-01-22',23,12),(684,'INFRA','2023-01-21',14,12),(685,'INFRA','2023-01-20',40,12),(686,'INFRA','2023-01-19',49,12),(687,'INFRA','2023-01-18',23,12),(688,'INFRA','2023-01-17',20,12),(689,'INFRA','2023-01-16',38,12),(690,'INFRA','2023-01-15',46,12),(691,'MOBILE','2023-02-13',37,12),(692,'MOBILE','2023-02-12',4,12),(693,'MOBILE','2023-02-11',3,12),(694,'MOBILE','2023-02-10',44,12),(695,'MOBILE','2023-02-09',22,12),(696,'MOBILE','2023-02-08',18,12),(697,'MOBILE','2023-02-07',41,12),(698,'MOBILE','2023-02-06',6,12),(699,'MOBILE','2023-02-05',7,12),(700,'MOBILE','2023-02-04',31,12),(701,'ALGORITHM','2023-02-03',32,12),(702,'ALGORITHM','2023-02-02',44,12),(703,'ALGORITHM','2023-02-01',31,12),(704,'ALGORITHM','2023-01-31',35,12),(705,'ALGORITHM','2023-01-30',3,12),(706,'ALGORITHM','2023-01-29',9,12),(707,'ALGORITHM','2023-01-28',46,12),(708,'ALGORITHM','2023-01-27',4,12),(709,'ALGORITHM','2023-01-26',14,12),(710,'ALGORITHM','2023-01-25',23,12),(711,'CS','2023-01-24',37,12),(712,'CS','2023-01-23',16,12),(713,'CS','2023-01-22',43,12),(714,'CS','2023-01-21',30,12),(715,'CS','2023-01-20',15,12),(716,'CS','2023-01-19',35,12),(717,'CS','2023-01-18',24,12),(718,'CS','2023-01-17',17,12),(719,'CS','2023-01-16',35,12),(720,'CS','2023-01-15',24,12),(721,'FRONT-END','2023-02-13',10,13),(722,'FRONT-END','2023-02-12',35,13),(723,'FRONT-END','2023-02-11',46,13),(724,'FRONT-END','2023-02-10',10,13),(725,'FRONT-END','2023-02-09',42,13),(726,'FRONT-END','2023-02-08',38,13),(727,'FRONT-END','2023-02-07',15,13),(728,'FRONT-END','2023-02-06',36,13),(729,'FRONT-END','2023-02-05',4,13),(730,'FRONT-END','2023-02-04',24,13),(731,'BACK-END','2023-02-03',42,13),(732,'BACK-END','2023-02-02',4,13),(733,'BACK-END','2023-02-01',33,13),(734,'BACK-END','2023-01-31',19,13),(735,'BACK-END','2023-01-30',16,13),(736,'BACK-END','2023-01-29',22,13),(737,'BACK-END','2023-01-28',9,13),(738,'BACK-END','2023-01-27',44,13),(739,'BACK-END','2023-01-26',33,13),(740,'BACK-END','2023-01-25',45,13),(741,'INFRA','2023-01-24',19,13),(742,'INFRA','2023-01-23',39,13),(743,'INFRA','2023-01-22',43,13),(744,'INFRA','2023-01-21',41,13),(745,'INFRA','2023-01-20',3,13),(746,'INFRA','2023-01-19',4,13),(747,'INFRA','2023-01-18',9,13),(748,'INFRA','2023-01-17',35,13),(749,'INFRA','2023-01-16',27,13),(750,'INFRA','2023-01-15',5,13),(751,'MOBILE','2023-02-13',21,13),(752,'MOBILE','2023-02-12',42,13),(753,'MOBILE','2023-02-11',45,13),(754,'MOBILE','2023-02-10',45,13),(755,'MOBILE','2023-02-09',3,13),(756,'MOBILE','2023-02-08',23,13),(757,'MOBILE','2023-02-07',22,13),(758,'MOBILE','2023-02-06',13,13),(759,'MOBILE','2023-02-05',9,13),(760,'MOBILE','2023-02-04',48,13),(761,'ALGORITHM','2023-02-03',47,13),(762,'ALGORITHM','2023-02-02',27,13),(763,'ALGORITHM','2023-02-01',41,13),(764,'ALGORITHM','2023-01-31',38,13),(765,'ALGORITHM','2023-01-30',9,13),(766,'ALGORITHM','2023-01-29',43,13),(767,'ALGORITHM','2023-01-28',4,13),(768,'ALGORITHM','2023-01-27',22,13),(769,'ALGORITHM','2023-01-26',32,13),(770,'ALGORITHM','2023-01-25',9,13),(771,'CS','2023-01-24',24,13),(772,'CS','2023-01-23',36,13),(773,'CS','2023-01-22',23,13),(774,'CS','2023-01-21',30,13),(775,'CS','2023-01-20',12,13),(776,'CS','2023-01-19',24,13),(777,'CS','2023-01-18',36,13),(778,'CS','2023-01-17',8,13),(779,'CS','2023-01-16',34,13),(780,'CS','2023-01-15',20,13),(781,'FRONT-END','2023-02-13',36,14),(782,'FRONT-END','2023-02-12',49,14),(783,'FRONT-END','2023-02-11',11,14),(784,'FRONT-END','2023-02-10',34,14),(785,'FRONT-END','2023-02-09',14,14),(786,'FRONT-END','2023-02-08',35,14),(787,'FRONT-END','2023-02-07',47,14),(788,'FRONT-END','2023-02-06',7,14),(789,'FRONT-END','2023-02-05',37,14),(790,'FRONT-END','2023-02-04',23,14),(791,'BACK-END','2023-02-03',27,14),(792,'BACK-END','2023-02-02',13,14),(793,'BACK-END','2023-02-01',32,14),(794,'BACK-END','2023-01-31',30,14),(795,'BACK-END','2023-01-30',25,14),(796,'BACK-END','2023-01-29',6,14),(797,'BACK-END','2023-01-28',48,14),(798,'BACK-END','2023-01-27',25,14),(799,'BACK-END','2023-01-26',24,14),(800,'BACK-END','2023-01-25',24,14),(801,'INFRA','2023-01-24',45,14),(802,'INFRA','2023-01-23',12,14),(803,'INFRA','2023-01-22',42,14),(804,'INFRA','2023-01-21',24,14),(805,'INFRA','2023-01-20',35,14),(806,'INFRA','2023-01-19',45,14),(807,'INFRA','2023-01-18',38,14),(808,'INFRA','2023-01-17',44,14),(809,'INFRA','2023-01-16',2,14),(810,'INFRA','2023-01-15',31,14),(811,'MOBILE','2023-02-13',46,14),(812,'MOBILE','2023-02-12',7,14),(813,'MOBILE','2023-02-11',28,14),(814,'MOBILE','2023-02-10',35,14),(815,'MOBILE','2023-02-09',47,14),(816,'MOBILE','2023-02-08',11,14),(817,'MOBILE','2023-02-07',10,14),(818,'MOBILE','2023-02-06',34,14),(819,'MOBILE','2023-02-05',27,14),(820,'MOBILE','2023-02-04',1,14),(821,'ALGORITHM','2023-02-03',12,14),(822,'ALGORITHM','2023-02-02',14,14),(823,'ALGORITHM','2023-02-01',24,14),(824,'ALGORITHM','2023-01-31',24,14),(825,'ALGORITHM','2023-01-30',21,14),(826,'ALGORITHM','2023-01-29',39,14),(827,'ALGORITHM','2023-01-28',32,14),(828,'ALGORITHM','2023-01-27',16,14),(829,'ALGORITHM','2023-01-26',32,14),(830,'ALGORITHM','2023-01-25',28,14),(831,'CS','2023-01-24',48,14),(832,'CS','2023-01-23',14,14),(833,'CS','2023-01-22',6,14),(834,'CS','2023-01-21',14,14),(835,'CS','2023-01-20',13,14),(836,'CS','2023-01-19',14,14),(837,'CS','2023-01-18',22,14),(838,'CS','2023-01-17',22,14),(839,'CS','2023-01-16',26,14),(840,'CS','2023-01-15',17,14),(841,'FRONT-END','2023-02-13',45,15),(842,'FRONT-END','2023-02-12',28,15),(843,'FRONT-END','2023-02-11',15,15),(844,'FRONT-END','2023-02-10',5,15),(845,'FRONT-END','2023-02-09',39,15),(846,'FRONT-END','2023-02-08',42,15),(847,'FRONT-END','2023-02-07',48,15),(848,'FRONT-END','2023-02-06',0,15),(849,'FRONT-END','2023-02-05',23,15),(850,'FRONT-END','2023-02-04',41,15),(851,'BACK-END','2023-02-03',45,15),(852,'BACK-END','2023-02-02',17,15),(853,'BACK-END','2023-02-01',15,15),(854,'BACK-END','2023-01-31',46,15),(855,'BACK-END','2023-01-30',0,15),(856,'BACK-END','2023-01-29',48,15),(857,'BACK-END','2023-01-28',46,15),(858,'BACK-END','2023-01-27',30,15),(859,'BACK-END','2023-01-26',17,15),(860,'BACK-END','2023-01-25',48,15),(861,'INFRA','2023-01-24',22,15),(862,'INFRA','2023-01-23',20,15),(863,'INFRA','2023-01-22',13,15),(864,'INFRA','2023-01-21',44,15),(865,'INFRA','2023-01-20',33,15),(866,'INFRA','2023-01-19',44,15),(867,'INFRA','2023-01-18',13,15),(868,'INFRA','2023-01-17',32,15),(869,'INFRA','2023-01-16',39,15),(870,'INFRA','2023-01-15',14,15),(871,'MOBILE','2023-02-13',14,15),(872,'MOBILE','2023-02-12',1,15),(873,'MOBILE','2023-02-11',20,15),(874,'MOBILE','2023-02-10',10,15),(875,'MOBILE','2023-02-09',30,15),(876,'MOBILE','2023-02-08',0,15),(877,'MOBILE','2023-02-07',46,15),(878,'MOBILE','2023-02-06',44,15),(879,'MOBILE','2023-02-05',39,15),(880,'MOBILE','2023-02-04',23,15),(881,'ALGORITHM','2023-02-03',23,15),(882,'ALGORITHM','2023-02-02',45,15),(883,'ALGORITHM','2023-02-01',6,15),(884,'ALGORITHM','2023-01-31',13,15),(885,'ALGORITHM','2023-01-30',48,15),(886,'ALGORITHM','2023-01-29',23,15),(887,'ALGORITHM','2023-01-28',29,15),(888,'ALGORITHM','2023-01-27',36,15),(889,'ALGORITHM','2023-01-26',49,15),(890,'ALGORITHM','2023-01-25',47,15),(891,'CS','2023-01-24',3,15),(892,'CS','2023-01-23',47,15),(893,'CS','2023-01-22',36,15),(894,'CS','2023-01-21',33,15),(895,'CS','2023-01-20',2,15),(896,'CS','2023-01-19',17,15),(897,'CS','2023-01-18',45,15),(898,'CS','2023-01-17',20,15),(899,'CS','2023-01-16',33,15),(900,'CS','2023-01-15',47,15),(901,'FRONT-END','2023-02-13',21,16),(902,'FRONT-END','2023-02-12',22,16),(903,'FRONT-END','2023-02-11',12,16),(904,'FRONT-END','2023-02-10',4,16),(905,'FRONT-END','2023-02-09',41,16),(906,'FRONT-END','2023-02-08',40,16),(907,'FRONT-END','2023-02-07',5,16),(908,'FRONT-END','2023-02-06',10,16),(909,'FRONT-END','2023-02-05',12,16),(910,'FRONT-END','2023-02-04',20,16),(911,'BACK-END','2023-02-03',37,16),(912,'BACK-END','2023-02-02',38,16),(913,'BACK-END','2023-02-01',3,16),(914,'BACK-END','2023-01-31',0,16),(915,'BACK-END','2023-01-30',39,16),(916,'BACK-END','2023-01-29',19,16),(917,'BACK-END','2023-01-28',42,16),(918,'BACK-END','2023-01-27',34,16),(919,'BACK-END','2023-01-26',1,16),(920,'BACK-END','2023-01-25',35,16),(921,'INFRA','2023-01-24',27,16),(922,'INFRA','2023-01-23',5,16),(923,'INFRA','2023-01-22',1,16),(924,'INFRA','2023-01-21',31,16),(925,'INFRA','2023-01-20',6,16),(926,'INFRA','2023-01-19',30,16),(927,'INFRA','2023-01-18',40,16),(928,'INFRA','2023-01-17',32,16),(929,'INFRA','2023-01-16',12,16),(930,'INFRA','2023-01-15',31,16),(931,'MOBILE','2023-02-13',43,16),(932,'MOBILE','2023-02-12',12,16),(933,'MOBILE','2023-02-11',36,16),(934,'MOBILE','2023-02-10',49,16),(935,'MOBILE','2023-02-09',42,16),(936,'MOBILE','2023-02-08',13,16),(937,'MOBILE','2023-02-07',30,16),(938,'MOBILE','2023-02-06',2,16),(939,'MOBILE','2023-02-05',6,16),(940,'MOBILE','2023-02-04',47,16),(941,'ALGORITHM','2023-02-03',42,16),(942,'ALGORITHM','2023-02-02',39,16),(943,'ALGORITHM','2023-02-01',1,16),(944,'ALGORITHM','2023-01-31',41,16),(945,'ALGORITHM','2023-01-30',40,16),(946,'ALGORITHM','2023-01-29',19,16),(947,'ALGORITHM','2023-01-28',16,16),(948,'ALGORITHM','2023-01-27',31,16),(949,'ALGORITHM','2023-01-26',18,16),(950,'ALGORITHM','2023-01-25',10,16),(951,'CS','2023-01-24',28,16),(952,'CS','2023-01-23',29,16),(953,'CS','2023-01-22',45,16),(954,'CS','2023-01-21',12,16),(955,'CS','2023-01-20',44,16),(956,'CS','2023-01-19',11,16),(957,'CS','2023-01-18',40,16),(958,'CS','2023-01-17',42,16),(959,'CS','2023-01-16',1,16),(960,'CS','2023-01-15',48,16),(961,'FRONT-END','2023-02-13',22,17),(962,'FRONT-END','2023-02-12',40,17),(963,'FRONT-END','2023-02-11',30,17),(964,'FRONT-END','2023-02-10',6,17),(965,'FRONT-END','2023-02-09',1,17),(966,'FRONT-END','2023-02-08',12,17),(967,'FRONT-END','2023-02-07',9,17),(968,'FRONT-END','2023-02-06',28,17),(969,'FRONT-END','2023-02-05',39,17),(970,'FRONT-END','2023-02-04',27,17),(971,'BACK-END','2023-02-03',40,17),(972,'BACK-END','2023-02-02',43,17),(973,'BACK-END','2023-02-01',1,17),(974,'BACK-END','2023-01-31',45,17),(975,'BACK-END','2023-01-30',49,17),(976,'BACK-END','2023-01-29',31,17),(977,'BACK-END','2023-01-28',13,17),(978,'BACK-END','2023-01-27',29,17),(979,'BACK-END','2023-01-26',1,17),(980,'BACK-END','2023-01-25',16,17),(981,'INFRA','2023-01-24',10,17),(982,'INFRA','2023-01-23',45,17),(983,'INFRA','2023-01-22',10,17),(984,'INFRA','2023-01-21',25,17),(985,'INFRA','2023-01-20',11,17),(986,'INFRA','2023-01-19',2,17),(987,'INFRA','2023-01-18',24,17),(988,'INFRA','2023-01-17',26,17),(989,'INFRA','2023-01-16',46,17),(990,'INFRA','2023-01-15',14,17),(991,'MOBILE','2023-02-13',28,17),(992,'MOBILE','2023-02-12',1,17),(993,'MOBILE','2023-02-11',6,17),(994,'MOBILE','2023-02-10',40,17),(995,'MOBILE','2023-02-09',47,17),(996,'MOBILE','2023-02-08',48,17),(997,'MOBILE','2023-02-07',11,17),(998,'MOBILE','2023-02-06',9,17),(999,'MOBILE','2023-02-05',16,17),(1000,'MOBILE','2023-02-04',16,17),(1001,'ALGORITHM','2023-02-03',27,17),(1002,'ALGORITHM','2023-02-02',25,17),(1003,'ALGORITHM','2023-02-01',3,17),(1004,'ALGORITHM','2023-01-31',41,17),(1005,'ALGORITHM','2023-01-30',48,17),(1006,'ALGORITHM','2023-01-29',9,17),(1007,'ALGORITHM','2023-01-28',32,17),(1008,'ALGORITHM','2023-01-27',43,17),(1009,'ALGORITHM','2023-01-26',40,17),(1010,'ALGORITHM','2023-01-25',34,17),(1011,'CS','2023-01-24',47,17),(1012,'CS','2023-01-23',27,17),(1013,'CS','2023-01-22',46,17),(1014,'CS','2023-01-21',18,17),(1015,'CS','2023-01-20',13,17),(1016,'CS','2023-01-19',12,17),(1017,'CS','2023-01-18',11,17),(1018,'CS','2023-01-17',29,17),(1019,'CS','2023-01-16',5,17),(1020,'CS','2023-01-15',37,17),(1021,'FRONT-END','2023-02-13',19,18),(1022,'FRONT-END','2023-02-12',13,18),(1023,'FRONT-END','2023-02-11',14,18),(1024,'FRONT-END','2023-02-10',44,18),(1025,'FRONT-END','2023-02-09',28,18),(1026,'FRONT-END','2023-02-08',30,18),(1027,'FRONT-END','2023-02-07',14,18),(1028,'FRONT-END','2023-02-06',22,18),(1029,'FRONT-END','2023-02-05',29,18),(1030,'FRONT-END','2023-02-04',16,18),(1031,'BACK-END','2023-02-03',3,18),(1032,'BACK-END','2023-02-02',19,18),(1033,'BACK-END','2023-02-01',7,18),(1034,'BACK-END','2023-01-31',41,18),(1035,'BACK-END','2023-01-30',42,18),(1036,'BACK-END','2023-01-29',47,18),(1037,'BACK-END','2023-01-28',31,18),(1038,'BACK-END','2023-01-27',48,18),(1039,'BACK-END','2023-01-26',23,18),(1040,'BACK-END','2023-01-25',31,18),(1041,'INFRA','2023-01-24',20,18),(1042,'INFRA','2023-01-23',46,18),(1043,'INFRA','2023-01-22',14,18),(1044,'INFRA','2023-01-21',35,18),(1045,'INFRA','2023-01-20',0,18),(1046,'INFRA','2023-01-19',46,18),(1047,'INFRA','2023-01-18',14,18),(1048,'INFRA','2023-01-17',31,18),(1049,'INFRA','2023-01-16',8,18),(1050,'INFRA','2023-01-15',19,18),(1051,'MOBILE','2023-02-13',36,18),(1052,'MOBILE','2023-02-12',34,18),(1053,'MOBILE','2023-02-11',46,18),(1054,'MOBILE','2023-02-10',46,18),(1055,'MOBILE','2023-02-09',1,18),(1056,'MOBILE','2023-02-08',37,18),(1057,'MOBILE','2023-02-07',38,18),(1058,'MOBILE','2023-02-06',47,18),(1059,'MOBILE','2023-02-05',49,18),(1060,'MOBILE','2023-02-04',10,18),(1061,'ALGORITHM','2023-02-03',41,18),(1062,'ALGORITHM','2023-02-02',28,18),(1063,'ALGORITHM','2023-02-01',44,18),(1064,'ALGORITHM','2023-01-31',33,18),(1065,'ALGORITHM','2023-01-30',46,18),(1066,'ALGORITHM','2023-01-29',18,18),(1067,'ALGORITHM','2023-01-28',28,18),(1068,'ALGORITHM','2023-01-27',40,18),(1069,'ALGORITHM','2023-01-26',38,18),(1070,'ALGORITHM','2023-01-25',47,18),(1071,'CS','2023-01-24',21,18),(1072,'CS','2023-01-23',27,18),(1073,'CS','2023-01-22',44,18),(1074,'CS','2023-01-21',28,18),(1075,'CS','2023-01-20',45,18),(1076,'CS','2023-01-19',22,18),(1077,'CS','2023-01-18',48,18),(1078,'CS','2023-01-17',33,18),(1079,'CS','2023-01-16',1,18),(1080,'CS','2023-01-15',5,18),(1081,'FRONT-END','2023-02-13',4,19),(1082,'FRONT-END','2023-02-12',0,19),(1083,'FRONT-END','2023-02-11',35,19),(1084,'FRONT-END','2023-02-10',7,19),(1085,'FRONT-END','2023-02-09',14,19),(1086,'FRONT-END','2023-02-08',0,19),(1087,'FRONT-END','2023-02-07',34,19),(1088,'FRONT-END','2023-02-06',10,19),(1089,'FRONT-END','2023-02-05',35,19),(1090,'FRONT-END','2023-02-04',15,19),(1091,'BACK-END','2023-02-03',45,19),(1092,'BACK-END','2023-02-02',43,19),(1093,'BACK-END','2023-02-01',20,19),(1094,'BACK-END','2023-01-31',25,19),(1095,'BACK-END','2023-01-30',11,19),(1096,'BACK-END','2023-01-29',42,19),(1097,'BACK-END','2023-01-28',37,19),(1098,'BACK-END','2023-01-27',22,19),(1099,'BACK-END','2023-01-26',47,19),(1100,'BACK-END','2023-01-25',4,19),(1101,'INFRA','2023-01-24',24,19),(1102,'INFRA','2023-01-23',3,19),(1103,'INFRA','2023-01-22',9,19),(1104,'INFRA','2023-01-21',5,19),(1105,'INFRA','2023-01-20',14,19),(1106,'INFRA','2023-01-19',44,19),(1107,'INFRA','2023-01-18',9,19),(1108,'INFRA','2023-01-17',32,19),(1109,'INFRA','2023-01-16',44,19),(1110,'INFRA','2023-01-15',40,19),(1111,'MOBILE','2023-02-13',43,19),(1112,'MOBILE','2023-02-12',31,19),(1113,'MOBILE','2023-02-11',13,19),(1114,'MOBILE','2023-02-10',23,19),(1115,'MOBILE','2023-02-09',29,19),(1116,'MOBILE','2023-02-08',29,19),(1117,'MOBILE','2023-02-07',36,19),(1118,'MOBILE','2023-02-06',35,19),(1119,'MOBILE','2023-02-05',30,19),(1120,'MOBILE','2023-02-04',39,19),(1121,'ALGORITHM','2023-02-03',44,19),(1122,'ALGORITHM','2023-02-02',6,19),(1123,'ALGORITHM','2023-02-01',20,19),(1124,'ALGORITHM','2023-01-31',9,19),(1125,'ALGORITHM','2023-01-30',8,19),(1126,'ALGORITHM','2023-01-29',44,19),(1127,'ALGORITHM','2023-01-28',41,19),(1128,'ALGORITHM','2023-01-27',24,19),(1129,'ALGORITHM','2023-01-26',24,19),(1130,'ALGORITHM','2023-01-25',30,19),(1131,'CS','2023-01-24',48,19),(1132,'CS','2023-01-23',14,19),(1133,'CS','2023-01-22',35,19),(1134,'CS','2023-01-21',27,19),(1135,'CS','2023-01-20',35,19),(1136,'CS','2023-01-19',9,19),(1137,'CS','2023-01-18',27,19),(1138,'CS','2023-01-17',29,19),(1139,'CS','2023-01-16',0,19),(1140,'CS','2023-01-15',42,19),(1141,'FRONT-END','2023-02-13',2,20),(1142,'FRONT-END','2023-02-12',17,20),(1143,'FRONT-END','2023-02-11',20,20),(1144,'FRONT-END','2023-02-10',40,20),(1145,'FRONT-END','2023-02-09',0,20),(1146,'FRONT-END','2023-02-08',15,20),(1147,'FRONT-END','2023-02-07',15,20),(1148,'FRONT-END','2023-02-06',3,20),(1149,'FRONT-END','2023-02-05',43,20),(1150,'FRONT-END','2023-02-04',39,20),(1151,'BACK-END','2023-02-03',14,20),(1152,'BACK-END','2023-02-02',22,20),(1153,'BACK-END','2023-02-01',9,20),(1154,'BACK-END','2023-01-31',13,20),(1155,'BACK-END','2023-01-30',26,20),(1156,'BACK-END','2023-01-29',30,20),(1157,'BACK-END','2023-01-28',3,20),(1158,'BACK-END','2023-01-27',19,20),(1159,'BACK-END','2023-01-26',27,20),(1160,'BACK-END','2023-01-25',4,20),(1161,'INFRA','2023-01-24',2,20),(1162,'INFRA','2023-01-23',30,20),(1163,'INFRA','2023-01-22',4,20),(1164,'INFRA','2023-01-21',38,20),(1165,'INFRA','2023-01-20',9,20),(1166,'INFRA','2023-01-19',7,20),(1167,'INFRA','2023-01-18',49,20),(1168,'INFRA','2023-01-17',43,20),(1169,'INFRA','2023-01-16',21,20),(1170,'INFRA','2023-01-15',16,20),(1171,'MOBILE','2023-02-13',6,20),(1172,'MOBILE','2023-02-12',40,20),(1173,'MOBILE','2023-02-11',44,20),(1174,'MOBILE','2023-02-10',41,20),(1175,'MOBILE','2023-02-09',12,20),(1176,'MOBILE','2023-02-08',13,20),(1177,'MOBILE','2023-02-07',24,20),(1178,'MOBILE','2023-02-06',31,20),(1179,'MOBILE','2023-02-05',25,20),(1180,'MOBILE','2023-02-04',17,20),(1181,'ALGORITHM','2023-02-03',29,20),(1182,'ALGORITHM','2023-02-02',6,20),(1183,'ALGORITHM','2023-02-01',13,20),(1184,'ALGORITHM','2023-01-31',32,20),(1185,'ALGORITHM','2023-01-30',38,20),(1186,'ALGORITHM','2023-01-29',34,20),(1187,'ALGORITHM','2023-01-28',16,20),(1188,'ALGORITHM','2023-01-27',45,20),(1189,'ALGORITHM','2023-01-26',15,20),(1190,'ALGORITHM','2023-01-25',26,20),(1191,'CS','2023-01-24',13,20),(1192,'CS','2023-01-23',40,20),(1193,'CS','2023-01-22',14,20),(1194,'CS','2023-01-21',37,20),(1195,'CS','2023-01-20',37,20),(1196,'CS','2023-01-19',2,20),(1197,'CS','2023-01-18',29,20),(1198,'CS','2023-01-17',36,20),(1199,'CS','2023-01-16',6,20),(1200,'CS','2023-01-15',27,20),(1201,'FRONT-END','2023-02-13',31,21),(1202,'FRONT-END','2023-02-12',29,21),(1203,'FRONT-END','2023-02-11',34,21),(1204,'FRONT-END','2023-02-10',16,21),(1205,'FRONT-END','2023-02-09',8,21),(1206,'FRONT-END','2023-02-08',29,21),(1207,'FRONT-END','2023-02-07',4,21),(1208,'FRONT-END','2023-02-06',15,21),(1209,'FRONT-END','2023-02-05',6,21),(1210,'FRONT-END','2023-02-04',26,21),(1211,'BACK-END','2023-02-03',6,21),(1212,'BACK-END','2023-02-02',14,21),(1213,'BACK-END','2023-02-01',20,21),(1214,'BACK-END','2023-01-31',15,21),(1215,'BACK-END','2023-01-30',11,21),(1216,'BACK-END','2023-01-29',24,21),(1217,'BACK-END','2023-01-28',26,21),(1218,'BACK-END','2023-01-27',18,21),(1219,'BACK-END','2023-01-26',37,21),(1220,'BACK-END','2023-01-25',11,21),(1221,'INFRA','2023-01-24',33,21),(1222,'INFRA','2023-01-23',49,21),(1223,'INFRA','2023-01-22',6,21),(1224,'INFRA','2023-01-21',1,21),(1225,'INFRA','2023-01-20',26,21),(1226,'INFRA','2023-01-19',16,21),(1227,'INFRA','2023-01-18',7,21),(1228,'INFRA','2023-01-17',16,21),(1229,'INFRA','2023-01-16',40,21),(1230,'INFRA','2023-01-15',2,21),(1231,'MOBILE','2023-02-13',27,21),(1232,'MOBILE','2023-02-12',7,21),(1233,'MOBILE','2023-02-11',15,21),(1234,'MOBILE','2023-02-10',36,21),(1235,'MOBILE','2023-02-09',3,21),(1236,'MOBILE','2023-02-08',21,21),(1237,'MOBILE','2023-02-07',27,21),(1238,'MOBILE','2023-02-06',0,21),(1239,'MOBILE','2023-02-05',5,21),(1240,'MOBILE','2023-02-04',35,21),(1241,'ALGORITHM','2023-02-03',0,21),(1242,'ALGORITHM','2023-02-02',36,21),(1243,'ALGORITHM','2023-02-01',17,21),(1244,'ALGORITHM','2023-01-31',30,21),(1245,'ALGORITHM','2023-01-30',43,21),(1246,'ALGORITHM','2023-01-29',27,21),(1247,'ALGORITHM','2023-01-28',22,21),(1248,'ALGORITHM','2023-01-27',10,21),(1249,'ALGORITHM','2023-01-26',24,21),(1250,'ALGORITHM','2023-01-25',29,21),(1251,'CS','2023-01-24',18,21),(1252,'CS','2023-01-23',12,21),(1253,'CS','2023-01-22',0,21),(1254,'CS','2023-01-21',2,21),(1255,'CS','2023-01-20',48,21),(1256,'CS','2023-01-19',23,21),(1257,'CS','2023-01-18',0,21),(1258,'CS','2023-01-17',23,21),(1259,'CS','2023-01-16',9,21),(1260,'CS','2023-01-15',11,21),(1261,'FRONT-END','2023-02-13',37,22),(1262,'FRONT-END','2023-02-12',43,22),(1263,'FRONT-END','2023-02-11',25,22),(1264,'FRONT-END','2023-02-10',41,22),(1265,'FRONT-END','2023-02-09',31,22),(1266,'FRONT-END','2023-02-08',15,22),(1267,'FRONT-END','2023-02-07',43,22),(1268,'FRONT-END','2023-02-06',29,22),(1269,'FRONT-END','2023-02-05',6,22),(1270,'FRONT-END','2023-02-04',8,22),(1271,'BACK-END','2023-02-03',26,22),(1272,'BACK-END','2023-02-02',46,22),(1273,'BACK-END','2023-02-01',28,22),(1274,'BACK-END','2023-01-31',23,22),(1275,'BACK-END','2023-01-30',31,22),(1276,'BACK-END','2023-01-29',34,22),(1277,'BACK-END','2023-01-28',19,22),(1278,'BACK-END','2023-01-27',44,22),(1279,'BACK-END','2023-01-26',21,22),(1280,'BACK-END','2023-01-25',37,22),(1281,'INFRA','2023-01-24',35,22),(1282,'INFRA','2023-01-23',18,22),(1283,'INFRA','2023-01-22',33,22),(1284,'INFRA','2023-01-21',34,22),(1285,'INFRA','2023-01-20',7,22),(1286,'INFRA','2023-01-19',13,22),(1287,'INFRA','2023-01-18',3,22),(1288,'INFRA','2023-01-17',20,22),(1289,'INFRA','2023-01-16',43,22),(1290,'INFRA','2023-01-15',4,22),(1291,'MOBILE','2023-02-13',37,22),(1292,'MOBILE','2023-02-12',46,22),(1293,'MOBILE','2023-02-11',5,22),(1294,'MOBILE','2023-02-10',6,22),(1295,'MOBILE','2023-02-09',47,22),(1296,'MOBILE','2023-02-08',31,22),(1297,'MOBILE','2023-02-07',37,22),(1298,'MOBILE','2023-02-06',34,22),(1299,'MOBILE','2023-02-05',14,22),(1300,'MOBILE','2023-02-04',20,22),(1301,'ALGORITHM','2023-02-03',22,22),(1302,'ALGORITHM','2023-02-02',35,22),(1303,'ALGORITHM','2023-02-01',21,22),(1304,'ALGORITHM','2023-01-31',21,22),(1305,'ALGORITHM','2023-01-30',31,22),(1306,'ALGORITHM','2023-01-29',32,22),(1307,'ALGORITHM','2023-01-28',7,22),(1308,'ALGORITHM','2023-01-27',36,22),(1309,'ALGORITHM','2023-01-26',10,22),(1310,'ALGORITHM','2023-01-25',31,22),(1311,'CS','2023-01-24',39,22),(1312,'CS','2023-01-23',42,22),(1313,'CS','2023-01-22',12,22),(1314,'CS','2023-01-21',6,22),(1315,'CS','2023-01-20',21,22),(1316,'CS','2023-01-19',49,22),(1317,'CS','2023-01-18',47,22),(1318,'CS','2023-01-17',30,22),(1319,'CS','2023-01-16',4,22),(1320,'CS','2023-01-15',7,22),(1321,'FRONT-END','2023-02-13',9,23),(1322,'FRONT-END','2023-02-12',9,23),(1323,'FRONT-END','2023-02-11',9,23),(1324,'FRONT-END','2023-02-10',16,23),(1325,'FRONT-END','2023-02-09',24,23),(1326,'FRONT-END','2023-02-08',30,23),(1327,'FRONT-END','2023-02-07',23,23),(1328,'FRONT-END','2023-02-06',35,23),(1329,'FRONT-END','2023-02-05',47,23),(1330,'FRONT-END','2023-02-04',40,23),(1331,'BACK-END','2023-02-03',32,23),(1332,'BACK-END','2023-02-02',21,23),(1333,'BACK-END','2023-02-01',35,23),(1334,'BACK-END','2023-01-31',44,23),(1335,'BACK-END','2023-01-30',42,23),(1336,'BACK-END','2023-01-29',15,23),(1337,'BACK-END','2023-01-28',30,23),(1338,'BACK-END','2023-01-27',12,23),(1339,'BACK-END','2023-01-26',17,23),(1340,'BACK-END','2023-01-25',13,23),(1341,'INFRA','2023-01-24',34,23),(1342,'INFRA','2023-01-23',49,23),(1343,'INFRA','2023-01-22',19,23),(1344,'INFRA','2023-01-21',5,23),(1345,'INFRA','2023-01-20',24,23),(1346,'INFRA','2023-01-19',31,23),(1347,'INFRA','2023-01-18',22,23),(1348,'INFRA','2023-01-17',16,23),(1349,'INFRA','2023-01-16',29,23),(1350,'INFRA','2023-01-15',27,23),(1351,'MOBILE','2023-02-13',15,23),(1352,'MOBILE','2023-02-12',43,23),(1353,'MOBILE','2023-02-11',17,23),(1354,'MOBILE','2023-02-10',15,23),(1355,'MOBILE','2023-02-09',3,23),(1356,'MOBILE','2023-02-08',32,23),(1357,'MOBILE','2023-02-07',43,23),(1358,'MOBILE','2023-02-06',34,23),(1359,'MOBILE','2023-02-05',30,23),(1360,'MOBILE','2023-02-04',25,23),(1361,'ALGORITHM','2023-02-03',5,23),(1362,'ALGORITHM','2023-02-02',18,23),(1363,'ALGORITHM','2023-02-01',9,23),(1364,'ALGORITHM','2023-01-31',13,23),(1365,'ALGORITHM','2023-01-30',10,23),(1366,'ALGORITHM','2023-01-29',1,23),(1367,'ALGORITHM','2023-01-28',7,23),(1368,'ALGORITHM','2023-01-27',12,23),(1369,'ALGORITHM','2023-01-26',49,23),(1370,'ALGORITHM','2023-01-25',45,23),(1371,'CS','2023-01-24',44,23),(1372,'CS','2023-01-23',34,23),(1373,'CS','2023-01-22',41,23),(1374,'CS','2023-01-21',49,23),(1375,'CS','2023-01-20',42,23),(1376,'CS','2023-01-19',24,23),(1377,'CS','2023-01-18',31,23),(1378,'CS','2023-01-17',12,23),(1379,'CS','2023-01-16',22,23),(1380,'CS','2023-01-15',40,23),(1381,'FRONT-END','2023-02-13',6,24),(1382,'FRONT-END','2023-02-12',32,24),(1383,'FRONT-END','2023-02-11',2,24),(1384,'FRONT-END','2023-02-10',23,24),(1385,'FRONT-END','2023-02-09',29,24),(1386,'FRONT-END','2023-02-08',21,24),(1387,'FRONT-END','2023-02-07',5,24),(1388,'FRONT-END','2023-02-06',12,24),(1389,'FRONT-END','2023-02-05',10,24),(1390,'FRONT-END','2023-02-04',19,24),(1391,'BACK-END','2023-02-03',18,24),(1392,'BACK-END','2023-02-02',21,24),(1393,'BACK-END','2023-02-01',12,24),(1394,'BACK-END','2023-01-31',2,24),(1395,'BACK-END','2023-01-30',8,24),(1396,'BACK-END','2023-01-29',44,24),(1397,'BACK-END','2023-01-28',2,24),(1398,'BACK-END','2023-01-27',5,24),(1399,'BACK-END','2023-01-26',27,24),(1400,'BACK-END','2023-01-25',26,24),(1401,'INFRA','2023-01-24',2,24),(1402,'INFRA','2023-01-23',42,24),(1403,'INFRA','2023-01-22',33,24),(1404,'INFRA','2023-01-21',11,24),(1405,'INFRA','2023-01-20',47,24),(1406,'INFRA','2023-01-19',35,24),(1407,'INFRA','2023-01-18',0,24),(1408,'INFRA','2023-01-17',48,24),(1409,'INFRA','2023-01-16',29,24),(1410,'INFRA','2023-01-15',22,24),(1411,'MOBILE','2023-02-13',13,24),(1412,'MOBILE','2023-02-12',47,24),(1413,'MOBILE','2023-02-11',20,24),(1414,'MOBILE','2023-02-10',10,24),(1415,'MOBILE','2023-02-09',20,24),(1416,'MOBILE','2023-02-08',47,24),(1417,'MOBILE','2023-02-07',49,24),(1418,'MOBILE','2023-02-06',43,24),(1419,'MOBILE','2023-02-05',26,24),(1420,'MOBILE','2023-02-04',28,24),(1421,'ALGORITHM','2023-02-03',12,24),(1422,'ALGORITHM','2023-02-02',32,24),(1423,'ALGORITHM','2023-02-01',0,24),(1424,'ALGORITHM','2023-01-31',26,24),(1425,'ALGORITHM','2023-01-30',30,24),(1426,'ALGORITHM','2023-01-29',8,24),(1427,'ALGORITHM','2023-01-28',4,24),(1428,'ALGORITHM','2023-01-27',13,24),(1429,'ALGORITHM','2023-01-26',0,24),(1430,'ALGORITHM','2023-01-25',26,24),(1431,'CS','2023-01-24',49,24),(1432,'CS','2023-01-23',24,24),(1433,'CS','2023-01-22',42,24),(1434,'CS','2023-01-21',3,24),(1435,'CS','2023-01-20',15,24),(1436,'CS','2023-01-19',6,24),(1437,'CS','2023-01-18',40,24),(1438,'CS','2023-01-17',30,24),(1439,'CS','2023-01-16',0,24),(1440,'CS','2023-01-15',26,24),(1441,'FRONT-END','2023-02-13',44,25),(1442,'FRONT-END','2023-02-12',16,25),(1443,'FRONT-END','2023-02-11',12,25),(1444,'FRONT-END','2023-02-10',17,25),(1445,'FRONT-END','2023-02-09',0,25),(1446,'FRONT-END','2023-02-08',16,25),(1447,'FRONT-END','2023-02-07',10,25),(1448,'FRONT-END','2023-02-06',44,25),(1449,'FRONT-END','2023-02-05',20,25),(1450,'FRONT-END','2023-02-04',28,25),(1451,'BACK-END','2023-02-03',22,25),(1452,'BACK-END','2023-02-02',21,25),(1453,'BACK-END','2023-02-01',37,25),(1454,'BACK-END','2023-01-31',46,25),(1455,'BACK-END','2023-01-30',0,25),(1456,'BACK-END','2023-01-29',36,25),(1457,'BACK-END','2023-01-28',31,25),(1458,'BACK-END','2023-01-27',22,25),(1459,'BACK-END','2023-01-26',17,25),(1460,'BACK-END','2023-01-25',9,25),(1461,'INFRA','2023-01-24',43,25),(1462,'INFRA','2023-01-23',18,25),(1463,'INFRA','2023-01-22',13,25),(1464,'INFRA','2023-01-21',3,25),(1465,'INFRA','2023-01-20',22,25),(1466,'INFRA','2023-01-19',30,25),(1467,'INFRA','2023-01-18',31,25),(1468,'INFRA','2023-01-17',49,25),(1469,'INFRA','2023-01-16',38,25),(1470,'INFRA','2023-01-15',16,25),(1471,'MOBILE','2023-02-13',16,25),(1472,'MOBILE','2023-02-12',14,25),(1473,'MOBILE','2023-02-11',3,25),(1474,'MOBILE','2023-02-10',37,25),(1475,'MOBILE','2023-02-09',0,25),(1476,'MOBILE','2023-02-08',37,25),(1477,'MOBILE','2023-02-07',35,25),(1478,'MOBILE','2023-02-06',4,25),(1479,'MOBILE','2023-02-05',11,25),(1480,'MOBILE','2023-02-04',6,25),(1481,'ALGORITHM','2023-02-03',47,25),(1482,'ALGORITHM','2023-02-02',32,25),(1483,'ALGORITHM','2023-02-01',33,25),(1484,'ALGORITHM','2023-01-31',32,25),(1485,'ALGORITHM','2023-01-30',43,25),(1486,'ALGORITHM','2023-01-29',47,25),(1487,'ALGORITHM','2023-01-28',22,25),(1488,'ALGORITHM','2023-01-27',49,25),(1489,'ALGORITHM','2023-01-26',28,25),(1490,'ALGORITHM','2023-01-25',7,25),(1491,'CS','2023-01-24',47,25),(1492,'CS','2023-01-23',18,25),(1493,'CS','2023-01-22',36,25),(1494,'CS','2023-01-21',30,25),(1495,'CS','2023-01-20',14,25),(1496,'CS','2023-01-19',40,25),(1497,'CS','2023-01-18',19,25),(1498,'CS','2023-01-17',17,25),(1499,'CS','2023-01-16',33,25),(1500,'CS','2023-01-15',23,25),(1501,'FRONT-END','2023-02-13',20,26),(1502,'FRONT-END','2023-02-12',23,26),(1503,'FRONT-END','2023-02-11',9,26),(1504,'FRONT-END','2023-02-10',49,26),(1505,'FRONT-END','2023-02-09',10,26),(1506,'FRONT-END','2023-02-08',22,26),(1507,'FRONT-END','2023-02-07',12,26),(1508,'FRONT-END','2023-02-06',9,26),(1509,'FRONT-END','2023-02-05',45,26),(1510,'FRONT-END','2023-02-04',2,26),(1511,'BACK-END','2023-02-03',34,26),(1512,'BACK-END','2023-02-02',43,26),(1513,'BACK-END','2023-02-01',27,26),(1514,'BACK-END','2023-01-31',7,26),(1515,'BACK-END','2023-01-30',34,26),(1516,'BACK-END','2023-01-29',35,26),(1517,'BACK-END','2023-01-28',36,26),(1518,'BACK-END','2023-01-27',39,26),(1519,'BACK-END','2023-01-26',21,26),(1520,'BACK-END','2023-01-25',47,26),(1521,'INFRA','2023-01-24',49,26),(1522,'INFRA','2023-01-23',18,26),(1523,'INFRA','2023-01-22',32,26),(1524,'INFRA','2023-01-21',39,26),(1525,'INFRA','2023-01-20',39,26),(1526,'INFRA','2023-01-19',41,26),(1527,'INFRA','2023-01-18',34,26),(1528,'INFRA','2023-01-17',43,26),(1529,'INFRA','2023-01-16',21,26),(1530,'INFRA','2023-01-15',38,26),(1531,'MOBILE','2023-02-13',33,26),(1532,'MOBILE','2023-02-12',10,26),(1533,'MOBILE','2023-02-11',6,26),(1534,'MOBILE','2023-02-10',43,26),(1535,'MOBILE','2023-02-09',13,26),(1536,'MOBILE','2023-02-08',31,26),(1537,'MOBILE','2023-02-07',30,26),(1538,'MOBILE','2023-02-06',27,26),(1539,'MOBILE','2023-02-05',3,26),(1540,'MOBILE','2023-02-04',25,26),(1541,'ALGORITHM','2023-02-03',28,26),(1542,'ALGORITHM','2023-02-02',2,26),(1543,'ALGORITHM','2023-02-01',43,26),(1544,'ALGORITHM','2023-01-31',42,26),(1545,'ALGORITHM','2023-01-30',38,26),(1546,'ALGORITHM','2023-01-29',3,26),(1547,'ALGORITHM','2023-01-28',44,26),(1548,'ALGORITHM','2023-01-27',44,26),(1549,'ALGORITHM','2023-01-26',16,26),(1550,'ALGORITHM','2023-01-25',7,26),(1551,'CS','2023-01-24',44,26),(1552,'CS','2023-01-23',37,26),(1553,'CS','2023-01-22',39,26),(1554,'CS','2023-01-21',30,26),(1555,'CS','2023-01-20',9,26),(1556,'CS','2023-01-19',13,26),(1557,'CS','2023-01-18',13,26),(1558,'CS','2023-01-17',2,26),(1559,'CS','2023-01-16',33,26),(1560,'CS','2023-01-15',21,26),(1561,'FRONT-END','2023-02-13',24,27),(1562,'FRONT-END','2023-02-12',7,27),(1563,'FRONT-END','2023-02-11',27,27),(1564,'FRONT-END','2023-02-10',44,27),(1565,'FRONT-END','2023-02-09',14,27),(1566,'FRONT-END','2023-02-08',0,27),(1567,'FRONT-END','2023-02-07',29,27),(1568,'FRONT-END','2023-02-06',23,27),(1569,'FRONT-END','2023-02-05',0,27),(1570,'FRONT-END','2023-02-04',7,27),(1571,'BACK-END','2023-02-03',13,27),(1572,'BACK-END','2023-02-02',0,27),(1573,'BACK-END','2023-02-01',10,27),(1574,'BACK-END','2023-01-31',2,27),(1575,'BACK-END','2023-01-30',9,27),(1576,'BACK-END','2023-01-29',43,27),(1577,'BACK-END','2023-01-28',47,27),(1578,'BACK-END','2023-01-27',30,27),(1579,'BACK-END','2023-01-26',3,27),(1580,'BACK-END','2023-01-25',24,27),(1581,'INFRA','2023-01-24',34,27),(1582,'INFRA','2023-01-23',45,27),(1583,'INFRA','2023-01-22',33,27),(1584,'INFRA','2023-01-21',2,27),(1585,'INFRA','2023-01-20',13,27),(1586,'INFRA','2023-01-19',32,27),(1587,'INFRA','2023-01-18',45,27),(1588,'INFRA','2023-01-17',19,27),(1589,'INFRA','2023-01-16',28,27),(1590,'INFRA','2023-01-15',41,27),(1591,'MOBILE','2023-02-13',7,27),(1592,'MOBILE','2023-02-12',18,27),(1593,'MOBILE','2023-02-11',47,27),(1594,'MOBILE','2023-02-10',49,27),(1595,'MOBILE','2023-02-09',21,27),(1596,'MOBILE','2023-02-08',39,27),(1597,'MOBILE','2023-02-07',23,27),(1598,'MOBILE','2023-02-06',30,27),(1599,'MOBILE','2023-02-05',28,27),(1600,'MOBILE','2023-02-04',8,27),(1601,'ALGORITHM','2023-02-03',36,27),(1602,'ALGORITHM','2023-02-02',23,27),(1603,'ALGORITHM','2023-02-01',7,27),(1604,'ALGORITHM','2023-01-31',23,27),(1605,'ALGORITHM','2023-01-30',13,27),(1606,'ALGORITHM','2023-01-29',27,27),(1607,'ALGORITHM','2023-01-28',15,27),(1608,'ALGORITHM','2023-01-27',26,27),(1609,'ALGORITHM','2023-01-26',29,27),(1610,'ALGORITHM','2023-01-25',33,27),(1611,'CS','2023-01-24',9,27),(1612,'CS','2023-01-23',17,27),(1613,'CS','2023-01-22',13,27),(1614,'CS','2023-01-21',47,27),(1615,'CS','2023-01-20',34,27),(1616,'CS','2023-01-19',18,27),(1617,'CS','2023-01-18',33,27),(1618,'CS','2023-01-17',30,27),(1619,'CS','2023-01-16',25,27),(1620,'CS','2023-01-15',23,27),(1621,'FRONT-END','2023-02-13',41,28),(1622,'FRONT-END','2023-02-12',31,28),(1623,'FRONT-END','2023-02-11',47,28),(1624,'FRONT-END','2023-02-10',2,28),(1625,'FRONT-END','2023-02-09',1,28),(1626,'FRONT-END','2023-02-08',29,28),(1627,'FRONT-END','2023-02-07',29,28),(1628,'FRONT-END','2023-02-06',15,28),(1629,'FRONT-END','2023-02-05',43,28),(1630,'FRONT-END','2023-02-04',34,28),(1631,'BACK-END','2023-02-03',27,28),(1632,'BACK-END','2023-02-02',11,28),(1633,'BACK-END','2023-02-01',14,28),(1634,'BACK-END','2023-01-31',41,28),(1635,'BACK-END','2023-01-30',16,28),(1636,'BACK-END','2023-01-29',20,28),(1637,'BACK-END','2023-01-28',33,28),(1638,'BACK-END','2023-01-27',44,28),(1639,'BACK-END','2023-01-26',35,28),(1640,'BACK-END','2023-01-25',15,28),(1641,'INFRA','2023-01-24',43,28),(1642,'INFRA','2023-01-23',32,28),(1643,'INFRA','2023-01-22',17,28),(1644,'INFRA','2023-01-21',33,28),(1645,'INFRA','2023-01-20',25,28),(1646,'INFRA','2023-01-19',6,28),(1647,'INFRA','2023-01-18',29,28),(1648,'INFRA','2023-01-17',30,28),(1649,'INFRA','2023-01-16',35,28),(1650,'INFRA','2023-01-15',11,28),(1651,'MOBILE','2023-02-13',4,28),(1652,'MOBILE','2023-02-12',1,28),(1653,'MOBILE','2023-02-11',22,28),(1654,'MOBILE','2023-02-10',22,28),(1655,'MOBILE','2023-02-09',28,28),(1656,'MOBILE','2023-02-08',25,28),(1657,'MOBILE','2023-02-07',29,28),(1658,'MOBILE','2023-02-06',47,28),(1659,'MOBILE','2023-02-05',25,28),(1660,'MOBILE','2023-02-04',48,28),(1661,'ALGORITHM','2023-02-03',9,28),(1662,'ALGORITHM','2023-02-02',29,28),(1663,'ALGORITHM','2023-02-01',18,28),(1664,'ALGORITHM','2023-01-31',35,28),(1665,'ALGORITHM','2023-01-30',5,28),(1666,'ALGORITHM','2023-01-29',14,28),(1667,'ALGORITHM','2023-01-28',0,28),(1668,'ALGORITHM','2023-01-27',23,28),(1669,'ALGORITHM','2023-01-26',31,28),(1670,'ALGORITHM','2023-01-25',6,28),(1671,'CS','2023-01-24',13,28),(1672,'CS','2023-01-23',32,28),(1673,'CS','2023-01-22',27,28),(1674,'CS','2023-01-21',24,28),(1675,'CS','2023-01-20',1,28),(1676,'CS','2023-01-19',4,28),(1677,'CS','2023-01-18',40,28),(1678,'CS','2023-01-17',33,28),(1679,'CS','2023-01-16',20,28),(1680,'CS','2023-01-15',49,28),(1681,'FRONT-END','2023-02-13',31,29),(1682,'FRONT-END','2023-02-12',25,29),(1683,'FRONT-END','2023-02-11',28,29),(1684,'FRONT-END','2023-02-10',14,29),(1685,'FRONT-END','2023-02-09',9,29),(1686,'FRONT-END','2023-02-08',31,29),(1687,'FRONT-END','2023-02-07',41,29),(1688,'FRONT-END','2023-02-06',43,29),(1689,'FRONT-END','2023-02-05',3,29),(1690,'FRONT-END','2023-02-04',48,29),(1691,'BACK-END','2023-02-03',16,29),(1692,'BACK-END','2023-02-02',25,29),(1693,'BACK-END','2023-02-01',26,29),(1694,'BACK-END','2023-01-31',25,29),(1695,'BACK-END','2023-01-30',14,29),(1696,'BACK-END','2023-01-29',6,29),(1697,'BACK-END','2023-01-28',35,29),(1698,'BACK-END','2023-01-27',13,29),(1699,'BACK-END','2023-01-26',19,29),(1700,'BACK-END','2023-01-25',9,29),(1701,'INFRA','2023-01-24',35,29),(1702,'INFRA','2023-01-23',48,29),(1703,'INFRA','2023-01-22',18,29),(1704,'INFRA','2023-01-21',33,29),(1705,'INFRA','2023-01-20',4,29),(1706,'INFRA','2023-01-19',44,29),(1707,'INFRA','2023-01-18',30,29),(1708,'INFRA','2023-01-17',40,29),(1709,'INFRA','2023-01-16',30,29),(1710,'INFRA','2023-01-15',33,29),(1711,'MOBILE','2023-02-13',31,29),(1712,'MOBILE','2023-02-12',45,29),(1713,'MOBILE','2023-02-11',11,29),(1714,'MOBILE','2023-02-10',25,29),(1715,'MOBILE','2023-02-09',3,29),(1716,'MOBILE','2023-02-08',3,29),(1717,'MOBILE','2023-02-07',16,29),(1718,'MOBILE','2023-02-06',0,29),(1719,'MOBILE','2023-02-05',7,29),(1720,'MOBILE','2023-02-04',41,29),(1721,'ALGORITHM','2023-02-03',39,29),(1722,'ALGORITHM','2023-02-02',39,29),(1723,'ALGORITHM','2023-02-01',15,29),(1724,'ALGORITHM','2023-01-31',16,29),(1725,'ALGORITHM','2023-01-30',36,29),(1726,'ALGORITHM','2023-01-29',7,29),(1727,'ALGORITHM','2023-01-28',6,29),(1728,'ALGORITHM','2023-01-27',37,29),(1729,'ALGORITHM','2023-01-26',42,29),(1730,'ALGORITHM','2023-01-25',25,29),(1731,'CS','2023-01-24',14,29),(1732,'CS','2023-01-23',46,29),(1733,'CS','2023-01-22',11,29),(1734,'CS','2023-01-21',49,29),(1735,'CS','2023-01-20',48,29),(1736,'CS','2023-01-19',37,29),(1737,'CS','2023-01-18',48,29),(1738,'CS','2023-01-17',40,29),(1739,'CS','2023-01-16',4,29),(1740,'CS','2023-01-15',14,29),(1741,'FRONT-END','2023-02-13',39,30),(1742,'FRONT-END','2023-02-12',44,30),(1743,'FRONT-END','2023-02-11',26,30),(1744,'FRONT-END','2023-02-10',23,30),(1745,'FRONT-END','2023-02-09',18,30),(1746,'FRONT-END','2023-02-08',22,30),(1747,'FRONT-END','2023-02-07',43,30),(1748,'FRONT-END','2023-02-06',43,30),(1749,'FRONT-END','2023-02-05',2,30),(1750,'FRONT-END','2023-02-04',13,30),(1751,'BACK-END','2023-02-03',35,30),(1752,'BACK-END','2023-02-02',34,30),(1753,'BACK-END','2023-02-01',15,30),(1754,'BACK-END','2023-01-31',20,30),(1755,'BACK-END','2023-01-30',46,30),(1756,'BACK-END','2023-01-29',6,30),(1757,'BACK-END','2023-01-28',44,30),(1758,'BACK-END','2023-01-27',28,30),(1759,'BACK-END','2023-01-26',34,30),(1760,'BACK-END','2023-01-25',41,30),(1761,'INFRA','2023-01-24',7,30),(1762,'INFRA','2023-01-23',13,30),(1763,'INFRA','2023-01-22',8,30),(1764,'INFRA','2023-01-21',7,30),(1765,'INFRA','2023-01-20',35,30),(1766,'INFRA','2023-01-19',6,30),(1767,'INFRA','2023-01-18',8,30),(1768,'INFRA','2023-01-17',28,30),(1769,'INFRA','2023-01-16',15,30),(1770,'INFRA','2023-01-15',15,30),(1771,'MOBILE','2023-02-13',2,30),(1772,'MOBILE','2023-02-12',49,30),(1773,'MOBILE','2023-02-11',13,30),(1774,'MOBILE','2023-02-10',39,30),(1775,'MOBILE','2023-02-09',29,30),(1776,'MOBILE','2023-02-08',45,30),(1777,'MOBILE','2023-02-07',29,30),(1778,'MOBILE','2023-02-06',2,30),(1779,'MOBILE','2023-02-05',20,30),(1780,'MOBILE','2023-02-04',11,30),(1781,'ALGORITHM','2023-02-03',9,30),(1782,'ALGORITHM','2023-02-02',28,30),(1783,'ALGORITHM','2023-02-01',8,30),(1784,'ALGORITHM','2023-01-31',19,30),(1785,'ALGORITHM','2023-01-30',12,30),(1786,'ALGORITHM','2023-01-29',33,30),(1787,'ALGORITHM','2023-01-28',37,30),(1788,'ALGORITHM','2023-01-27',39,30),(1789,'ALGORITHM','2023-01-26',2,30),(1790,'ALGORITHM','2023-01-25',24,30),(1791,'CS','2023-01-24',18,30),(1792,'CS','2023-01-23',25,30),(1793,'CS','2023-01-22',39,30),(1794,'CS','2023-01-21',40,30),(1795,'CS','2023-01-20',12,30),(1796,'CS','2023-01-19',42,30),(1797,'CS','2023-01-18',38,30),(1798,'CS','2023-01-17',22,30),(1799,'CS','2023-01-16',44,30),(1800,'CS','2023-01-15',20,30),(1801,'FRONT-END','2023-02-13',35,31),(1802,'FRONT-END','2023-02-12',25,31),(1803,'FRONT-END','2023-02-11',48,31),(1804,'FRONT-END','2023-02-10',14,31),(1805,'FRONT-END','2023-02-09',48,31),(1806,'FRONT-END','2023-02-08',43,31),(1807,'FRONT-END','2023-02-07',17,31),(1808,'FRONT-END','2023-02-06',21,31),(1809,'FRONT-END','2023-02-05',3,31),(1810,'FRONT-END','2023-02-04',0,31),(1811,'BACK-END','2023-02-03',25,31),(1812,'BACK-END','2023-02-02',13,31),(1813,'BACK-END','2023-02-01',8,31),(1814,'BACK-END','2023-01-31',18,31),(1815,'BACK-END','2023-01-30',22,31),(1816,'BACK-END','2023-01-29',45,31),(1817,'BACK-END','2023-01-28',10,31),(1818,'BACK-END','2023-01-27',14,31),(1819,'BACK-END','2023-01-26',49,31),(1820,'BACK-END','2023-01-25',31,31),(1821,'INFRA','2023-01-24',10,31),(1822,'INFRA','2023-01-23',28,31),(1823,'INFRA','2023-01-22',4,31),(1824,'INFRA','2023-01-21',31,31),(1825,'INFRA','2023-01-20',36,31),(1826,'INFRA','2023-01-19',4,31),(1827,'INFRA','2023-01-18',47,31),(1828,'INFRA','2023-01-17',15,31),(1829,'INFRA','2023-01-16',10,31),(1830,'INFRA','2023-01-15',4,31),(1831,'MOBILE','2023-02-13',39,31),(1832,'MOBILE','2023-02-12',31,31),(1833,'MOBILE','2023-02-11',17,31),(1834,'MOBILE','2023-02-10',41,31),(1835,'MOBILE','2023-02-09',34,31),(1836,'MOBILE','2023-02-08',48,31),(1837,'MOBILE','2023-02-07',43,31),(1838,'MOBILE','2023-02-06',10,31),(1839,'MOBILE','2023-02-05',19,31),(1840,'MOBILE','2023-02-04',15,31),(1841,'ALGORITHM','2023-02-03',37,31),(1842,'ALGORITHM','2023-02-02',49,31),(1843,'ALGORITHM','2023-02-01',5,31),(1844,'ALGORITHM','2023-01-31',31,31),(1845,'ALGORITHM','2023-01-30',11,31),(1846,'ALGORITHM','2023-01-29',28,31),(1847,'ALGORITHM','2023-01-28',39,31),(1848,'ALGORITHM','2023-01-27',45,31),(1849,'ALGORITHM','2023-01-26',2,31),(1850,'ALGORITHM','2023-01-25',16,31),(1851,'CS','2023-01-24',1,31),(1852,'CS','2023-01-23',34,31),(1853,'CS','2023-01-22',34,31),(1854,'CS','2023-01-21',10,31),(1855,'CS','2023-01-20',21,31),(1856,'CS','2023-01-19',47,31),(1857,'CS','2023-01-18',37,31),(1858,'CS','2023-01-17',33,31),(1859,'CS','2023-01-16',28,31),(1860,'CS','2023-01-15',48,31),(1861,'FRONT-END','2023-02-13',13,32),(1862,'FRONT-END','2023-02-12',26,32),(1863,'FRONT-END','2023-02-11',29,32),(1864,'FRONT-END','2023-02-10',20,32),(1865,'FRONT-END','2023-02-09',18,32),(1866,'FRONT-END','2023-02-08',32,32),(1867,'FRONT-END','2023-02-07',5,32),(1868,'FRONT-END','2023-02-06',27,32),(1869,'FRONT-END','2023-02-05',22,32),(1870,'FRONT-END','2023-02-04',8,32),(1871,'BACK-END','2023-02-03',33,32),(1872,'BACK-END','2023-02-02',9,32),(1873,'BACK-END','2023-02-01',38,32),(1874,'BACK-END','2023-01-31',28,32),(1875,'BACK-END','2023-01-30',46,32),(1876,'BACK-END','2023-01-29',21,32),(1877,'BACK-END','2023-01-28',40,32),(1878,'BACK-END','2023-01-27',40,32),(1879,'BACK-END','2023-01-26',8,32),(1880,'BACK-END','2023-01-25',27,32),(1881,'INFRA','2023-01-24',16,32),(1882,'INFRA','2023-01-23',40,32),(1883,'INFRA','2023-01-22',16,32),(1884,'INFRA','2023-01-21',22,32),(1885,'INFRA','2023-01-20',26,32),(1886,'INFRA','2023-01-19',17,32),(1887,'INFRA','2023-01-18',2,32),(1888,'INFRA','2023-01-17',30,32),(1889,'INFRA','2023-01-16',12,32),(1890,'INFRA','2023-01-15',0,32),(1891,'MOBILE','2023-02-13',12,32),(1892,'MOBILE','2023-02-12',39,32),(1893,'MOBILE','2023-02-11',14,32),(1894,'MOBILE','2023-02-10',2,32),(1895,'MOBILE','2023-02-09',18,32),(1896,'MOBILE','2023-02-08',35,32),(1897,'MOBILE','2023-02-07',21,32),(1898,'MOBILE','2023-02-06',42,32),(1899,'MOBILE','2023-02-05',12,32),(1900,'MOBILE','2023-02-04',9,32),(1901,'ALGORITHM','2023-02-03',12,32),(1902,'ALGORITHM','2023-02-02',31,32),(1903,'ALGORITHM','2023-02-01',46,32),(1904,'ALGORITHM','2023-01-31',30,32),(1905,'ALGORITHM','2023-01-30',5,32),(1906,'ALGORITHM','2023-01-29',31,32),(1907,'ALGORITHM','2023-01-28',25,32),(1908,'ALGORITHM','2023-01-27',39,32),(1909,'ALGORITHM','2023-01-26',14,32),(1910,'ALGORITHM','2023-01-25',10,32),(1911,'CS','2023-01-24',41,32),(1912,'CS','2023-01-23',36,32),(1913,'CS','2023-01-22',2,32),(1914,'CS','2023-01-21',30,32),(1915,'CS','2023-01-20',25,32),(1916,'CS','2023-01-19',38,32),(1917,'CS','2023-01-18',14,32),(1918,'CS','2023-01-17',38,32),(1919,'CS','2023-01-16',14,32),(1920,'CS','2023-01-15',40,32),(1921,'FRONT-END','2023-02-13',41,33),(1922,'FRONT-END','2023-02-12',41,33),(1923,'FRONT-END','2023-02-11',6,33),(1924,'FRONT-END','2023-02-10',30,33),(1925,'FRONT-END','2023-02-09',20,33),(1926,'FRONT-END','2023-02-08',24,33),(1927,'FRONT-END','2023-02-07',23,33),(1928,'FRONT-END','2023-02-06',30,33),(1929,'FRONT-END','2023-02-05',30,33),(1930,'FRONT-END','2023-02-04',2,33),(1931,'BACK-END','2023-02-03',22,33),(1932,'BACK-END','2023-02-02',34,33),(1933,'BACK-END','2023-02-01',42,33),(1934,'BACK-END','2023-01-31',4,33),(1935,'BACK-END','2023-01-30',30,33),(1936,'BACK-END','2023-01-29',42,33),(1937,'BACK-END','2023-01-28',28,33),(1938,'BACK-END','2023-01-27',47,33),(1939,'BACK-END','2023-01-26',33,33),(1940,'BACK-END','2023-01-25',12,33),(1941,'INFRA','2023-01-24',45,33),(1942,'INFRA','2023-01-23',4,33),(1943,'INFRA','2023-01-22',3,33),(1944,'INFRA','2023-01-21',16,33),(1945,'INFRA','2023-01-20',32,33),(1946,'INFRA','2023-01-19',29,33),(1947,'INFRA','2023-01-18',38,33),(1948,'INFRA','2023-01-17',47,33),(1949,'INFRA','2023-01-16',1,33),(1950,'INFRA','2023-01-15',20,33),(1951,'MOBILE','2023-02-13',6,33),(1952,'MOBILE','2023-02-12',34,33),(1953,'MOBILE','2023-02-11',22,33),(1954,'MOBILE','2023-02-10',42,33),(1955,'MOBILE','2023-02-09',38,33),(1956,'MOBILE','2023-02-08',46,33),(1957,'MOBILE','2023-02-07',39,33),(1958,'MOBILE','2023-02-06',10,33),(1959,'MOBILE','2023-02-05',13,33),(1960,'MOBILE','2023-02-04',37,33),(1961,'ALGORITHM','2023-02-03',24,33),(1962,'ALGORITHM','2023-02-02',36,33),(1963,'ALGORITHM','2023-02-01',44,33),(1964,'ALGORITHM','2023-01-31',39,33),(1965,'ALGORITHM','2023-01-30',44,33),(1966,'ALGORITHM','2023-01-29',18,33),(1967,'ALGORITHM','2023-01-28',37,33),(1968,'ALGORITHM','2023-01-27',1,33),(1969,'ALGORITHM','2023-01-26',41,33),(1970,'ALGORITHM','2023-01-25',49,33),(1971,'CS','2023-01-24',46,33),(1972,'CS','2023-01-23',36,33),(1973,'CS','2023-01-22',49,33),(1974,'CS','2023-01-21',6,33),(1975,'CS','2023-01-20',24,33),(1976,'CS','2023-01-19',44,33),(1977,'CS','2023-01-18',7,33),(1978,'CS','2023-01-17',48,33),(1979,'CS','2023-01-16',21,33),(1980,'CS','2023-01-15',12,33),(1981,'FRONT-END','2023-02-13',31,34),(1982,'FRONT-END','2023-02-12',5,34),(1983,'FRONT-END','2023-02-11',14,34),(1984,'FRONT-END','2023-02-10',30,34),(1985,'FRONT-END','2023-02-09',34,34),(1986,'FRONT-END','2023-02-08',40,34),(1987,'FRONT-END','2023-02-07',40,34),(1988,'FRONT-END','2023-02-06',43,34),(1989,'FRONT-END','2023-02-05',39,34),(1990,'FRONT-END','2023-02-04',17,34),(1991,'BACK-END','2023-02-03',27,34),(1992,'BACK-END','2023-02-02',5,34),(1993,'BACK-END','2023-02-01',24,34),(1994,'BACK-END','2023-01-31',40,34),(1995,'BACK-END','2023-01-30',14,34),(1996,'BACK-END','2023-01-29',31,34),(1997,'BACK-END','2023-01-28',29,34),(1998,'BACK-END','2023-01-27',14,34),(1999,'BACK-END','2023-01-26',18,34),(2000,'BACK-END','2023-01-25',18,34),(2001,'INFRA','2023-01-24',48,34),(2002,'INFRA','2023-01-23',48,34),(2003,'INFRA','2023-01-22',15,34),(2004,'INFRA','2023-01-21',28,34),(2005,'INFRA','2023-01-20',18,34),(2006,'INFRA','2023-01-19',39,34),(2007,'INFRA','2023-01-18',6,34),(2008,'INFRA','2023-01-17',28,34),(2009,'INFRA','2023-01-16',37,34),(2010,'INFRA','2023-01-15',2,34),(2011,'MOBILE','2023-02-13',44,34),(2012,'MOBILE','2023-02-12',23,34),(2013,'MOBILE','2023-02-11',13,34),(2014,'MOBILE','2023-02-10',23,34),(2015,'MOBILE','2023-02-09',34,34),(2016,'MOBILE','2023-02-08',26,34),(2017,'MOBILE','2023-02-07',12,34),(2018,'MOBILE','2023-02-06',27,34),(2019,'MOBILE','2023-02-05',49,34),(2020,'MOBILE','2023-02-04',17,34),(2021,'ALGORITHM','2023-02-03',31,34),(2022,'ALGORITHM','2023-02-02',13,34),(2023,'ALGORITHM','2023-02-01',42,34),(2024,'ALGORITHM','2023-01-31',47,34),(2025,'ALGORITHM','2023-01-30',23,34),(2026,'ALGORITHM','2023-01-29',18,34),(2027,'ALGORITHM','2023-01-28',48,34),(2028,'ALGORITHM','2023-01-27',31,34),(2029,'ALGORITHM','2023-01-26',12,34),(2030,'ALGORITHM','2023-01-25',40,34),(2031,'CS','2023-01-24',46,34),(2032,'CS','2023-01-23',36,34),(2033,'CS','2023-01-22',3,34),(2034,'CS','2023-01-21',11,34),(2035,'CS','2023-01-20',24,34),(2036,'CS','2023-01-19',45,34),(2037,'CS','2023-01-18',5,34),(2038,'CS','2023-01-17',41,34),(2039,'CS','2023-01-16',11,34),(2040,'CS','2023-01-15',7,34),(2041,'FRONT-END','2023-02-13',25,35),(2042,'FRONT-END','2023-02-12',49,35),(2043,'FRONT-END','2023-02-11',32,35),(2044,'FRONT-END','2023-02-10',43,35),(2045,'FRONT-END','2023-02-09',6,35),(2046,'FRONT-END','2023-02-08',5,35),(2047,'FRONT-END','2023-02-07',0,35),(2048,'FRONT-END','2023-02-06',36,35),(2049,'FRONT-END','2023-02-05',40,35),(2050,'FRONT-END','2023-02-04',26,35),(2051,'BACK-END','2023-02-03',11,35),(2052,'BACK-END','2023-02-02',29,35),(2053,'BACK-END','2023-02-01',9,35),(2054,'BACK-END','2023-01-31',19,35),(2055,'BACK-END','2023-01-30',12,35),(2056,'BACK-END','2023-01-29',9,35),(2057,'BACK-END','2023-01-28',31,35),(2058,'BACK-END','2023-01-27',37,35),(2059,'BACK-END','2023-01-26',0,35),(2060,'BACK-END','2023-01-25',22,35),(2061,'INFRA','2023-01-24',12,35),(2062,'INFRA','2023-01-23',13,35),(2063,'INFRA','2023-01-22',4,35),(2064,'INFRA','2023-01-21',25,35),(2065,'INFRA','2023-01-20',7,35),(2066,'INFRA','2023-01-19',41,35),(2067,'INFRA','2023-01-18',1,35),(2068,'INFRA','2023-01-17',12,35),(2069,'INFRA','2023-01-16',21,35),(2070,'INFRA','2023-01-15',11,35),(2071,'MOBILE','2023-02-13',46,35),(2072,'MOBILE','2023-02-12',21,35),(2073,'MOBILE','2023-02-11',12,35),(2074,'MOBILE','2023-02-10',4,35),(2075,'MOBILE','2023-02-09',40,35),(2076,'MOBILE','2023-02-08',16,35),(2077,'MOBILE','2023-02-07',25,35),(2078,'MOBILE','2023-02-06',49,35),(2079,'MOBILE','2023-02-05',34,35),(2080,'MOBILE','2023-02-04',35,35),(2081,'ALGORITHM','2023-02-03',1,35),(2082,'ALGORITHM','2023-02-02',29,35),(2083,'ALGORITHM','2023-02-01',5,35),(2084,'ALGORITHM','2023-01-31',42,35),(2085,'ALGORITHM','2023-01-30',3,35),(2086,'ALGORITHM','2023-01-29',0,35),(2087,'ALGORITHM','2023-01-28',14,35),(2088,'ALGORITHM','2023-01-27',36,35),(2089,'ALGORITHM','2023-01-26',27,35),(2090,'ALGORITHM','2023-01-25',35,35),(2091,'CS','2023-01-24',42,35),(2092,'CS','2023-01-23',16,35),(2093,'CS','2023-01-22',3,35),(2094,'CS','2023-01-21',47,35),(2095,'CS','2023-01-20',39,35),(2096,'CS','2023-01-19',31,35),(2097,'CS','2023-01-18',16,35),(2098,'CS','2023-01-17',15,35),(2099,'CS','2023-01-16',47,35),(2100,'CS','2023-01-15',17,35),(2101,'FRONT-END','2023-02-13',43,36),(2102,'FRONT-END','2023-02-12',13,36),(2103,'FRONT-END','2023-02-11',23,36),(2104,'FRONT-END','2023-02-10',47,36),(2105,'FRONT-END','2023-02-09',45,36),(2106,'FRONT-END','2023-02-08',0,36),(2107,'FRONT-END','2023-02-07',26,36),(2108,'FRONT-END','2023-02-06',41,36),(2109,'FRONT-END','2023-02-05',49,36),(2110,'FRONT-END','2023-02-04',8,36),(2111,'BACK-END','2023-02-03',48,36),(2112,'BACK-END','2023-02-02',21,36),(2113,'BACK-END','2023-02-01',42,36),(2114,'BACK-END','2023-01-31',38,36),(2115,'BACK-END','2023-01-30',27,36),(2116,'BACK-END','2023-01-29',18,36),(2117,'BACK-END','2023-01-28',45,36),(2118,'BACK-END','2023-01-27',35,36),(2119,'BACK-END','2023-01-26',10,36),(2120,'BACK-END','2023-01-25',19,36),(2121,'INFRA','2023-01-24',30,36),(2122,'INFRA','2023-01-23',2,36),(2123,'INFRA','2023-01-22',45,36),(2124,'INFRA','2023-01-21',28,36),(2125,'INFRA','2023-01-20',38,36),(2126,'INFRA','2023-01-19',44,36),(2127,'INFRA','2023-01-18',24,36),(2128,'INFRA','2023-01-17',45,36),(2129,'INFRA','2023-01-16',10,36),(2130,'INFRA','2023-01-15',42,36),(2131,'MOBILE','2023-02-13',26,36),(2132,'MOBILE','2023-02-12',11,36),(2133,'MOBILE','2023-02-11',40,36),(2134,'MOBILE','2023-02-10',45,36),(2135,'MOBILE','2023-02-09',22,36),(2136,'MOBILE','2023-02-08',37,36),(2137,'MOBILE','2023-02-07',45,36),(2138,'MOBILE','2023-02-06',27,36),(2139,'MOBILE','2023-02-05',0,36),(2140,'MOBILE','2023-02-04',47,36),(2141,'ALGORITHM','2023-02-03',48,36),(2142,'ALGORITHM','2023-02-02',33,36),(2143,'ALGORITHM','2023-02-01',20,36),(2144,'ALGORITHM','2023-01-31',34,36),(2145,'ALGORITHM','2023-01-30',48,36),(2146,'ALGORITHM','2023-01-29',32,36),(2147,'ALGORITHM','2023-01-28',36,36),(2148,'ALGORITHM','2023-01-27',29,36),(2149,'ALGORITHM','2023-01-26',48,36),(2150,'ALGORITHM','2023-01-25',36,36),(2151,'CS','2023-01-24',18,36),(2152,'CS','2023-01-23',38,36),(2153,'CS','2023-01-22',23,36),(2154,'CS','2023-01-21',14,36),(2155,'CS','2023-01-20',34,36),(2156,'CS','2023-01-19',16,36),(2157,'CS','2023-01-18',28,36),(2158,'CS','2023-01-17',46,36),(2159,'CS','2023-01-16',35,36),(2160,'CS','2023-01-15',29,36),(2161,'FRONT-END','2023-02-13',30,37),(2162,'FRONT-END','2023-02-12',23,37),(2163,'FRONT-END','2023-02-11',21,37),(2164,'FRONT-END','2023-02-10',29,37),(2165,'FRONT-END','2023-02-09',6,37),(2166,'FRONT-END','2023-02-08',18,37),(2167,'FRONT-END','2023-02-07',21,37),(2168,'FRONT-END','2023-02-06',28,37),(2169,'FRONT-END','2023-02-05',48,37),(2170,'FRONT-END','2023-02-04',24,37),(2171,'BACK-END','2023-02-03',30,37),(2172,'BACK-END','2023-02-02',46,37),(2173,'BACK-END','2023-02-01',24,37),(2174,'BACK-END','2023-01-31',35,37),(2175,'BACK-END','2023-01-30',21,37),(2176,'BACK-END','2023-01-29',42,37),(2177,'BACK-END','2023-01-28',39,37),(2178,'BACK-END','2023-01-27',35,37),(2179,'BACK-END','2023-01-26',13,37),(2180,'BACK-END','2023-01-25',31,37),(2181,'INFRA','2023-01-24',48,37),(2182,'INFRA','2023-01-23',38,37),(2183,'INFRA','2023-01-22',49,37),(2184,'INFRA','2023-01-21',28,37),(2185,'INFRA','2023-01-20',6,37),(2186,'INFRA','2023-01-19',36,37),(2187,'INFRA','2023-01-18',46,37),(2188,'INFRA','2023-01-17',34,37),(2189,'INFRA','2023-01-16',39,37),(2190,'INFRA','2023-01-15',48,37),(2191,'MOBILE','2023-02-13',38,37),(2192,'MOBILE','2023-02-12',8,37),(2193,'MOBILE','2023-02-11',22,37),(2194,'MOBILE','2023-02-10',39,37),(2195,'MOBILE','2023-02-09',41,37),(2196,'MOBILE','2023-02-08',21,37),(2197,'MOBILE','2023-02-07',5,37),(2198,'MOBILE','2023-02-06',1,37),(2199,'MOBILE','2023-02-05',40,37),(2200,'MOBILE','2023-02-04',8,37),(2201,'ALGORITHM','2023-02-03',1,37),(2202,'ALGORITHM','2023-02-02',37,37),(2203,'ALGORITHM','2023-02-01',5,37),(2204,'ALGORITHM','2023-01-31',37,37),(2205,'ALGORITHM','2023-01-30',6,37),(2206,'ALGORITHM','2023-01-29',2,37),(2207,'ALGORITHM','2023-01-28',13,37),(2208,'ALGORITHM','2023-01-27',39,37),(2209,'ALGORITHM','2023-01-26',13,37),(2210,'ALGORITHM','2023-01-25',4,37),(2211,'CS','2023-01-24',33,37),(2212,'CS','2023-01-23',0,37),(2213,'CS','2023-01-22',6,37),(2214,'CS','2023-01-21',46,37),(2215,'CS','2023-01-20',7,37),(2216,'CS','2023-01-19',2,37),(2217,'CS','2023-01-18',40,37),(2218,'CS','2023-01-17',37,37),(2219,'CS','2023-01-16',9,37),(2220,'CS','2023-01-15',44,37),(2221,'FRONT-END','2023-02-13',43,38),(2222,'FRONT-END','2023-02-12',29,38),(2223,'FRONT-END','2023-02-11',44,38),(2224,'FRONT-END','2023-02-10',20,38),(2225,'FRONT-END','2023-02-09',43,38),(2226,'FRONT-END','2023-02-08',35,38),(2227,'FRONT-END','2023-02-07',10,38),(2228,'FRONT-END','2023-02-06',39,38),(2229,'FRONT-END','2023-02-05',37,38),(2230,'FRONT-END','2023-02-04',25,38),(2231,'BACK-END','2023-02-03',42,38),(2232,'BACK-END','2023-02-02',1,38),(2233,'BACK-END','2023-02-01',24,38),(2234,'BACK-END','2023-01-31',36,38),(2235,'BACK-END','2023-01-30',22,38),(2236,'BACK-END','2023-01-29',28,38),(2237,'BACK-END','2023-01-28',16,38),(2238,'BACK-END','2023-01-27',36,38),(2239,'BACK-END','2023-01-26',8,38),(2240,'BACK-END','2023-01-25',2,38),(2241,'INFRA','2023-01-24',18,38),(2242,'INFRA','2023-01-23',24,38),(2243,'INFRA','2023-01-22',0,38),(2244,'INFRA','2023-01-21',30,38),(2245,'INFRA','2023-01-20',23,38),(2246,'INFRA','2023-01-19',46,38),(2247,'INFRA','2023-01-18',46,38),(2248,'INFRA','2023-01-17',41,38),(2249,'INFRA','2023-01-16',21,38),(2250,'INFRA','2023-01-15',11,38),(2251,'MOBILE','2023-02-13',25,38),(2252,'MOBILE','2023-02-12',44,38),(2253,'MOBILE','2023-02-11',43,38),(2254,'MOBILE','2023-02-10',37,38),(2255,'MOBILE','2023-02-09',17,38),(2256,'MOBILE','2023-02-08',38,38),(2257,'MOBILE','2023-02-07',35,38),(2258,'MOBILE','2023-02-06',28,38),(2259,'MOBILE','2023-02-05',47,38),(2260,'MOBILE','2023-02-04',47,38),(2261,'ALGORITHM','2023-02-03',2,38),(2262,'ALGORITHM','2023-02-02',3,38),(2263,'ALGORITHM','2023-02-01',4,38),(2264,'ALGORITHM','2023-01-31',7,38),(2265,'ALGORITHM','2023-01-30',35,38),(2266,'ALGORITHM','2023-01-29',1,38),(2267,'ALGORITHM','2023-01-28',28,38),(2268,'ALGORITHM','2023-01-27',15,38),(2269,'ALGORITHM','2023-01-26',47,38),(2270,'ALGORITHM','2023-01-25',47,38),(2271,'CS','2023-01-24',32,38),(2272,'CS','2023-01-23',15,38),(2273,'CS','2023-01-22',23,38),(2274,'CS','2023-01-21',21,38),(2275,'CS','2023-01-20',39,38),(2276,'CS','2023-01-19',45,38),(2277,'CS','2023-01-18',24,38),(2278,'CS','2023-01-17',33,38),(2279,'CS','2023-01-16',45,38),(2280,'CS','2023-01-15',41,38),(2281,'FRONT-END','2023-02-13',10,39),(2282,'FRONT-END','2023-02-12',19,39),(2283,'FRONT-END','2023-02-11',21,39),(2284,'FRONT-END','2023-02-10',6,39),(2285,'FRONT-END','2023-02-09',4,39),(2286,'FRONT-END','2023-02-08',47,39),(2287,'FRONT-END','2023-02-07',7,39),(2288,'FRONT-END','2023-02-06',40,39),(2289,'FRONT-END','2023-02-05',7,39),(2290,'FRONT-END','2023-02-04',21,39),(2291,'BACK-END','2023-02-03',26,39),(2292,'BACK-END','2023-02-02',33,39),(2293,'BACK-END','2023-02-01',43,39),(2294,'BACK-END','2023-01-31',8,39),(2295,'BACK-END','2023-01-30',42,39),(2296,'BACK-END','2023-01-29',11,39),(2297,'BACK-END','2023-01-28',34,39),(2298,'BACK-END','2023-01-27',12,39),(2299,'BACK-END','2023-01-26',22,39),(2300,'BACK-END','2023-01-25',34,39),(2301,'INFRA','2023-01-24',44,39),(2302,'INFRA','2023-01-23',14,39),(2303,'INFRA','2023-01-22',14,39),(2304,'INFRA','2023-01-21',3,39),(2305,'INFRA','2023-01-20',11,39),(2306,'INFRA','2023-01-19',34,39),(2307,'INFRA','2023-01-18',12,39),(2308,'INFRA','2023-01-17',22,39),(2309,'INFRA','2023-01-16',41,39),(2310,'INFRA','2023-01-15',45,39),(2311,'MOBILE','2023-02-13',44,39),(2312,'MOBILE','2023-02-12',31,39),(2313,'MOBILE','2023-02-11',23,39),(2314,'MOBILE','2023-02-10',41,39),(2315,'MOBILE','2023-02-09',13,39),(2316,'MOBILE','2023-02-08',29,39),(2317,'MOBILE','2023-02-07',42,39),(2318,'MOBILE','2023-02-06',21,39),(2319,'MOBILE','2023-02-05',33,39),(2320,'MOBILE','2023-02-04',8,39),(2321,'ALGORITHM','2023-02-03',30,39),(2322,'ALGORITHM','2023-02-02',33,39),(2323,'ALGORITHM','2023-02-01',37,39),(2324,'ALGORITHM','2023-01-31',47,39),(2325,'ALGORITHM','2023-01-30',36,39),(2326,'ALGORITHM','2023-01-29',16,39),(2327,'ALGORITHM','2023-01-28',5,39),(2328,'ALGORITHM','2023-01-27',1,39),(2329,'ALGORITHM','2023-01-26',5,39),(2330,'ALGORITHM','2023-01-25',12,39),(2331,'CS','2023-01-24',29,39),(2332,'CS','2023-01-23',14,39),(2333,'CS','2023-01-22',11,39),(2334,'CS','2023-01-21',3,39),(2335,'CS','2023-01-20',27,39),(2336,'CS','2023-01-19',28,39),(2337,'CS','2023-01-18',33,39),(2338,'CS','2023-01-17',48,39),(2339,'CS','2023-01-16',33,39),(2340,'CS','2023-01-15',25,39),(2341,'FRONT-END','2023-02-13',23,40),(2342,'FRONT-END','2023-02-12',13,40),(2343,'FRONT-END','2023-02-11',41,40),(2344,'FRONT-END','2023-02-10',40,40),(2345,'FRONT-END','2023-02-09',37,40),(2346,'FRONT-END','2023-02-08',34,40),(2347,'FRONT-END','2023-02-07',29,40),(2348,'FRONT-END','2023-02-06',1,40),(2349,'FRONT-END','2023-02-05',38,40),(2350,'FRONT-END','2023-02-04',40,40),(2351,'BACK-END','2023-02-03',36,40),(2352,'BACK-END','2023-02-02',25,40),(2353,'BACK-END','2023-02-01',47,40),(2354,'BACK-END','2023-01-31',41,40),(2355,'BACK-END','2023-01-30',16,40),(2356,'BACK-END','2023-01-29',32,40),(2357,'BACK-END','2023-01-28',6,40),(2358,'BACK-END','2023-01-27',15,40),(2359,'BACK-END','2023-01-26',30,40),(2360,'BACK-END','2023-01-25',46,40),(2361,'INFRA','2023-01-24',24,40),(2362,'INFRA','2023-01-23',20,40),(2363,'INFRA','2023-01-22',26,40),(2364,'INFRA','2023-01-21',48,40),(2365,'INFRA','2023-01-20',22,40),(2366,'INFRA','2023-01-19',4,40),(2367,'INFRA','2023-01-18',48,40),(2368,'INFRA','2023-01-17',48,40),(2369,'INFRA','2023-01-16',16,40),(2370,'INFRA','2023-01-15',44,40),(2371,'MOBILE','2023-02-13',7,40),(2372,'MOBILE','2023-02-12',8,40),(2373,'MOBILE','2023-02-11',1,40),(2374,'MOBILE','2023-02-10',20,40),(2375,'MOBILE','2023-02-09',2,40),(2376,'MOBILE','2023-02-08',42,40),(2377,'MOBILE','2023-02-07',11,40),(2378,'MOBILE','2023-02-06',14,40),(2379,'MOBILE','2023-02-05',45,40),(2380,'MOBILE','2023-02-04',30,40),(2381,'ALGORITHM','2023-02-03',2,40),(2382,'ALGORITHM','2023-02-02',37,40),(2383,'ALGORITHM','2023-02-01',45,40),(2384,'ALGORITHM','2023-01-31',43,40),(2385,'ALGORITHM','2023-01-30',41,40),(2386,'ALGORITHM','2023-01-29',34,40),(2387,'ALGORITHM','2023-01-28',35,40),(2388,'ALGORITHM','2023-01-27',39,40),(2389,'ALGORITHM','2023-01-26',45,40),(2390,'ALGORITHM','2023-01-25',19,40),(2391,'CS','2023-01-24',8,40),(2392,'CS','2023-01-23',48,40),(2393,'CS','2023-01-22',36,40),(2394,'CS','2023-01-21',18,40),(2395,'CS','2023-01-20',39,40),(2396,'CS','2023-01-19',28,40),(2397,'CS','2023-01-18',44,40),(2398,'CS','2023-01-17',25,40),(2399,'CS','2023-01-16',25,40),(2400,'CS','2023-01-15',41,40),(2401,'FRONT-END','2023-02-13',45,41),(2402,'FRONT-END','2023-02-12',11,41),(2403,'FRONT-END','2023-02-11',23,41),(2404,'FRONT-END','2023-02-10',20,41),(2405,'FRONT-END','2023-02-09',14,41),(2406,'FRONT-END','2023-02-08',33,41),(2407,'FRONT-END','2023-02-07',37,41),(2408,'FRONT-END','2023-02-06',0,41),(2409,'FRONT-END','2023-02-05',9,41),(2410,'FRONT-END','2023-02-04',41,41),(2411,'BACK-END','2023-02-03',37,41),(2412,'BACK-END','2023-02-02',27,41),(2413,'BACK-END','2023-02-01',6,41),(2414,'BACK-END','2023-01-31',10,41),(2415,'BACK-END','2023-01-30',0,41),(2416,'BACK-END','2023-01-29',11,41),(2417,'BACK-END','2023-01-28',21,41),(2418,'BACK-END','2023-01-27',27,41),(2419,'BACK-END','2023-01-26',3,41),(2420,'BACK-END','2023-01-25',38,41),(2421,'INFRA','2023-01-24',0,41),(2422,'INFRA','2023-01-23',1,41),(2423,'INFRA','2023-01-22',13,41),(2424,'INFRA','2023-01-21',38,41),(2425,'INFRA','2023-01-20',39,41),(2426,'INFRA','2023-01-19',44,41),(2427,'INFRA','2023-01-18',47,41),(2428,'INFRA','2023-01-17',36,41),(2429,'INFRA','2023-01-16',27,41),(2430,'INFRA','2023-01-15',1,41),(2431,'MOBILE','2023-02-13',13,41),(2432,'MOBILE','2023-02-12',38,41),(2433,'MOBILE','2023-02-11',3,41),(2434,'MOBILE','2023-02-10',13,41),(2435,'MOBILE','2023-02-09',15,41),(2436,'MOBILE','2023-02-08',36,41),(2437,'MOBILE','2023-02-07',1,41),(2438,'MOBILE','2023-02-06',30,41),(2439,'MOBILE','2023-02-05',32,41),(2440,'MOBILE','2023-02-04',35,41),(2441,'ALGORITHM','2023-02-03',0,41),(2442,'ALGORITHM','2023-02-02',18,41),(2443,'ALGORITHM','2023-02-01',43,41),(2444,'ALGORITHM','2023-01-31',11,41),(2445,'ALGORITHM','2023-01-30',30,41),(2446,'ALGORITHM','2023-01-29',24,41),(2447,'ALGORITHM','2023-01-28',42,41),(2448,'ALGORITHM','2023-01-27',17,41),(2449,'ALGORITHM','2023-01-26',18,41),(2450,'ALGORITHM','2023-01-25',45,41),(2451,'CS','2023-01-24',35,41),(2452,'CS','2023-01-23',0,41),(2453,'CS','2023-01-22',16,41),(2454,'CS','2023-01-21',35,41),(2455,'CS','2023-01-20',43,41),(2456,'CS','2023-01-19',4,41),(2457,'CS','2023-01-18',36,41),(2458,'CS','2023-01-17',48,41),(2459,'CS','2023-01-16',2,41),(2460,'CS','2023-01-15',7,41),(2461,'FRONT-END','2023-02-13',6,42),(2462,'FRONT-END','2023-02-12',15,42),(2463,'FRONT-END','2023-02-11',15,42),(2464,'FRONT-END','2023-02-10',21,42),(2465,'FRONT-END','2023-02-09',19,42),(2466,'FRONT-END','2023-02-08',29,42),(2467,'FRONT-END','2023-02-07',34,42),(2468,'FRONT-END','2023-02-06',34,42),(2469,'FRONT-END','2023-02-05',6,42),(2470,'FRONT-END','2023-02-04',6,42),(2471,'BACK-END','2023-02-03',2,42),(2472,'BACK-END','2023-02-02',45,42),(2473,'BACK-END','2023-02-01',9,42),(2474,'BACK-END','2023-01-31',11,42),(2475,'BACK-END','2023-01-30',34,42),(2476,'BACK-END','2023-01-29',26,42),(2477,'BACK-END','2023-01-28',15,42),(2478,'BACK-END','2023-01-27',0,42),(2479,'BACK-END','2023-01-26',15,42),(2480,'BACK-END','2023-01-25',38,42),(2481,'INFRA','2023-01-24',40,42),(2482,'INFRA','2023-01-23',9,42),(2483,'INFRA','2023-01-22',25,42),(2484,'INFRA','2023-01-21',40,42),(2485,'INFRA','2023-01-20',3,42),(2486,'INFRA','2023-01-19',2,42),(2487,'INFRA','2023-01-18',29,42),(2488,'INFRA','2023-01-17',16,42),(2489,'INFRA','2023-01-16',41,42),(2490,'INFRA','2023-01-15',14,42),(2491,'MOBILE','2023-02-13',7,42),(2492,'MOBILE','2023-02-12',48,42),(2493,'MOBILE','2023-02-11',11,42),(2494,'MOBILE','2023-02-10',31,42),(2495,'MOBILE','2023-02-09',44,42),(2496,'MOBILE','2023-02-08',30,42),(2497,'MOBILE','2023-02-07',36,42),(2498,'MOBILE','2023-02-06',49,42),(2499,'MOBILE','2023-02-05',29,42),(2500,'MOBILE','2023-02-04',2,42),(2501,'ALGORITHM','2023-02-03',44,42),(2502,'ALGORITHM','2023-02-02',32,42),(2503,'ALGORITHM','2023-02-01',43,42),(2504,'ALGORITHM','2023-01-31',46,42),(2505,'ALGORITHM','2023-01-30',36,42),(2506,'ALGORITHM','2023-01-29',15,42),(2507,'ALGORITHM','2023-01-28',9,42),(2508,'ALGORITHM','2023-01-27',11,42),(2509,'ALGORITHM','2023-01-26',37,42),(2510,'ALGORITHM','2023-01-25',48,42),(2511,'CS','2023-01-24',29,42),(2512,'CS','2023-01-23',9,42),(2513,'CS','2023-01-22',46,42),(2514,'CS','2023-01-21',43,42),(2515,'CS','2023-01-20',40,42),(2516,'CS','2023-01-19',19,42),(2517,'CS','2023-01-18',49,42),(2518,'CS','2023-01-17',8,42),(2519,'CS','2023-01-16',44,42),(2520,'CS','2023-01-15',22,42),(2521,'FRONT-END','2023-02-13',7,43),(2522,'FRONT-END','2023-02-12',37,43),(2523,'FRONT-END','2023-02-11',14,43),(2524,'FRONT-END','2023-02-10',17,43),(2525,'FRONT-END','2023-02-09',43,43),(2526,'FRONT-END','2023-02-08',44,43),(2527,'FRONT-END','2023-02-07',39,43),(2528,'FRONT-END','2023-02-06',38,43),(2529,'FRONT-END','2023-02-05',36,43),(2530,'FRONT-END','2023-02-04',35,43),(2531,'BACK-END','2023-02-03',48,43),(2532,'BACK-END','2023-02-02',43,43),(2533,'BACK-END','2023-02-01',26,43),(2534,'BACK-END','2023-01-31',30,43),(2535,'BACK-END','2023-01-30',16,43),(2536,'BACK-END','2023-01-29',20,43),(2537,'BACK-END','2023-01-28',34,43),(2538,'BACK-END','2023-01-27',3,43),(2539,'BACK-END','2023-01-26',34,43),(2540,'BACK-END','2023-01-25',43,43),(2541,'INFRA','2023-01-24',33,43),(2542,'INFRA','2023-01-23',21,43),(2543,'INFRA','2023-01-22',37,43),(2544,'INFRA','2023-01-21',49,43),(2545,'INFRA','2023-01-20',26,43),(2546,'INFRA','2023-01-19',38,43),(2547,'INFRA','2023-01-18',21,43),(2548,'INFRA','2023-01-17',15,43),(2549,'INFRA','2023-01-16',13,43),(2550,'INFRA','2023-01-15',11,43),(2551,'MOBILE','2023-02-13',40,43),(2552,'MOBILE','2023-02-12',5,43),(2553,'MOBILE','2023-02-11',15,43),(2554,'MOBILE','2023-02-10',26,43),(2555,'MOBILE','2023-02-09',23,43),(2556,'MOBILE','2023-02-08',23,43),(2557,'MOBILE','2023-02-07',15,43),(2558,'MOBILE','2023-02-06',34,43),(2559,'MOBILE','2023-02-05',49,43),(2560,'MOBILE','2023-02-04',34,43),(2561,'ALGORITHM','2023-02-03',31,43),(2562,'ALGORITHM','2023-02-02',43,43),(2563,'ALGORITHM','2023-02-01',42,43),(2564,'ALGORITHM','2023-01-31',2,43),(2565,'ALGORITHM','2023-01-30',5,43),(2566,'ALGORITHM','2023-01-29',11,43),(2567,'ALGORITHM','2023-01-28',24,43),(2568,'ALGORITHM','2023-01-27',31,43),(2569,'ALGORITHM','2023-01-26',6,43),(2570,'ALGORITHM','2023-01-25',19,43),(2571,'CS','2023-01-24',14,43),(2572,'CS','2023-01-23',39,43),(2573,'CS','2023-01-22',1,43),(2574,'CS','2023-01-21',31,43),(2575,'CS','2023-01-20',20,43),(2576,'CS','2023-01-19',2,43),(2577,'CS','2023-01-18',1,43),(2578,'CS','2023-01-17',35,43),(2579,'CS','2023-01-16',0,43),(2580,'CS','2023-01-15',47,43),(2581,'FRONT-END','2023-02-13',18,44),(2582,'FRONT-END','2023-02-12',23,44),(2583,'FRONT-END','2023-02-11',36,44),(2584,'FRONT-END','2023-02-10',2,44),(2585,'FRONT-END','2023-02-09',13,44),(2586,'FRONT-END','2023-02-08',4,44),(2587,'FRONT-END','2023-02-07',9,44),(2588,'FRONT-END','2023-02-06',33,44),(2589,'FRONT-END','2023-02-05',48,44),(2590,'FRONT-END','2023-02-04',37,44),(2591,'BACK-END','2023-02-03',29,44),(2592,'BACK-END','2023-02-02',18,44),(2593,'BACK-END','2023-02-01',15,44),(2594,'BACK-END','2023-01-31',7,44),(2595,'BACK-END','2023-01-30',41,44),(2596,'BACK-END','2023-01-29',0,44),(2597,'BACK-END','2023-01-28',28,44),(2598,'BACK-END','2023-01-27',22,44),(2599,'BACK-END','2023-01-26',13,44),(2600,'BACK-END','2023-01-25',45,44),(2601,'INFRA','2023-01-24',6,44),(2602,'INFRA','2023-01-23',44,44),(2603,'INFRA','2023-01-22',11,44),(2604,'INFRA','2023-01-21',20,44),(2605,'INFRA','2023-01-20',2,44),(2606,'INFRA','2023-01-19',25,44),(2607,'INFRA','2023-01-18',45,44),(2608,'INFRA','2023-01-17',42,44),(2609,'INFRA','2023-01-16',28,44),(2610,'INFRA','2023-01-15',15,44),(2611,'MOBILE','2023-02-13',25,44),(2612,'MOBILE','2023-02-12',25,44),(2613,'MOBILE','2023-02-11',11,44),(2614,'MOBILE','2023-02-10',6,44),(2615,'MOBILE','2023-02-09',21,44),(2616,'MOBILE','2023-02-08',33,44),(2617,'MOBILE','2023-02-07',40,44),(2618,'MOBILE','2023-02-06',28,44),(2619,'MOBILE','2023-02-05',46,44),(2620,'MOBILE','2023-02-04',39,44),(2621,'ALGORITHM','2023-02-03',36,44),(2622,'ALGORITHM','2023-02-02',34,44),(2623,'ALGORITHM','2023-02-01',45,44),(2624,'ALGORITHM','2023-01-31',15,44),(2625,'ALGORITHM','2023-01-30',26,44),(2626,'ALGORITHM','2023-01-29',41,44),(2627,'ALGORITHM','2023-01-28',36,44),(2628,'ALGORITHM','2023-01-27',34,44),(2629,'ALGORITHM','2023-01-26',0,44),(2630,'ALGORITHM','2023-01-25',7,44),(2631,'CS','2023-01-24',36,44),(2632,'CS','2023-01-23',22,44),(2633,'CS','2023-01-22',8,44),(2634,'CS','2023-01-21',22,44),(2635,'CS','2023-01-20',34,44),(2636,'CS','2023-01-19',36,44),(2637,'CS','2023-01-18',33,44),(2638,'CS','2023-01-17',26,44),(2639,'CS','2023-01-16',22,44),(2640,'CS','2023-01-15',37,44),(2641,'FRONT-END','2023-02-13',22,45),(2642,'FRONT-END','2023-02-12',48,45),(2643,'FRONT-END','2023-02-11',2,45),(2644,'FRONT-END','2023-02-10',48,45),(2645,'FRONT-END','2023-02-09',38,45),(2646,'FRONT-END','2023-02-08',43,45),(2647,'FRONT-END','2023-02-07',27,45),(2648,'FRONT-END','2023-02-06',47,45),(2649,'FRONT-END','2023-02-05',40,45),(2650,'FRONT-END','2023-02-04',26,45),(2651,'BACK-END','2023-02-03',3,45),(2652,'BACK-END','2023-02-02',45,45),(2653,'BACK-END','2023-02-01',22,45),(2654,'BACK-END','2023-01-31',42,45),(2655,'BACK-END','2023-01-30',47,45),(2656,'BACK-END','2023-01-29',42,45),(2657,'BACK-END','2023-01-28',25,45),(2658,'BACK-END','2023-01-27',42,45),(2659,'BACK-END','2023-01-26',24,45),(2660,'BACK-END','2023-01-25',36,45),(2661,'INFRA','2023-01-24',13,45),(2662,'INFRA','2023-01-23',36,45),(2663,'INFRA','2023-01-22',18,45),(2664,'INFRA','2023-01-21',15,45),(2665,'INFRA','2023-01-20',37,45),(2666,'INFRA','2023-01-19',49,45),(2667,'INFRA','2023-01-18',41,45),(2668,'INFRA','2023-01-17',6,45),(2669,'INFRA','2023-01-16',5,45),(2670,'INFRA','2023-01-15',36,45),(2671,'MOBILE','2023-02-13',34,45),(2672,'MOBILE','2023-02-12',24,45),(2673,'MOBILE','2023-02-11',39,45),(2674,'MOBILE','2023-02-10',17,45),(2675,'MOBILE','2023-02-09',0,45),(2676,'MOBILE','2023-02-08',25,45),(2677,'MOBILE','2023-02-07',25,45),(2678,'MOBILE','2023-02-06',23,45),(2679,'MOBILE','2023-02-05',48,45),(2680,'MOBILE','2023-02-04',26,45),(2681,'ALGORITHM','2023-02-03',3,45),(2682,'ALGORITHM','2023-02-02',37,45),(2683,'ALGORITHM','2023-02-01',1,45),(2684,'ALGORITHM','2023-01-31',12,45),(2685,'ALGORITHM','2023-01-30',36,45),(2686,'ALGORITHM','2023-01-29',23,45),(2687,'ALGORITHM','2023-01-28',0,45),(2688,'ALGORITHM','2023-01-27',47,45),(2689,'ALGORITHM','2023-01-26',37,45),(2690,'ALGORITHM','2023-01-25',20,45),(2691,'CS','2023-01-24',22,45),(2692,'CS','2023-01-23',48,45),(2693,'CS','2023-01-22',40,45),(2694,'CS','2023-01-21',38,45),(2695,'CS','2023-01-20',2,45),(2696,'CS','2023-01-19',30,45),(2697,'CS','2023-01-18',10,45),(2698,'CS','2023-01-17',22,45),(2699,'CS','2023-01-16',44,45),(2700,'CS','2023-01-15',18,45),(2701,'FRONT-END','2023-02-13',40,46),(2702,'FRONT-END','2023-02-12',47,46),(2703,'FRONT-END','2023-02-11',26,46),(2704,'FRONT-END','2023-02-10',9,46),(2705,'FRONT-END','2023-02-09',21,46),(2706,'FRONT-END','2023-02-08',43,46),(2707,'FRONT-END','2023-02-07',11,46),(2708,'FRONT-END','2023-02-06',3,46),(2709,'FRONT-END','2023-02-05',29,46),(2710,'FRONT-END','2023-02-04',28,46),(2711,'BACK-END','2023-02-03',45,46),(2712,'BACK-END','2023-02-02',8,46),(2713,'BACK-END','2023-02-01',12,46),(2714,'BACK-END','2023-01-31',20,46),(2715,'BACK-END','2023-01-30',30,46),(2716,'BACK-END','2023-01-29',12,46),(2717,'BACK-END','2023-01-28',43,46),(2718,'BACK-END','2023-01-27',9,46),(2719,'BACK-END','2023-01-26',26,46),(2720,'BACK-END','2023-01-25',1,46),(2721,'INFRA','2023-01-24',49,46),(2722,'INFRA','2023-01-23',31,46),(2723,'INFRA','2023-01-22',31,46),(2724,'INFRA','2023-01-21',8,46),(2725,'INFRA','2023-01-20',36,46),(2726,'INFRA','2023-01-19',48,46),(2727,'INFRA','2023-01-18',36,46),(2728,'INFRA','2023-01-17',4,46),(2729,'INFRA','2023-01-16',42,46),(2730,'INFRA','2023-01-15',4,46),(2731,'MOBILE','2023-02-13',42,46),(2732,'MOBILE','2023-02-12',48,46),(2733,'MOBILE','2023-02-11',27,46),(2734,'MOBILE','2023-02-10',23,46),(2735,'MOBILE','2023-02-09',4,46),(2736,'MOBILE','2023-02-08',9,46),(2737,'MOBILE','2023-02-07',6,46),(2738,'MOBILE','2023-02-06',26,46),(2739,'MOBILE','2023-02-05',33,46),(2740,'MOBILE','2023-02-04',11,46),(2741,'ALGORITHM','2023-02-03',44,46),(2742,'ALGORITHM','2023-02-02',40,46),(2743,'ALGORITHM','2023-02-01',37,46),(2744,'ALGORITHM','2023-01-31',14,46),(2745,'ALGORITHM','2023-01-30',7,46),(2746,'ALGORITHM','2023-01-29',23,46),(2747,'ALGORITHM','2023-01-28',28,46),(2748,'ALGORITHM','2023-01-27',3,46),(2749,'ALGORITHM','2023-01-26',9,46),(2750,'ALGORITHM','2023-01-25',31,46),(2751,'CS','2023-01-24',19,46),(2752,'CS','2023-01-23',12,46),(2753,'CS','2023-01-22',30,46),(2754,'CS','2023-01-21',22,46),(2755,'CS','2023-01-20',29,46),(2756,'CS','2023-01-19',48,46),(2757,'CS','2023-01-18',6,46),(2758,'CS','2023-01-17',27,46),(2759,'CS','2023-01-16',44,46),(2760,'CS','2023-01-15',40,46),(2761,'FRONT-END','2023-02-13',16,47),(2762,'FRONT-END','2023-02-12',48,47),(2763,'FRONT-END','2023-02-11',2,47),(2764,'FRONT-END','2023-02-10',32,47),(2765,'FRONT-END','2023-02-09',40,47),(2766,'FRONT-END','2023-02-08',39,47),(2767,'FRONT-END','2023-02-07',49,47),(2768,'FRONT-END','2023-02-06',27,47),(2769,'FRONT-END','2023-02-05',46,47),(2770,'FRONT-END','2023-02-04',1,47),(2771,'BACK-END','2023-02-03',5,47),(2772,'BACK-END','2023-02-02',11,47),(2773,'BACK-END','2023-02-01',28,47),(2774,'BACK-END','2023-01-31',12,47),(2775,'BACK-END','2023-01-30',28,47),(2776,'BACK-END','2023-01-29',44,47),(2777,'BACK-END','2023-01-28',6,47),(2778,'BACK-END','2023-01-27',15,47),(2779,'BACK-END','2023-01-26',28,47),(2780,'BACK-END','2023-01-25',7,47),(2781,'INFRA','2023-01-24',25,47),(2782,'INFRA','2023-01-23',19,47),(2783,'INFRA','2023-01-22',6,47),(2784,'INFRA','2023-01-21',45,47),(2785,'INFRA','2023-01-20',1,47),(2786,'INFRA','2023-01-19',42,47),(2787,'INFRA','2023-01-18',8,47),(2788,'INFRA','2023-01-17',5,47),(2789,'INFRA','2023-01-16',28,47),(2790,'INFRA','2023-01-15',28,47),(2791,'MOBILE','2023-02-13',41,47),(2792,'MOBILE','2023-02-12',12,47),(2793,'MOBILE','2023-02-11',6,47),(2794,'MOBILE','2023-02-10',38,47),(2795,'MOBILE','2023-02-09',12,47),(2796,'MOBILE','2023-02-08',4,47),(2797,'MOBILE','2023-02-07',21,47),(2798,'MOBILE','2023-02-06',30,47),(2799,'MOBILE','2023-02-05',46,47),(2800,'MOBILE','2023-02-04',22,47),(2801,'ALGORITHM','2023-02-03',45,47),(2802,'ALGORITHM','2023-02-02',2,47),(2803,'ALGORITHM','2023-02-01',17,47),(2804,'ALGORITHM','2023-01-31',21,47),(2805,'ALGORITHM','2023-01-30',33,47),(2806,'ALGORITHM','2023-01-29',44,47),(2807,'ALGORITHM','2023-01-28',31,47),(2808,'ALGORITHM','2023-01-27',32,47),(2809,'ALGORITHM','2023-01-26',42,47),(2810,'ALGORITHM','2023-01-25',30,47),(2811,'CS','2023-01-24',15,47),(2812,'CS','2023-01-23',12,47),(2813,'CS','2023-01-22',46,47),(2814,'CS','2023-01-21',6,47),(2815,'CS','2023-01-20',37,47),(2816,'CS','2023-01-19',4,47),(2817,'CS','2023-01-18',31,47),(2818,'CS','2023-01-17',18,47),(2819,'CS','2023-01-16',42,47),(2820,'CS','2023-01-15',45,47),(2821,'FRONT-END','2023-02-13',3,48),(2822,'FRONT-END','2023-02-12',34,48),(2823,'FRONT-END','2023-02-11',24,48),(2824,'FRONT-END','2023-02-10',20,48),(2825,'FRONT-END','2023-02-09',30,48),(2826,'FRONT-END','2023-02-08',37,48),(2827,'FRONT-END','2023-02-07',41,48),(2828,'FRONT-END','2023-02-06',4,48),(2829,'FRONT-END','2023-02-05',24,48),(2830,'FRONT-END','2023-02-04',11,48),(2831,'BACK-END','2023-02-03',19,48),(2832,'BACK-END','2023-02-02',8,48),(2833,'BACK-END','2023-02-01',49,48),(2834,'BACK-END','2023-01-31',43,48),(2835,'BACK-END','2023-01-30',17,48),(2836,'BACK-END','2023-01-29',39,48),(2837,'BACK-END','2023-01-28',5,48),(2838,'BACK-END','2023-01-27',32,48),(2839,'BACK-END','2023-01-26',12,48),(2840,'BACK-END','2023-01-25',15,48),(2841,'INFRA','2023-01-24',14,48),(2842,'INFRA','2023-01-23',28,48),(2843,'INFRA','2023-01-22',37,48),(2844,'INFRA','2023-01-21',24,48),(2845,'INFRA','2023-01-20',39,48),(2846,'INFRA','2023-01-19',6,48),(2847,'INFRA','2023-01-18',25,48),(2848,'INFRA','2023-01-17',35,48),(2849,'INFRA','2023-01-16',35,48),(2850,'INFRA','2023-01-15',38,48),(2851,'MOBILE','2023-02-13',3,48),(2852,'MOBILE','2023-02-12',49,48),(2853,'MOBILE','2023-02-11',2,48),(2854,'MOBILE','2023-02-10',14,48),(2855,'MOBILE','2023-02-09',16,48),(2856,'MOBILE','2023-02-08',21,48),(2857,'MOBILE','2023-02-07',44,48),(2858,'MOBILE','2023-02-06',3,48),(2859,'MOBILE','2023-02-05',16,48),(2860,'MOBILE','2023-02-04',36,48),(2861,'ALGORITHM','2023-02-03',22,48),(2862,'ALGORITHM','2023-02-02',49,48),(2863,'ALGORITHM','2023-02-01',36,48),(2864,'ALGORITHM','2023-01-31',49,48),(2865,'ALGORITHM','2023-01-30',8,48),(2866,'ALGORITHM','2023-01-29',10,48),(2867,'ALGORITHM','2023-01-28',46,48),(2868,'ALGORITHM','2023-01-27',39,48),(2869,'ALGORITHM','2023-01-26',45,48),(2870,'ALGORITHM','2023-01-25',17,48),(2871,'CS','2023-01-24',45,48),(2872,'CS','2023-01-23',17,48),(2873,'CS','2023-01-22',45,48),(2874,'CS','2023-01-21',7,48),(2875,'CS','2023-01-20',44,48),(2876,'CS','2023-01-19',39,48),(2877,'CS','2023-01-18',48,48),(2878,'CS','2023-01-17',40,48),(2879,'CS','2023-01-16',5,48),(2880,'CS','2023-01-15',28,48),(2881,'FRONT-END','2023-02-13',40,49),(2882,'FRONT-END','2023-02-12',48,49),(2883,'FRONT-END','2023-02-11',45,49),(2884,'FRONT-END','2023-02-10',9,49),(2885,'FRONT-END','2023-02-09',33,49),(2886,'FRONT-END','2023-02-08',26,49),(2887,'FRONT-END','2023-02-07',31,49),(2888,'FRONT-END','2023-02-06',16,49),(2889,'FRONT-END','2023-02-05',20,49),(2890,'FRONT-END','2023-02-04',11,49),(2891,'BACK-END','2023-02-03',7,49),(2892,'BACK-END','2023-02-02',46,49),(2893,'BACK-END','2023-02-01',23,49),(2894,'BACK-END','2023-01-31',8,49),(2895,'BACK-END','2023-01-30',17,49),(2896,'BACK-END','2023-01-29',32,49),(2897,'BACK-END','2023-01-28',46,49),(2898,'BACK-END','2023-01-27',11,49),(2899,'BACK-END','2023-01-26',23,49),(2900,'BACK-END','2023-01-25',24,49),(2901,'INFRA','2023-01-24',27,49),(2902,'INFRA','2023-01-23',6,49),(2903,'INFRA','2023-01-22',24,49),(2904,'INFRA','2023-01-21',40,49),(2905,'INFRA','2023-01-20',9,49),(2906,'INFRA','2023-01-19',44,49),(2907,'INFRA','2023-01-18',28,49),(2908,'INFRA','2023-01-17',27,49),(2909,'INFRA','2023-01-16',20,49),(2910,'INFRA','2023-01-15',39,49),(2911,'MOBILE','2023-02-13',6,49),(2912,'MOBILE','2023-02-12',46,49),(2913,'MOBILE','2023-02-11',12,49),(2914,'MOBILE','2023-02-10',12,49),(2915,'MOBILE','2023-02-09',4,49),(2916,'MOBILE','2023-02-08',42,49),(2917,'MOBILE','2023-02-07',23,49),(2918,'MOBILE','2023-02-06',47,49),(2919,'MOBILE','2023-02-05',43,49),(2920,'MOBILE','2023-02-04',46,49),(2921,'ALGORITHM','2023-02-03',19,49),(2922,'ALGORITHM','2023-02-02',47,49),(2923,'ALGORITHM','2023-02-01',28,49),(2924,'ALGORITHM','2023-01-31',14,49),(2925,'ALGORITHM','2023-01-30',8,49),(2926,'ALGORITHM','2023-01-29',48,49),(2927,'ALGORITHM','2023-01-28',18,49),(2928,'ALGORITHM','2023-01-27',40,49),(2929,'ALGORITHM','2023-01-26',44,49),(2930,'ALGORITHM','2023-01-25',48,49),(2931,'CS','2023-01-24',1,49),(2932,'CS','2023-01-23',45,49),(2933,'CS','2023-01-22',37,49),(2934,'CS','2023-01-21',4,49),(2935,'CS','2023-01-20',48,49),(2936,'CS','2023-01-19',19,49),(2937,'CS','2023-01-18',15,49),(2938,'CS','2023-01-17',32,49),(2939,'CS','2023-01-16',28,49),(2940,'CS','2023-01-15',26,49),(2941,'FRONT-END','2023-02-13',39,50),(2942,'FRONT-END','2023-02-12',46,50),(2943,'FRONT-END','2023-02-11',31,50),(2944,'FRONT-END','2023-02-10',4,50),(2945,'FRONT-END','2023-02-09',46,50),(2946,'FRONT-END','2023-02-08',37,50),(2947,'FRONT-END','2023-02-07',4,50),(2948,'FRONT-END','2023-02-06',15,50),(2949,'FRONT-END','2023-02-05',3,50),(2950,'FRONT-END','2023-02-04',7,50),(2951,'BACK-END','2023-02-03',23,50),(2952,'BACK-END','2023-02-02',9,50),(2953,'BACK-END','2023-02-01',34,50),(2954,'BACK-END','2023-01-31',4,50),(2955,'BACK-END','2023-01-30',48,50),(2956,'BACK-END','2023-01-29',2,50),(2957,'BACK-END','2023-01-28',19,50),(2958,'BACK-END','2023-01-27',41,50),(2959,'BACK-END','2023-01-26',14,50),(2960,'BACK-END','2023-01-25',45,50),(2961,'INFRA','2023-01-24',35,50),(2962,'INFRA','2023-01-23',42,50),(2963,'INFRA','2023-01-22',30,50),(2964,'INFRA','2023-01-21',27,50),(2965,'INFRA','2023-01-20',19,50),(2966,'INFRA','2023-01-19',5,50),(2967,'INFRA','2023-01-18',13,50),(2968,'INFRA','2023-01-17',45,50),(2969,'INFRA','2023-01-16',7,50),(2970,'INFRA','2023-01-15',41,50),(2971,'MOBILE','2023-02-13',0,50),(2972,'MOBILE','2023-02-12',2,50),(2973,'MOBILE','2023-02-11',33,50),(2974,'MOBILE','2023-02-10',43,50),(2975,'MOBILE','2023-02-09',1,50),(2976,'MOBILE','2023-02-08',17,50),(2977,'MOBILE','2023-02-07',17,50),(2978,'MOBILE','2023-02-06',6,50),(2979,'MOBILE','2023-02-05',29,50),(2980,'MOBILE','2023-02-04',25,50),(2981,'ALGORITHM','2023-02-03',19,50),(2982,'ALGORITHM','2023-02-02',39,50),(2983,'ALGORITHM','2023-02-01',38,50),(2984,'ALGORITHM','2023-01-31',33,50),(2985,'ALGORITHM','2023-01-30',1,50),(2986,'ALGORITHM','2023-01-29',46,50),(2987,'ALGORITHM','2023-01-28',18,50),(2988,'ALGORITHM','2023-01-27',20,50),(2989,'ALGORITHM','2023-01-26',18,50),(2990,'ALGORITHM','2023-01-25',48,50),(2991,'CS','2023-01-24',0,50),(2992,'CS','2023-01-23',10,50),(2993,'CS','2023-01-22',13,50),(2994,'CS','2023-01-21',25,50),(2995,'CS','2023-01-20',39,50),(2996,'CS','2023-01-19',16,50),(2997,'CS','2023-01-18',35,50),(2998,'CS','2023-01-17',47,50),(2999,'CS','2023-01-16',9,50),(3000,'CS','2023-01-15',42,50);

INSERT INTO `ranking` (
  `rank_seq`,
  `rank_group` ,
  `rank_type` ,
  `rank_order` ,
  `rank_name` ,
  `rank_time`,
  `rank_image` ,
  `rank_target_seq`
)VALUES (1,'GROUP','WEEK',1,'React 스터디',345,8,38),
(2,'GROUP','WEEK',2,'Three.js 공부 및 프로젝트 스터디',332,8,31),
(3,'GROUP','WEEK',3,'Java / Spring 백엔드 신입 or 저연차 취업 스터디!!',327,8,3),
(4,'GROUP','WEEK',4,'자바 기초 스터디',318,8,22),
(5,'GROUP','WEEK',5,'Terraform 을 이용한 인프라 자동화',315,8,36),
(6,'GROUP','WEEK',6,'[2월] 프로그래머스 고득점 KIT 스터디 : 온라인+오프라인(선택)',307,8,14),
(7,'GROUP','WEEK',7,'온라인 모각코',299,8,13),
(8,'GROUP','WEEK',8,'nodejs 스터디 모집',287,8,46),
(9,'GROUP','WEEK',9,'비전공자 스터디',282,8,16),
(10,'GROUP','WEEK',10,'같이 취업준비 하실 분 구합니다',282,8,30),
(11,'GROUP','MONTH',1,'Terraform 을 이용한 인프라 자동화',1780,8,36),
(12,'GROUP','MONTH',2,'Vue3 스터디 모집',1711,8,18),
(13,'GROUP','MONTH',3,'Java / Spring 백엔드 신입 or 저연차 취업 스터디!!',1665,8,3),
(14,'GROUP','MONTH',4,'안드로이드 초보 스터디 모집',1657,8,33),
(15,'GROUP','MONTH',5,'쿠버네티스 CKA자격증 대비반 2기',1640,8,15),
(16,'GROUP','MONTH',6,'Git & Github 실무 활용 스터디',1637,8,40),
(17,'GROUP','MONTH',7,'Spring security',1622,8,45),
(18,'GROUP','MONTH',8,'React 스터디',1616,8,38),
(19,'GROUP','MONTH',9,'도커 스터디',1575,8,34),
(20,'GROUP','MONTH',10,'자바 기초 스터디',1566,8,22),
(21,'PERSON','WEEK',1,'은하철도구부려',275,1,7),
(22,'PERSON','WEEK',2,'친정간금자씨',267,1,5),
(23,'PERSON','WEEK',3,'모르는게산책',252,1,10),
(24,'PERSON','WEEK',4,'올리비아핫바',228,1,4),
(25,'PERSON','WEEK',5,'오드리될뻔',215,1,3),
(26,'PERSON','WEEK',6,'추적60인분',209,1,2),
(27,'PERSON','WEEK',7,'옥수수콧수염차',201,1,6),
(28,'PERSON','WEEK',8,'순대렐라',197,1,9),
(29,'PERSON','WEEK',9,'잠든건',188,1,1),
(30,'PERSON','WEEK',10,'카드값줘체리',132,1,8),
(31,'PERSON','MONTH',1,'모르는게산책',1582,1,10),
(32,'PERSON','MONTH',2,'은하철도구부려',1486,1,7),
(33,'PERSON','MONTH',3,'순대렐라',1479,1,9),
(34,'PERSON','MONTH',4,'옥수수콧수염차',1424,1,6),
(35,'PERSON','MONTH',5,'친정간금자씨',1382,1,5),
(36,'PERSON','MONTH',6,'올리비아핫바',1377,1,4),
(37,'PERSON','MONTH',7,'오드리될뻔',1366,1,3),
(38,'PERSON','MONTH',8,'추적60인분',1353,1,2),
(39,'PERSON','MONTH',9,'잠든건',1342,1,1),
(40,'PERSON','MONTH',10,'카드값줘체리',1277,1,8);
